timesTamp,parameterName,sensorId,RMSVelocityH,RMSVelocityV,RMSVelocityA,mae,anomaly,severity
2025-11-11 18:30:00,Pump_1,189310001,1.971,2.716,2.237,0.02272663495649402,True,Leve
2025-11-11 19:00:00,Pump_1,189310001,1.97,2.725,2.225,0.022794899806541275,True,Leve
2025-11-11 19:30:00,Pump_1,189310001,1.981,2.723,2.227,0.022889400438548806,True,Leve
2025-11-11 20:00:00,Pump_1,189310001,1.98,2.72,2.219,0.02303238947772419,True,Leve
2025-11-11 20:30:00,Pump_1,189310001,1.979,2.73,2.217,0.023162142044578466,True,Leve
2025-11-11 21:00:00,Pump_1,189310001,1.982,2.717,2.231,0.023420942373833416,True,Leve
2025-11-11 21:30:00,Pump_1,189310001,1.974,2.728,2.223,0.023573337910116034,True,Leve
2025-11-11 22:00:00,Pump_1,189310001,1.977,2.729,2.22,0.023613795566525552,True,Leve
2025-11-11 22:30:00,Pump_1,189310001,1.973,2.726,2.233,0.02378993746414216,True,Leve
2025-11-11 23:00:00,Pump_1,189310001,1.974,2.725,2.229,0.023756775017131308,True,Leve
2025-11-11 23:30:00,Pump_1,189310001,1.977,2.727,2.231,0.023726413346293176,True,Leve
2025-11-12 00:00:00,Pump_1,189310001,1.983,2.725,2.225,0.02379033606296403,True,Leve
2025-11-12 00:30:00,Pump_1,189310001,1.985,2.723,2.231,0.023860805111832965,True,Leve
2025-11-12 01:00:00,Pump_1,189310001,1.97,2.734,2.226,0.023887163916167513,True,Leve
2025-11-12 01:30:00,Pump_1,189310001,1.976,2.725,2.217,0.02395933098783797,True,Leve
2025-11-12 02:00:00,Pump_1,189310001,1.974,2.736,2.216,0.024072946039640872,True,Leve
2025-11-12 02:30:00,Pump_1,189310001,1.969,2.736,2.227,0.02416030405060884,True,Leve
2025-11-12 03:00:00,Pump_1,189310001,1.97,2.742,2.221,0.02422050736474602,True,Leve
2025-11-12 03:30:00,Pump_1,189310001,1.976,2.725,2.222,0.024396359028916195,True,Leve
2025-11-12 04:00:00,Pump_1,189310001,1.978,2.744,2.217,0.024394532346238076,True,Leve
2025-11-12 04:30:00,Pump_1,189310001,1.969,2.741,2.226,0.024522073035229273,True,Leve
2025-11-12 05:00:00,Pump_1,189310001,1.98,2.726,2.224,0.02465417512286655,True,Leve
2025-11-12 05:30:00,Pump_1,189310001,1.968,2.729,2.231,0.024771466012573,True,Leve
2025-11-12 06:00:00,Pump_1,189310001,1.976,2.734,2.225,0.02478424221039694,True,Leve
2025-11-12 06:30:00,Pump_1,189310001,1.97,2.741,2.217,0.024812659763047126,True,Leve
2025-11-12 07:00:00,Pump_1,189310001,1.978,2.735,2.224,0.024993659215877158,True,Leve
2025-11-12 07:30:00,Pump_1,189310001,1.976,2.73,2.232,0.025086337434359292,True,Leve
2025-11-12 08:00:00,Pump_1,189310001,1.984,2.739,2.218,0.025046002631955062,True,Leve
2025-11-12 08:30:00,Pump_1,189310001,1.987,2.749,2.217,0.02515245626421377,True,Leve
2025-11-12 09:00:00,Pump_1,189310001,1.971,2.737,2.214,0.025294432578177976,True,Leve
2025-11-12 09:30:00,Pump_1,189310001,1.979,2.735,2.212,0.02538042427909634,True,Leve
2025-11-12 10:00:00,Pump_1,189310001,1.984,2.736,2.215,0.025497872609709718,True,Leve
2025-11-12 10:30:00,Pump_1,189310001,1.97,2.748,2.214,0.025599293806530306,True,Leve
2025-11-12 11:00:00,Pump_1,189310001,1.987,2.749,2.214,0.02576165903717551,True,Leve
2025-11-12 11:30:00,Pump_1,189310001,1.988,2.736,2.228,0.02600796768477091,True,Leve
2025-11-12 12:00:00,Pump_1,189310001,1.97,2.754,2.226,0.026105281262557095,True,Leve
2025-11-12 12:30:00,Pump_1,189310001,1.973,2.751,2.215,0.026128617380420098,True,Leve
2025-11-12 13:00:00,Pump_1,189310001,1.979,2.75,2.21,0.02623179911335079,True,Leve
2025-11-12 13:30:00,Pump_1,189310001,1.983,3.331,2.228,0.02642886391908962,True,Leve
2025-11-12 14:00:00,Pump_1,189310001,1.97,2.748,2.218,0.029161091377585553,True,Leve
2025-11-12 14:30:00,Pump_1,189310001,1.978,2.748,2.22,0.029155027301352925,True,Leve
2025-11-12 15:00:00,Pump_1,189310001,1.975,2.751,2.21,0.02925680529012358,True,Leve
2025-11-12 15:30:00,Pump_1,189310001,1.977,2.742,2.219,0.02935421934198758,True,Leve
2025-11-12 16:00:00,Pump_1,189310001,1.986,2.75,2.22,0.02939697992999811,True,Leve
2025-11-12 16:30:00,Pump_1,189310001,1.986,2.745,2.227,0.02942589060685555,True,Leve
2025-11-12 17:00:00,Pump_1,189310001,1.972,2.742,2.208,0.029490124380917866,True,Leve
2025-11-12 17:30:00,Pump_1,189310001,1.974,2.752,2.221,0.029527506522340357,True,Leve
2025-11-12 18:00:00,Pump_1,189310001,1.986,2.76,2.212,0.029641874081048236,True,Leve
2025-11-12 18:30:00,Pump_1,189310001,1.976,2.755,2.209,0.029816520870764092,True,Leve
2025-11-12 19:00:00,Pump_1,189310001,1.975,2.762,2.218,0.029896239329593066,True,Leve
2025-11-12 19:30:00,Pump_1,189310001,1.973,2.752,2.212,0.029951850057553266,True,Leve
2025-11-12 20:00:00,Pump_1,189310001,1.978,2.761,2.22,0.030041025090804047,True,Leve
2025-11-12 20:30:00,Pump_1,189310001,1.982,2.756,2.222,0.030019859454096742,True,Leve
2025-11-12 21:00:00,Pump_1,189310001,1.984,2.758,2.207,0.029932246578593596,True,Leve
2025-11-12 21:30:00,Pump_1,189310001,1.977,2.75,2.213,0.030073500617553303,True,Leve
2025-11-12 22:00:00,Pump_1,189310001,1.98,2.759,2.224,0.03006786982294951,True,Leve
2025-11-12 22:30:00,Pump_1,189310001,1.982,2.755,2.208,0.030055997849667608,True,Leve
2025-11-12 23:00:00,Pump_1,189310001,1.972,2.766,2.215,0.03016247791432352,True,Leve
2025-11-12 23:30:00,Pump_1,189310001,1.977,2.764,2.208,0.030138336869627327,True,Leve
2025-11-13 00:00:00,Pump_1,189310001,1.981,2.758,2.211,0.03028944599287388,True,Leve
2025-11-13 00:30:00,Pump_1,189310001,1.989,2.762,2.214,0.030462463197607918,True,Leve
2025-11-13 01:00:00,Pump_1,189310001,1.983,2.76,2.21,0.030656521491153665,True,Leve
2025-11-13 01:30:00,Pump_1,189310001,1.985,2.761,2.212,0.03079590544025275,True,Leve
2025-11-13 02:00:00,Pump_1,189310001,1.983,2.752,2.21,0.028929764190938574,True,Leve
2025-11-13 02:30:00,Pump_1,189310001,1.983,2.762,2.204,0.029056387183873007,True,Leve
2025-11-13 03:00:00,Pump_1,189310001,1.979,2.772,2.218,0.029218780657967187,True,Leve
2025-11-13 03:30:00,Pump_1,189310001,1.982,2.763,2.216,0.029293422450317012,True,Leve
2025-11-13 04:00:00,Pump_1,189310001,1.982,2.769,2.218,0.02941017141625791,True,Leve
2025-11-13 04:30:00,Pump_1,189310001,1.986,2.773,2.204,0.029462598299695244,True,Leve
2025-11-13 05:00:00,Pump_1,189310001,1.977,2.768,2.208,0.029675703338636575,True,Leve
2025-11-13 05:30:00,Pump_1,189310001,1.976,2.762,2.207,0.02980760752908714,True,Leve
2025-11-13 06:00:00,Pump_1,189310001,1.992,2.758,2.218,0.029922679194684703,True,Leve
2025-11-13 06:30:00,Pump_1,189310001,1.975,2.763,2.219,0.02991665468307096,True,Leve
2025-11-13 07:00:00,Pump_1,189310001,1.983,2.766,2.22,0.02989205290391024,True,Leve
2025-11-13 07:30:00,Pump_1,189310001,1.977,2.762,2.21,0.029943974119722716,True,Leve
2025-11-13 08:00:00,Pump_1,189310001,1.993,2.77,2.214,0.030014321323367357,True,Leve
2025-11-13 08:30:00,Pump_1,189310001,1.985,2.759,2.202,0.03016708855466911,True,Leve
2025-11-13 09:00:00,Pump_1,189310001,1.991,2.775,2.215,0.03028246225617738,True,Leve
2025-11-13 09:30:00,Pump_1,189310001,1.98,2.777,2.203,0.030352780907277777,True,Leve
2025-11-13 10:00:00,Pump_1,189310001,1.989,2.765,2.202,0.030526878263765274,True,Leve
2025-11-13 10:30:00,Pump_1,189310001,1.976,2.771,2.207,0.030702899487062743,True,Leve
2025-11-13 11:00:00,Pump_1,189310001,1.978,2.772,2.216,0.03073399255461229,True,Leve
2025-11-13 11:30:00,Pump_1,189310001,1.989,2.78,2.208,0.03078937127133467,True,Leve
2025-11-13 12:00:00,Pump_1,189310001,1.988,2.78,2.217,0.030934272403594112,True,Leve
2025-11-13 12:30:00,Pump_1,189310001,1.982,2.777,2.208,0.03103332786783941,True,Leve
2025-11-13 13:00:00,Pump_1,189310001,1.982,2.776,2.208,0.031078142229062515,True,Leve
2025-11-13 13:30:00,Pump_1,189310001,1.985,2.766,2.208,0.031144903633066417,True,Leve
2025-11-13 14:00:00,Pump_1,189310001,1.993,2.769,2.205,0.031177397528873392,True,Leve
2025-11-13 14:30:00,Pump_1,189310001,1.978,2.768,2.213,0.03132452028206022,True,Leve
2025-11-13 15:00:00,Pump_1,189310001,1.993,2.781,2.207,0.031276121874735524,True,Leve
2025-11-13 15:30:00,Pump_1,189310001,1.979,2.784,2.203,0.031459394654427854,True,Leve
2025-11-13 16:00:00,Pump_1,189310001,1.98,2.781,2.216,0.031595087706833974,True,Leve
2025-11-13 16:30:00,Pump_1,189310001,1.978,2.769,2.216,0.03164010968723971,True,Leve
2025-11-13 17:00:00,Pump_1,189310001,1.983,2.782,2.209,0.0315162665042709,True,Leve
2025-11-13 17:30:00,Pump_1,189310001,1.98,2.78,2.21,0.031609358906351026,True,Leve
2025-11-13 18:00:00,Pump_1,189310001,1.974,2.782,2.201,0.03169233285459194,True,Leve
2025-11-13 18:30:00,Pump_1,189310001,1.989,2.774,2.215,0.0317578305043514,True,Leve
2025-11-13 19:00:00,Pump_1,189310001,1.975,2.781,2.206,0.03189328875921159,True,Leve
2025-11-13 19:30:00,Pump_1,189310001,1.983,2.773,2.219,0.03196598491030554,True,Leve
2025-11-13 20:00:00,Pump_1,189310001,1.983,2.774,2.216,0.0319875023015834,True,Leve
2025-11-13 20:30:00,Pump_1,189310001,1.983,2.783,2.208,0.031918318683576405,True,Leve
2025-11-13 21:00:00,Pump_1,189310001,1.973,2.767,2.205,0.03196921900165871,True,Leve
2025-11-13 21:30:00,Pump_1,189310001,1.966,2.778,2.212,0.03186765158772921,True,Leve
2025-11-13 22:00:00,Pump_1,189310001,1.984,2.772,2.207,0.031746572456699346,True,Leve
2025-11-13 22:30:00,Pump_1,189310001,1.967,2.785,2.219,0.03171854518559894,True,Leve
2025-11-13 23:00:00,Pump_1,189310001,1.973,2.775,2.22,0.03166734108500182,True,Leve
2025-11-13 23:30:00,Pump_1,189310001,1.982,2.782,2.218,0.03162450984032446,True,Leve
2025-11-14 00:00:00,Pump_1,189310001,1.972,2.787,2.213,0.03154552672722074,True,Leve
2025-11-14 00:30:00,Pump_1,189310001,1.969,2.769,2.221,0.0314982412490271,True,Leve
2025-11-14 01:00:00,Pump_1,189310001,1.965,2.772,2.213,0.03131419844195823,True,Leve
2025-11-14 01:30:00,Pump_1,189310001,1.978,2.781,2.207,0.031166154567218038,True,Leve
2025-11-14 02:00:00,Pump_1,189310001,1.963,2.775,2.206,0.03118854681200652,True,Leve
2025-11-14 02:30:00,Pump_1,189310001,1.978,2.769,2.22,0.031029722593553785,True,Leve
2025-11-14 03:00:00,Pump_1,189310001,1.97,2.777,2.222,0.03099029601447249,True,Leve
2025-11-14 03:30:00,Pump_1,189310001,1.966,2.785,2.224,0.030767475408812653,True,Leve
2025-11-14 04:00:00,Pump_1,189310001,1.958,2.778,2.209,0.030602540602241126,True,Leve
2025-11-14 04:30:00,Pump_1,189310001,1.96,2.771,2.225,0.030497329633850705,True,Leve
2025-11-14 05:00:00,Pump_1,189310001,2.502,2.773,2.218,0.03034304536466168,True,Leve
2025-11-14 05:30:00,Pump_1,189310001,1.969,2.78,2.214,0.03337318551219819,True,Crítica
2025-11-14 06:00:00,Pump_1,189310001,1.969,2.782,2.212,0.033263798769674925,True,Crítica
2025-11-14 06:30:00,Pump_1,189310001,1.959,2.781,2.225,0.033161562790857566,True,Crítica
2025-11-14 07:00:00,Pump_1,189310001,1.96,2.772,2.209,0.032924452741942487,True,Crítica
2025-11-14 07:30:00,Pump_1,189310001,1.956,2.786,2.227,0.03275448427726199,True,Crítica
2025-11-14 08:00:00,Pump_1,189310001,1.952,2.783,2.214,0.032565503515550605,True,Crítica
2025-11-14 08:30:00,Pump_1,189310001,1.964,2.779,2.221,0.03239025421658655,True,Leve
2025-11-14 09:00:00,Pump_1,189310001,1.959,2.778,2.21,0.03216551183177162,True,Leve
2025-11-14 09:30:00,Pump_1,189310001,1.953,2.772,2.21,0.03207416615978465,True,Leve
2025-11-14 10:00:00,Pump_1,189310001,1.966,2.769,2.215,0.0319597311724874,True,Leve
2025-11-14 10:30:00,Pump_1,189310001,1.958,2.77,2.23,0.03177902109951577,True,Leve
2025-11-14 11:00:00,Pump_1,189310001,1.959,2.77,2.213,0.03159181317227272,True,Leve
2025-11-14 11:30:00,Pump_1,189310001,1.955,2.784,2.215,0.0315093338653723,True,Leve
2025-11-14 12:00:00,Pump_1,189310001,1.956,2.768,2.227,0.031372044000423906,True,Leve
2025-11-14 12:30:00,Pump_1,189310001,1.963,2.777,2.227,0.031133128880621214,True,Leve
2025-11-14 13:00:00,Pump_1,189310001,1.963,2.779,2.229,0.031105242307698858,True,Leve
2025-11-14 13:30:00,Pump_1,189310001,1.96,2.781,2.227,0.031064868101720648,True,Leve
2025-11-14 14:00:00,Pump_1,189310001,1.955,2.773,2.227,0.03089483775645073,True,Leve
2025-11-14 14:30:00,Pump_1,189310001,1.96,2.77,2.218,0.030783208214320266,True,Leve
2025-11-14 15:00:00,Pump_1,189310001,1.943,2.787,2.228,0.030736733449486686,True,Leve
2025-11-14 15:30:00,Pump_1,189310001,1.954,2.775,2.22,0.03065570274392374,True,Leve
2025-11-14 16:00:00,Pump_1,189310001,1.958,2.777,2.219,0.030638444968906744,True,Leve
2025-11-14 16:30:00,Pump_1,189310001,1.953,2.776,2.217,0.030661842507092568,True,Leve
2025-11-14 17:00:00,Pump_1,189310001,1.957,2.787,2.232,0.030727159538096332,True,Leve
2025-11-14 17:30:00,Pump_1,189310001,1.944,2.781,2.216,0.027580353885905223,True,Leve
2025-11-14 18:00:00,Pump_1,189310001,1.957,2.781,2.219,0.027445198506151777,True,Leve
2025-11-14 18:30:00,Pump_1,189310001,1.945,2.784,2.232,0.027358518775759955,True,Leve
2025-11-14 19:00:00,Pump_1,189310001,1.954,2.777,2.233,0.027248722974113085,True,Leve
2025-11-14 19:30:00,Pump_1,189310001,1.948,2.788,2.23,0.027126003973035367,True,Leve
2025-11-14 20:00:00,Pump_1,189310001,1.951,2.785,2.22,0.027069128282661552,True,Leve
2025-11-14 20:30:00,Pump_1,189310001,1.937,2.77,2.226,0.02705326984503853,True,Leve
2025-11-14 21:00:00,Pump_1,189310001,1.936,2.772,2.229,0.02683686199613624,True,Leve
2025-11-14 21:30:00,Pump_1,189310001,1.937,2.772,2.231,0.026599624343674605,True,Leve
2025-11-14 22:00:00,Pump_1,189310001,1.944,2.776,2.231,0.026415382330800017,True,Leve
2025-11-14 22:30:00,Pump_1,189310001,1.947,2.78,2.229,0.02626276196319094,True,Leve
2025-11-14 23:00:00,Pump_1,189310001,1.948,2.779,2.221,0.026248278247527887,True,Leve
2025-11-14 23:30:00,Pump_1,189310001,1.933,2.768,2.23,0.026214617136171302,True,Leve
2025-11-15 00:00:00,Pump_1,189310001,1.933,2.769,2.237,0.02596817498747189,True,Leve
2025-11-15 00:30:00,Pump_1,189310001,1.948,2.788,2.229,0.02579171728665739,True,Leve
2025-11-15 01:00:00,Pump_1,189310001,1.936,2.769,2.231,0.025768220794340706,True,Leve
2025-11-15 01:30:00,Pump_1,189310001,1.946,2.775,2.22,0.025574754032314587,True,Leve
2025-11-15 02:00:00,Pump_1,189310001,1.93,2.774,2.227,0.025527156107925372,True,Leve
2025-11-15 02:30:00,Pump_1,189310001,1.932,2.775,2.229,0.02539888788252701,True,Leve
2025-11-15 03:00:00,Pump_1,189310001,1.944,2.771,2.235,0.025240818955967182,True,Leve
2025-11-15 03:30:00,Pump_1,189310001,1.941,2.784,2.222,0.025148564968480433,True,Leve
2025-11-15 04:00:00,Pump_1,189310001,1.944,2.769,2.24,0.025143129247038376,True,Leve
2025-11-15 04:30:00,Pump_1,189310001,1.936,2.787,2.223,0.024966507916352593,True,Leve
2025-11-15 05:00:00,Pump_1,189310001,1.93,2.788,2.228,0.024935974855571127,True,Leve
2025-11-15 05:30:00,Pump_1,189310001,1.925,2.77,2.24,0.02483756750209281,True,Leve
2025-11-15 06:00:00,Pump_1,189310001,1.941,2.785,2.23,0.02459180857991989,True,Leve
2025-11-15 06:30:00,Pump_1,189310001,1.924,2.783,2.23,0.02452258931135075,True,Leve
2025-11-15 07:00:00,Pump_1,189310001,1.935,2.776,2.231,0.024419811316022208,True,Leve
2025-11-15 07:30:00,Pump_1,189310001,1.922,2.771,2.237,0.024342016013418573,True,Leve
2025-11-15 08:00:00,Pump_1,189310001,1.935,2.788,2.236,0.02410311861247999,True,Leve
2025-11-15 08:30:00,Pump_1,189310001,1.925,2.781,2.232,0.023996724497735298,True,Leve
2025-11-15 09:00:00,Pump_1,189310001,1.938,2.786,2.243,0.02395437953961253,True,Leve
2025-11-15 09:30:00,Pump_1,189310001,1.935,2.787,2.227,0.023961392246613634,True,Leve
2025-11-15 10:00:00,Pump_1,189310001,1.92,2.788,2.244,0.024043557446128738,True,Leve
2025-11-15 10:30:00,Pump_1,189310001,1.935,2.769,2.228,0.023909695179755615,True,Leve
2025-11-15 11:00:00,Pump_1,189310001,1.925,2.775,2.228,0.023832069235521492,True,Leve
2025-11-15 11:30:00,Pump_1,189310001,1.916,2.769,2.24,0.023702135527747803,True,Leve
2025-11-15 12:00:00,Pump_1,189310001,1.927,2.785,2.238,0.023585790753825556,True,Leve
2025-11-15 12:30:00,Pump_1,189310001,1.931,2.783,2.235,0.023610488405339428,True,Leve
2025-11-15 13:00:00,Pump_1,189310001,1.924,2.779,2.231,0.023509177963977255,True,Leve
2025-11-15 13:30:00,Pump_1,189310001,1.916,2.776,2.242,0.023501265873072948,True,Leve
2025-11-15 14:00:00,Pump_1,189310001,1.924,2.778,2.234,0.023299080924957433,True,Leve
2025-11-15 14:30:00,Pump_1,189310001,1.924,2.78,2.228,0.02326508404381579,True,Leve
2025-11-15 15:00:00,Pump_1,189310001,1.917,2.777,2.245,0.02326953483584102,True,Leve
2025-11-15 15:30:00,Pump_1,189310001,1.923,2.788,2.239,0.023121933514664354,True,Leve
2025-11-15 16:00:00,Pump_1,189310001,2.226,2.782,2.249,0.023013052078682143,True,Leve
2025-11-15 16:30:00,Pump_1,189310001,1.913,2.78,2.245,0.024730192272267637,True,Leve
2025-11-15 17:00:00,Pump_1,189310001,1.913,2.771,2.249,0.02450417845612583,True,Leve
2025-11-15 17:30:00,Pump_1,189310001,1.919,2.786,2.235,0.024276205892193876,True,Leve
2025-11-15 18:00:00,Pump_1,189310001,1.91,2.78,2.243,0.02426681152070808,True,Leve
2025-11-15 18:30:00,Pump_1,189310001,1.911,2.782,2.249,0.024131592434235762,True,Leve
2025-11-15 19:00:00,Pump_1,189310001,1.912,2.785,2.244,0.023985815815302933,True,Leve
2025-11-15 19:30:00,Pump_1,189310001,1.918,2.766,2.24,0.02396531455100408,True,Leve
2025-11-15 20:00:00,Pump_1,189310001,1.91,2.77,2.241,0.02382212195597431,True,Leve
2025-11-15 20:30:00,Pump_1,189310001,1.92,2.781,2.246,0.023701344794799597,True,Leve
2025-11-15 21:00:00,Pump_1,189310001,1.908,2.775,2.239,0.023579905687621746,True,Leve
2025-11-15 21:30:00,Pump_1,189310001,1.907,2.767,2.238,0.02354331740348364,True,Leve
2025-11-15 22:00:00,Pump_1,189310001,1.92,2.782,2.23,0.023444300088192465,True,Leve
2025-11-15 22:30:00,Pump_1,189310001,1.919,2.773,2.24,0.023420056076351028,True,Leve
2025-11-15 23:00:00,Pump_1,189310001,1.918,2.771,2.241,0.023415020078177293,True,Leve
2025-11-15 23:30:00,Pump_1,189310001,1.92,2.778,2.244,0.023338053394756492,True,Leve
2025-11-16 00:00:00,Pump_1,189310001,1.919,2.775,2.248,0.02327258534923471,True,Leve
2025-11-16 00:30:00,Pump_1,189310001,1.912,2.774,2.238,0.023164287063495697,True,Leve
2025-11-16 01:00:00,Pump_1,189310001,1.911,2.774,2.236,0.023214659504672313,True,Leve
2025-11-16 01:30:00,Pump_1,189310001,1.919,2.77,2.246,0.023192349044287495,True,Leve
2025-11-16 02:00:00,Pump_1,189310001,1.905,2.774,2.245,0.02311475610973058,True,Leve
2025-11-16 02:30:00,Pump_1,189310001,1.924,2.775,2.243,0.023140014684071404,True,Leve
2025-11-16 03:00:00,Pump_1,189310001,1.922,2.777,2.239,0.023051252927235682,True,Leve
2025-11-16 03:30:00,Pump_1,189310001,1.923,2.771,2.234,0.023031432249975822,True,Leve
2025-11-16 04:00:00,Pump_1,189310001,1.921,2.763,2.248,0.02296365634193616,True,Leve
2025-11-20 03:30:00,Pump_1,189310001,1.852,2.698,2.235,0.022802346478446978,True,Leve
2025-11-20 04:00:00,Pump_1,189310001,1.856,2.705,2.243,0.02281571001605395,True,Leve
2025-11-20 04:30:00,Pump_1,189310001,1.843,2.694,2.235,0.022840344839264302,True,Leve
2025-11-20 05:00:00,Pump_1,189310001,1.845,2.701,2.25,0.023074593717939258,True,Leve
2025-11-20 05:30:00,Pump_1,189310001,1.857,2.7,2.244,0.023170880032587327,True,Leve
2025-11-20 06:00:00,Pump_1,189310001,1.855,2.686,2.243,0.023196343255598037,True,Leve
2025-11-20 06:30:00,Pump_1,189310001,1.844,2.694,2.252,0.02318952294465252,True,Leve
2025-11-20 07:00:00,Pump_1,189310001,1.857,2.694,2.254,0.023234686379695002,True,Leve
2025-11-20 07:30:00,Pump_1,189310001,1.85,2.692,2.236,0.023130432509159436,True,Leve
2025-11-20 08:00:00,Pump_1,189310001,1.839,2.681,2.24,0.023126002226628948,True,Leve
2025-11-20 08:30:00,Pump_1,189310001,1.844,2.695,2.239,0.023276264145395718,True,Leve
2025-11-20 09:00:00,Pump_1,189310001,1.853,2.686,2.255,0.023406541202451885,True,Leve
2025-11-20 09:30:00,Pump_1,189310001,1.847,2.683,2.237,0.023304623426292054,True,Leve
2025-11-20 10:00:00,Pump_1,189310001,1.843,2.695,2.241,0.02329728874894008,True,Leve
2025-11-20 10:30:00,Pump_1,189310001,1.854,2.679,2.246,0.02338169765835249,True,Leve
2025-11-20 11:00:00,Pump_1,189310001,1.842,2.695,2.242,0.023218975870170837,True,Leve
2025-11-20 11:30:00,Pump_1,189310001,1.851,2.692,2.25,0.02326720625676017,True,Leve
2025-11-20 12:00:00,Pump_1,189310001,1.849,2.691,2.248,0.023165384772524986,True,Leve
2025-11-20 12:30:00,Pump_1,189310001,1.838,2.688,2.248,0.023057938124647823,True,Leve
2025-11-20 13:00:00,Pump_1,189310001,1.847,2.682,2.254,0.02300604979472016,True,Leve
2025-11-20 13:30:00,Pump_1,189310001,1.846,2.686,2.24,0.022705407093368234,True,Leve
2025-11-20 21:30:00,Pump_1,189310001,1.845,2.664,2.257,0.022853716250649102,True,Leve
2025-11-20 22:00:00,Pump_1,189310001,1.841,2.674,2.249,0.02281886469301583,True,Leve
2025-11-20 22:30:00,Pump_1,189310001,1.832,2.665,2.246,0.0228496751201628,True,Leve
2025-11-20 23:00:00,Pump_1,189310001,1.828,2.662,2.252,0.023025071799428698,True,Leve
2025-11-20 23:30:00,Pump_1,189310001,1.829,2.662,2.254,0.023034166830825063,True,Leve
2025-11-21 00:00:00,Pump_1,189310001,1.839,2.658,2.257,0.023091610040141812,True,Leve
2025-11-21 00:30:00,Pump_1,189310001,1.826,2.659,2.25,0.023007271510379654,True,Leve
2025-11-21 01:00:00,Pump_1,189310001,1.831,2.676,2.247,0.02297201351403489,True,Leve
2025-11-21 01:30:00,Pump_1,189310001,1.84,2.661,2.253,0.02303740880572648,True,Leve
2025-11-21 02:00:00,Pump_1,189310001,1.823,2.667,2.257,0.02280071636177211,True,Leve
2025-11-26 09:30:00,Pump_1,189310001,1.833,2.533,2.226,0.022731770750181624,True,Leve
2025-11-26 10:00:00,Pump_1,189310001,1.827,2.523,2.221,0.023392533270681366,True,Leve
2025-11-26 10:30:00,Pump_1,189310001,1.825,2.526,2.215,0.023993208605665554,True,Leve
2025-11-26 11:00:00,Pump_1,189310001,1.827,2.524,2.219,0.024358712693695914,True,Leve
2025-11-26 11:30:00,Pump_1,189310001,1.834,2.516,2.212,0.02468884139465477,True,Leve
2025-11-26 12:00:00,Pump_1,189310001,2.355,2.52,2.219,0.025000963416122582,True,Leve
2025-11-26 12:30:00,Pump_1,189310001,1.835,2.527,2.218,0.028304160758131677,True,Leve
2025-11-26 13:00:00,Pump_1,189310001,1.83,2.525,2.217,0.023926796295602796,True,Leve
2025-11-26 13:30:00,Pump_1,189310001,1.833,2.51,2.228,0.024427868750768602,True,Leve
2025-11-26 14:00:00,Pump_1,189310001,1.842,2.514,2.219,0.02465073874779433,True,Leve
2025-11-26 14:30:00,Pump_1,189310001,1.832,2.515,2.221,0.024840631767708145,True,Leve
2025-11-26 15:00:00,Pump_1,189310001,1.847,2.515,2.209,0.024983178786840324,True,Leve
2025-12-03 08:00:00,Pump_1,189310001,1.949,2.348,2.208,0.02275744282605048,True,Leve
2025-12-03 08:30:00,Pump_1,189310001,1.957,2.347,2.211,0.022850683654743312,True,Leve
2025-12-03 09:00:00,Pump_1,189310001,1.941,2.351,2.223,0.022964286241364495,True,Leve
2025-12-03 09:30:00,Pump_1,189310001,1.941,2.35,2.222,0.02298794141234756,True,Leve
2025-12-03 10:00:00,Pump_1,189310001,1.95,2.351,2.216,0.0230108204472871,True,Leve
2025-12-03 10:30:00,Pump_1,189310001,1.957,2.339,2.209,0.023058312312579952,True,Leve
2025-12-03 11:00:00,Pump_1,189310001,1.957,2.356,2.224,0.023223135413183278,True,Leve
2025-12-03 11:30:00,Pump_1,189310001,1.951,2.347,2.216,0.02325803045914563,True,Leve
2025-12-03 12:00:00,Pump_1,189310001,1.943,2.346,2.22,0.023378729741024014,True,Leve
2025-12-03 12:30:00,Pump_1,189310001,1.957,2.349,2.216,0.02346868379950983,True,Leve
2025-12-03 13:00:00,Pump_1,189310001,1.951,2.35,2.214,0.02355862455810494,True,Leve
2025-12-03 13:30:00,Pump_1,189310001,1.957,2.349,2.224,0.023564694066913233,True,Leve
2025-12-03 14:00:00,Pump_1,189310001,1.956,2.336,2.215,0.02364610149022214,True,Leve
2025-12-03 14:30:00,Pump_1,189310001,1.954,2.354,2.225,0.02379976831834829,True,Leve
2025-12-03 15:00:00,Pump_1,189310001,1.965,2.343,2.209,0.023800882772091112,True,Leve
2025-12-03 15:30:00,Pump_1,189310001,1.949,2.336,2.223,0.024009572865824797,True,Leve
2025-12-03 16:00:00,Pump_1,189310001,1.955,2.349,2.213,0.02403083769724412,True,Leve
2025-12-03 16:30:00,Pump_1,189310001,1.952,2.339,2.222,0.024219497420407927,True,Leve
2025-12-03 17:00:00,Pump_1,189310001,1.963,2.337,2.211,0.024249551125389086,True,Leve
2025-12-03 17:30:00,Pump_1,189310001,1.962,2.344,2.212,0.024403120748893854,True,Leve
2025-12-03 18:00:00,Pump_1,189310001,1.956,2.344,2.224,0.02453887322041479,True,Leve
2025-12-03 18:30:00,Pump_1,189310001,1.95,2.333,2.219,0.02455309450460222,True,Leve
2025-12-03 19:00:00,Pump_1,189310001,1.956,2.34,2.219,0.024598802298566633,True,Leve
2025-12-03 19:30:00,Pump_1,189310001,1.96,2.34,2.222,0.024561511550708882,True,Leve
2025-12-03 20:00:00,Pump_1,189310001,1.969,2.334,2.214,0.024601247801550763,True,Leve
2025-12-03 20:30:00,Pump_1,189310001,1.954,2.33,2.221,0.024713330546826475,True,Leve
2025-12-03 21:00:00,Pump_1,189310001,1.97,2.34,2.206,0.02469451557149898,True,Leve
2025-12-03 21:30:00,Pump_1,189310001,1.962,2.341,2.221,0.024957615304389794,True,Leve
2025-12-03 22:00:00,Pump_1,189310001,1.96,2.336,2.217,0.025082551502166955,True,Leve
2025-12-03 22:30:00,Pump_1,189310001,1.956,2.329,2.223,0.02515988912625273,True,Leve
2025-12-03 23:00:00,Pump_1,189310001,1.962,2.34,2.216,0.025103058282719033,True,Leve
2025-12-03 23:30:00,Pump_1,189310001,1.956,2.34,2.208,0.025206522454236727,True,Leve
2025-12-04 00:00:00,Pump_1,189310001,1.972,2.34,2.217,0.025263178512697968,True,Leve
2025-12-04 00:30:00,Pump_1,189310001,1.958,2.344,2.214,0.025430104221321234,True,Leve
2025-12-04 01:00:00,Pump_1,189310001,1.968,2.341,2.222,0.02542864096792937,True,Leve
2025-12-04 01:30:00,Pump_1,189310001,1.973,2.327,2.216,0.025479019220470515,True,Leve
2025-12-04 02:00:00,Pump_1,189310001,1.969,2.332,2.208,0.02569366274178012,True,Leve
2025-12-04 02:30:00,Pump_1,189310001,1.968,2.333,2.208,0.02581100214411247,True,Leve
2025-12-04 03:00:00,Pump_1,189310001,1.962,2.344,2.222,0.02603675947660828,True,Leve
2025-12-04 03:30:00,Pump_1,189310001,1.975,2.333,2.213,0.025921912957677234,True,Leve
2025-12-04 04:00:00,Pump_1,189310001,1.97,2.336,2.219,0.02612748622502198,True,Leve
2025-12-04 04:30:00,Pump_1,189310001,1.959,2.328,2.211,0.026197502655656752,True,Leve
2025-12-04 05:00:00,Pump_1,189310001,1.97,2.327,2.208,0.026326611877996942,True,Leve
2025-12-04 05:30:00,Pump_1,189310001,1.968,2.323,2.221,0.02641012080165607,True,Leve
2025-12-04 06:00:00,Pump_1,189310001,1.972,2.338,2.205,0.026460299755342143,True,Leve
2025-12-04 06:30:00,Pump_1,189310001,1.963,2.34,2.219,0.02665373893127079,True,Leve
2025-12-04 07:00:00,Pump_1,189310001,1.968,2.339,2.205,0.026680446886278453,True,Leve
2025-12-04 07:30:00,Pump_1,189310001,1.967,2.338,2.208,0.026803116574728548,True,Leve
2025-12-04 08:00:00,Pump_1,189310001,1.967,2.337,2.212,0.026912361968512603,True,Leve
2025-12-04 08:30:00,Pump_1,189310001,2.446,2.333,2.206,0.026895415390446792,True,Leve
2025-12-04 09:00:00,Pump_1,189310001,1.964,2.327,2.215,0.029932867405587132,True,Leve
2025-12-04 09:30:00,Pump_1,189310001,1.968,2.327,2.22,0.029892663282986724,True,Leve
2025-12-04 10:00:00,Pump_1,189310001,1.963,2.329,2.218,0.02998043878840415,True,Leve
2025-12-04 10:30:00,Pump_1,189310001,1.975,2.325,2.211,0.030001918255278995,True,Leve
2025-12-04 11:00:00,Pump_1,189310001,1.968,2.336,2.204,0.030183206203347468,True,Leve
2025-12-04 11:30:00,Pump_1,189310001,1.977,2.335,2.21,0.030253935784784254,True,Leve
2025-12-04 12:00:00,Pump_1,189310001,1.97,2.333,2.208,0.030325608271072127,True,Leve
2025-12-04 12:30:00,Pump_1,189310001,1.981,2.325,2.219,0.03036121181489882,True,Leve
2025-12-04 13:00:00,Pump_1,189310001,1.98,2.324,2.209,0.03050076595141478,True,Leve
2025-12-04 13:30:00,Pump_1,189310001,1.966,2.326,2.202,0.030690573658566804,True,Leve
2025-12-04 14:00:00,Pump_1,189310001,1.969,2.338,2.209,0.030717558618360136,True,Leve
2025-12-04 14:30:00,Pump_1,189310001,1.972,2.327,2.204,0.0306432139048739,True,Leve
2025-12-04 15:00:00,Pump_1,189310001,1.972,2.331,2.215,0.030664622881036233,True,Leve
2025-12-04 15:30:00,Pump_1,189310001,1.976,2.34,2.206,0.03076100022702485,True,Leve
2025-12-04 16:00:00,Pump_1,189310001,1.971,2.338,2.207,0.030731356063168,True,Leve
2025-12-04 16:30:00,Pump_1,189310001,1.968,2.337,2.207,0.030740700385050095,True,Leve
2025-12-04 17:00:00,Pump_1,189310001,1.985,2.331,2.207,0.03070556623753171,True,Leve
2025-12-04 17:30:00,Pump_1,189310001,1.985,2.339,2.218,0.030715225928560963,True,Leve
2025-12-04 18:00:00,Pump_1,189310001,1.976,2.333,2.207,0.030711400959879967,True,Leve
2025-12-04 18:30:00,Pump_1,189310001,1.974,2.344,2.213,0.030643081010684588,True,Leve
2025-12-04 19:00:00,Pump_1,189310001,1.986,2.349,2.215,0.03062981679266874,True,Leve
2025-12-04 19:30:00,Pump_1,189310001,1.985,2.352,2.214,0.03055336035290281,True,Leve
2025-12-04 20:00:00,Pump_1,189310001,1.976,2.347,2.22,0.030516795981099194,True,Leve
2025-12-04 20:30:00,Pump_1,189310001,1.974,2.348,2.212,0.030486860580380852,True,Leve
2025-12-04 21:00:00,Pump_1,189310001,1.976,2.355,2.218,0.028231485270126692,True,Leve
2025-12-04 21:30:00,Pump_1,189310001,1.971,2.34,2.218,0.02819620864638999,True,Leve
2025-12-04 22:00:00,Pump_1,189310001,1.984,2.347,2.216,0.028220687046180637,True,Leve
2025-12-04 22:30:00,Pump_1,189310001,1.98,2.341,2.205,0.028321048977510643,True,Leve
2025-12-04 23:00:00,Pump_1,189310001,1.988,2.343,2.204,0.02837044691009079,True,Leve
2025-12-04 23:30:00,Pump_1,189310001,1.97,2.355,2.202,0.028478156574078744,True,Leve
2025-12-05 00:00:00,Pump_1,189310001,1.971,2.357,2.2,0.02843282542982338,True,Leve
2025-12-05 00:30:00,Pump_1,189310001,1.986,2.362,2.216,0.028410942526004155,True,Leve
2025-12-05 01:00:00,Pump_1,189310001,1.989,2.358,2.218,0.02838242201946169,True,Leve
2025-12-05 01:30:00,Pump_1,189310001,1.973,2.357,2.205,0.02831398365622722,True,Leve
2025-12-05 02:00:00,Pump_1,189310001,1.982,2.348,2.211,0.02823795334324347,True,Leve
2025-12-05 02:30:00,Pump_1,189310001,1.985,2.36,2.208,0.028289948149647977,True,Leve
2025-12-05 03:00:00,Pump_1,189310001,1.986,2.352,2.209,0.028243252960770508,True,Leve
2025-12-05 03:30:00,Pump_1,189310001,1.976,2.357,2.202,0.028315928466108062,True,Leve
2025-12-05 04:00:00,Pump_1,189310001,1.989,2.352,2.219,0.028282265827404056,True,Leve
2025-12-05 04:30:00,Pump_1,189310001,1.973,2.353,2.2,0.02828881365107574,True,Leve
2025-12-05 05:00:00,Pump_1,189310001,1.975,2.362,2.207,0.028299727846366522,True,Leve
2025-12-05 05:30:00,Pump_1,189310001,1.987,2.361,2.208,0.028150729366799836,True,Leve
2025-12-05 06:00:00,Pump_1,189310001,1.976,2.371,2.208,0.02816697551008833,True,Leve
2025-12-05 06:30:00,Pump_1,189310001,1.977,2.364,2.213,0.02802358922502138,True,Leve
2025-12-05 07:00:00,Pump_1,189310001,1.98,2.365,2.212,0.027974218041519276,True,Leve
2025-12-05 07:30:00,Pump_1,189310001,1.98,2.363,2.2,0.027920283409410624,True,Leve
2025-12-05 08:00:00,Pump_1,189310001,1.975,2.359,2.205,0.02794635250460407,True,Leve
2025-12-05 08:30:00,Pump_1,189310001,1.987,2.372,2.21,0.02800746968206931,True,Leve
2025-12-05 09:00:00,Pump_1,189310001,1.982,2.374,2.2,0.028018872066764858,True,Leve
2025-12-05 09:30:00,Pump_1,189310001,1.984,2.368,2.205,0.028095777428721096,True,Leve
2025-12-05 10:00:00,Pump_1,189310001,1.981,2.366,2.219,0.028173953090736344,True,Leve
2025-12-05 10:30:00,Pump_1,189310001,1.984,2.381,2.211,0.02811775456608124,True,Leve
2025-12-05 11:00:00,Pump_1,189310001,1.985,2.384,2.215,0.02797989309620525,True,Leve
2025-12-05 11:30:00,Pump_1,189310001,1.993,2.368,2.208,0.027776248381773287,True,Leve
2025-12-05 12:00:00,Pump_1,189310001,1.983,2.378,2.203,0.027832512785902024,True,Leve
2025-12-05 12:30:00,Pump_1,189310001,1.976,2.374,2.211,0.027800670801722174,True,Leve
2025-12-05 13:00:00,Pump_1,189310001,1.992,2.374,2.212,0.027762357588781983,True,Leve
2025-12-05 13:30:00,Pump_1,189310001,1.98,2.385,2.205,0.027810242985359817,True,Leve
2025-12-05 14:00:00,Pump_1,189310001,1.991,2.388,2.217,0.027759241414613153,True,Leve
2025-12-05 14:30:00,Pump_1,189310001,1.99,2.378,2.203,0.027680520754262656,True,Leve
2025-12-05 15:00:00,Pump_1,189310001,1.993,2.386,2.203,0.02771284890704119,True,Leve
2025-12-05 15:30:00,Pump_1,189310001,1.986,2.376,2.215,0.027708605530078947,True,Leve
2025-12-05 16:00:00,Pump_1,189310001,1.987,2.394,2.214,0.0276601788017263,True,Leve
2025-12-05 16:30:00,Pump_1,189310001,1.99,2.389,2.208,0.027580199711043352,True,Leve
2025-12-05 17:00:00,Pump_1,189310001,1.993,2.381,2.208,0.02752120961911518,True,Leve
2025-12-05 17:30:00,Pump_1,189310001,1.996,2.387,2.205,0.027578976639030323,True,Leve
2025-12-05 18:00:00,Pump_1,189310001,1.986,2.387,2.21,0.02759177032503323,True,Leve
2025-12-05 18:30:00,Pump_1,189310001,1.978,2.382,2.199,0.027596601442699136,True,Leve
2025-12-05 19:00:00,Pump_1,189310001,1.984,2.391,2.217,0.02764050916604792,True,Leve
2025-12-05 19:30:00,Pump_1,189310001,1.978,2.397,2.206,0.027569482726477162,True,Leve
2025-12-05 20:00:00,Pump_1,189310001,1.981,2.394,2.205,0.027404578097722745,True,Leve
2025-12-05 20:30:00,Pump_1,189310001,1.989,2.399,2.202,0.027320561806615438,True,Leve
2025-12-05 21:00:00,Pump_1,189310001,1.988,2.39,2.212,0.027290329648673173,True,Leve
2025-12-05 21:30:00,Pump_1,189310001,1.989,2.398,2.211,0.02720950873941591,True,Leve
2025-12-05 22:00:00,Pump_1,189310001,1.983,2.391,2.207,0.027112876753722287,True,Leve
2025-12-05 22:30:00,Pump_1,189310001,1.986,2.405,2.2,0.027133696975219182,True,Leve
2025-12-05 23:00:00,Pump_1,189310001,1.984,2.407,2.214,0.02712031364986087,True,Leve
2025-12-05 23:30:00,Pump_1,189310001,1.998,2.403,2.2,0.027049815049416344,True,Leve
2025-12-06 00:00:00,Pump_1,189310001,1.994,2.41,2.215,0.02702878188905657,True,Leve
2025-12-06 00:30:00,Pump_1,189310001,1.987,2.392,2.201,0.026917773290900046,True,Leve
2025-12-06 01:00:00,Pump_1,189310001,1.982,2.4,2.208,0.02699361801389107,True,Leve
2025-12-06 01:30:00,Pump_1,189310001,1.987,2.395,2.201,0.02690149007415992,True,Leve
2025-12-06 02:00:00,Pump_1,189310001,1.983,2.401,2.204,0.02693856630548677,True,Leve
2025-12-06 02:30:00,Pump_1,189310001,1.997,2.401,2.197,0.02694880024544026,True,Leve
2025-12-06 03:00:00,Pump_1,189310001,1.996,2.396,2.209,0.026966719621237867,True,Leve
2025-12-06 03:30:00,Pump_1,189310001,1.985,2.416,2.214,0.02695088581599588,True,Leve
2025-12-06 04:00:00,Pump_1,189310001,1.983,2.407,2.216,0.02683685520021229,True,Leve
2025-12-06 04:30:00,Pump_1,189310001,2.0,2.41,2.201,0.026784186483847106,True,Leve
2025-12-06 05:00:00,Pump_1,189310001,1.989,2.412,2.204,0.02683345477937204,True,Leve
2025-12-06 05:30:00,Pump_1,189310001,1.99,2.404,2.212,0.026756543195901865,True,Leve
2025-12-06 06:00:00,Pump_1,189310001,1.989,2.405,2.197,0.02666297750149822,True,Leve
2025-12-06 06:30:00,Pump_1,189310001,1.995,2.415,2.198,0.026708946453108298,True,Leve
2025-12-06 07:00:00,Pump_1,189310001,1.998,2.411,2.196,0.02668925562401484,True,Leve
2025-12-06 07:30:00,Pump_1,189310001,1.987,2.407,2.196,0.02682940833075657,True,Leve
2025-12-06 08:00:00,Pump_1,189310001,1.99,2.407,2.199,0.026893392163356844,True,Leve
2025-12-06 08:30:00,Pump_1,189310001,1.991,2.415,2.212,0.026932468779358128,True,Leve
2025-12-06 09:00:00,Pump_1,189310001,1.989,2.426,2.201,0.026834933104527187,True,Leve
2025-12-06 09:30:00,Pump_1,189310001,1.998,2.413,2.202,0.026776823156683945,True,Leve
2025-12-06 10:00:00,Pump_1,189310001,1.984,2.417,2.198,0.02684013750826854,True,Leve
2025-12-06 10:30:00,Pump_1,189310001,1.992,2.414,2.203,0.026803455102559534,True,Leve
2025-12-06 11:00:00,Pump_1,189310001,1.988,2.417,2.206,0.026786296691798127,True,Leve
2025-12-06 11:30:00,Pump_1,189310001,1.993,2.431,2.199,0.02682622002533573,True,Leve
2025-12-06 12:00:00,Pump_1,189310001,1.995,2.415,2.208,0.02670713563526818,True,Leve
2025-12-06 12:30:00,Pump_1,189310001,1.998,2.417,2.206,0.026765555183015842,True,Leve
2025-12-06 13:00:00,Pump_1,189310001,1.995,2.428,2.207,0.026735038782724686,True,Leve
2025-12-06 13:30:00,Pump_1,189310001,1.988,2.422,2.203,0.026722087698688238,True,Leve
2025-12-06 14:00:00,Pump_1,189310001,1.995,2.79,2.195,0.026634910289153317,True,Leve
2025-12-06 14:30:00,Pump_1,189310001,2.003,2.97,2.203,0.028223071592053037,True,Leve
2025-12-06 15:00:00,Pump_1,189310001,2.004,2.426,2.196,0.03058982094278135,True,Leve
2025-12-06 15:30:00,Pump_1,189310001,2.001,2.431,2.198,0.030727110250187435,True,Leve
2025-12-06 16:00:00,Pump_1,189310001,2.004,2.434,2.205,0.03097349215675555,True,Leve
2025-12-06 16:30:00,Pump_1,189310001,2.004,2.434,2.206,0.031192173869561357,True,Leve
2025-12-06 17:00:00,Pump_1,189310001,1.997,2.434,2.204,0.0312591234088562,True,Leve
2025-12-06 17:30:00,Pump_1,189310001,1.996,2.432,2.193,0.03137707016561744,True,Leve
2025-12-06 18:00:00,Pump_1,189310001,1.998,2.423,2.208,0.031571878394794056,True,Leve
2025-12-06 18:30:00,Pump_1,189310001,2.004,2.438,2.202,0.03166496514945417,True,Leve
2025-12-06 19:00:00,Pump_1,189310001,2.0,2.443,2.193,0.03176618041268328,True,Leve
2025-12-06 19:30:00,Pump_1,189310001,2.009,2.428,2.203,0.03182274543769306,True,Leve
2025-12-06 20:00:00,Pump_1,189310001,2.01,2.432,2.202,0.031980137110717705,True,Leve
2025-12-06 20:30:00,Pump_1,189310001,2.0,2.426,2.188,0.03212103230607913,True,Leve
2025-12-06 21:00:00,Pump_1,189310001,2.001,2.441,2.201,0.032380476430396606,True,Leve
2025-12-06 21:30:00,Pump_1,189310001,2.012,2.447,2.203,0.03247346545602668,True,Leve
2025-12-06 22:00:00,Pump_1,189310001,2.01,2.43,2.193,0.03248945154323652,True,Leve
2025-12-06 22:30:00,Pump_1,189310001,2.003,2.437,2.189,0.03264663558880269,True,Crítica
2025-12-06 23:00:00,Pump_1,189310001,2.021,2.448,2.202,0.03269514769439784,True,Crítica
2025-12-06 23:30:00,Pump_1,189310001,2.005,2.446,2.184,0.03274184291756274,True,Crítica
2025-12-07 00:00:00,Pump_1,189310001,2.005,2.434,2.191,0.03274457894535882,True,Crítica
2025-12-07 00:30:00,Pump_1,189310001,2.023,2.442,2.198,0.03273545987284692,True,Crítica
2025-12-07 01:00:00,Pump_1,189310001,2.018,2.448,2.185,0.03273138161066208,True,Crítica
2025-12-07 01:30:00,Pump_1,189310001,2.019,2.449,2.19,0.03283812100684575,True,Crítica
2025-12-07 02:00:00,Pump_1,189310001,2.559,2.444,2.197,0.0329809995320362,True,Crítica
2025-12-07 02:30:00,Pump_1,189310001,2.025,2.452,2.18,0.03444676580354338,True,Crítica
2025-12-07 03:00:00,Pump_1,189310001,2.015,2.45,2.187,0.03136512400928355,True,Leve
2025-12-07 03:30:00,Pump_1,189310001,2.012,2.444,2.192,0.031386935957180125,True,Leve
2025-12-07 04:00:00,Pump_1,189310001,2.024,2.45,2.189,0.0314251119489126,True,Leve
2025-12-07 04:30:00,Pump_1,189310001,2.015,2.457,2.184,0.0315557892063029,True,Leve
2025-12-07 05:00:00,Pump_1,189310001,2.027,2.456,2.192,0.03162633898320346,True,Leve
2025-12-07 05:30:00,Pump_1,189310001,2.018,2.446,2.183,0.031749694305801275,True,Leve
2025-12-07 06:00:00,Pump_1,189310001,2.023,2.443,2.191,0.03183663936400373,True,Leve
2025-12-07 06:30:00,Pump_1,189310001,2.025,2.459,2.189,0.03198186769180063,True,Leve
2025-12-07 07:00:00,Pump_1,189310001,2.035,2.445,2.186,0.032050291566123,True,Leve
2025-12-07 07:30:00,Pump_1,189310001,2.035,2.449,2.178,0.03223432831808426,True,Leve
2025-12-07 08:00:00,Pump_1,189310001,2.026,2.451,2.177,0.03241268478815894,True,Leve
2025-12-07 08:30:00,Pump_1,189310001,2.024,2.457,2.172,0.03252615662711195,True,Leve
2025-12-07 09:00:00,Pump_1,189310001,2.023,2.462,2.178,0.03256065322405418,True,Crítica
2025-12-07 09:30:00,Pump_1,189310001,2.022,2.456,2.185,0.032655359071601414,True,Crítica
2025-12-07 10:00:00,Pump_1,189310001,2.034,2.45,2.171,0.03271445520538055,True,Crítica
2025-12-07 10:30:00,Pump_1,189310001,2.04,2.459,2.188,0.03283872129864677,True,Crítica
2025-12-07 11:00:00,Pump_1,189310001,2.032,2.448,2.171,0.03290286401500981,True,Crítica
2025-12-07 11:30:00,Pump_1,189310001,2.03,2.457,2.177,0.033088777701131944,True,Crítica
2025-12-07 12:00:00,Pump_1,189310001,2.028,2.467,2.172,0.03315805008154883,True,Crítica
2025-12-07 12:30:00,Pump_1,189310001,2.044,2.452,2.182,0.03321924679689108,True,Crítica
2025-12-07 13:00:00,Pump_1,189310001,2.03,2.457,2.184,0.03340107704686736,True,Crítica
2025-12-07 13:30:00,Pump_1,189310001,2.036,2.463,2.184,0.03345367515616019,True,Crítica
2025-12-07 14:00:00,Pump_1,189310001,2.048,2.462,2.177,0.03357633538907243,True,Crítica
2025-12-07 14:30:00,Pump_1,189310001,2.044,2.457,2.179,0.031313838187253716,True,Leve
2025-12-07 15:00:00,Pump_1,189310001,2.037,2.453,2.169,0.03140835292466687,True,Leve
2025-12-07 15:30:00,Pump_1,189310001,2.041,2.459,2.169,0.031613512474584424,True,Leve
2025-12-07 16:00:00,Pump_1,189310001,2.049,2.464,2.167,0.03184312183994649,True,Leve
2025-12-07 16:30:00,Pump_1,189310001,2.04,2.47,2.167,0.03205255530975051,True,Leve
2025-12-07 17:00:00,Pump_1,189310001,2.04,2.468,2.165,0.032213662402385705,True,Leve
2025-12-07 17:30:00,Pump_1,189310001,2.044,2.475,2.172,0.03238906734659726,True,Leve
2025-12-07 18:00:00,Pump_1,189310001,2.041,2.472,2.178,0.03247917960889392,True,Leve
2025-12-07 18:30:00,Pump_1,189310001,2.046,2.46,2.172,0.03255448928502117,True,Crítica
2025-12-07 19:00:00,Pump_1,189310001,2.049,2.463,2.177,0.032772335235316426,True,Crítica
2025-12-07 19:30:00,Pump_1,189310001,2.039,2.465,2.168,0.03286162612171255,True,Crítica
2025-12-07 20:00:00,Pump_1,189310001,2.05,2.477,2.173,0.03288528169120962,True,Crítica
2025-12-07 20:30:00,Pump_1,189310001,2.06,2.469,2.159,0.03293498747348995,True,Crítica
2025-12-07 21:00:00,Pump_1,189310001,2.056,2.475,2.16,0.03315806272913181,True,Crítica
2025-12-07 21:30:00,Pump_1,189310001,2.058,2.478,2.17,0.03336729092186187,True,Crítica
2025-12-07 22:00:00,Pump_1,189310001,2.044,2.463,2.161,0.03356567098565992,True,Crítica
2025-12-07 22:30:00,Pump_1,189310001,2.045,2.478,2.155,0.033633644553447944,True,Crítica
2025-12-07 23:00:00,Pump_1,189310001,2.058,2.477,2.154,0.03377221546363433,True,Crítica
2025-12-07 23:30:00,Pump_1,189310001,2.048,2.475,2.161,0.03389730341000747,True,Crítica
2025-12-08 00:00:00,Pump_1,189310001,2.065,2.483,2.517,0.034051173259227616,True,Crítica
2025-12-08 00:30:00,Pump_1,189310001,2.055,2.476,2.165,0.034685256240192405,True,Crítica
2025-12-08 01:00:00,Pump_1,189310001,2.049,2.478,2.162,0.034799934389917915,True,Crítica
2025-12-08 01:30:00,Pump_1,189310001,2.055,2.471,2.165,0.03498076909369671,True,Crítica
2025-12-08 02:00:00,Pump_1,189310001,2.066,3.033,2.153,0.0352025335658575,True,Crítica
2025-12-08 02:30:00,Pump_1,189310001,2.065,2.478,2.154,0.037994776842792635,True,Crítica
2025-12-08 03:00:00,Pump_1,189310001,2.07,2.488,2.159,0.03826895050643892,True,Crítica
2025-12-08 03:30:00,Pump_1,189310001,2.068,2.474,2.164,0.03845699434359569,True,Crítica
2025-12-08 04:00:00,Pump_1,189310001,2.055,2.483,2.148,0.03867226654238061,True,Crítica
2025-12-08 04:30:00,Pump_1,189310001,2.062,2.484,2.165,0.03881470986197258,True,Crítica
2025-12-08 05:00:00,Pump_1,189310001,2.065,2.476,2.159,0.03897018402307894,True,Crítica
2025-12-08 05:30:00,Pump_1,189310001,2.069,2.485,2.148,0.03919258644843398,True,Crítica
2025-12-08 06:00:00,Pump_1,189310001,2.061,2.487,2.158,0.03949784862949919,True,Crítica
2025-12-08 06:30:00,Pump_1,189310001,2.058,2.479,2.164,0.039730634859315765,True,Crítica
2025-12-08 07:00:00,Pump_1,189310001,2.062,2.493,2.159,0.039845044976637094,True,Crítica
2025-12-08 07:30:00,Pump_1,189310001,2.069,2.484,2.149,0.039958952470926484,True,Crítica
2025-12-08 08:00:00,Pump_1,189310001,2.069,2.479,2.157,0.040195592643014394,True,Crítica
2025-12-08 08:30:00,Pump_1,189310001,2.073,2.479,2.148,0.04041892554436195,True,Crítica
2025-12-08 09:00:00,Pump_1,189310001,2.076,2.497,2.144,0.04054128497939971,True,Crítica
2025-12-08 09:30:00,Pump_1,189310001,2.069,2.486,2.154,0.040651215511611785,True,Crítica
2025-12-08 10:00:00,Pump_1,189310001,2.08,2.492,2.151,0.04076934163356986,True,Crítica
2025-12-08 10:30:00,Pump_1,189310001,2.067,2.499,2.144,0.040895193676675025,True,Crítica
2025-12-08 11:00:00,Pump_1,189310001,2.077,2.491,2.146,0.04089298284920447,True,Crítica
2025-12-08 11:30:00,Pump_1,189310001,2.078,2.491,2.151,0.04098382784978105,True,Crítica
2025-12-08 12:00:00,Pump_1,189310001,2.08,2.501,2.151,0.04083885283093583,True,Crítica
2025-12-08 12:30:00,Pump_1,189310001,2.071,2.499,2.137,0.040925664316381144,True,Crítica
2025-12-08 13:00:00,Pump_1,189310001,2.084,2.488,2.137,0.040994691622972396,True,Crítica
2025-12-08 13:30:00,Pump_1,189310001,2.077,2.501,2.137,0.04126248534209967,True,Crítica
2025-12-08 14:00:00,Pump_1,189310001,2.084,2.501,2.142,0.0414226732683429,True,Crítica
2025-12-08 14:30:00,Pump_1,189310001,2.085,2.492,2.15,0.03895191437938428,True,Crítica
2025-12-08 15:00:00,Pump_1,189310001,2.077,2.487,2.138,0.039072591799398336,True,Crítica
2025-12-08 15:30:00,Pump_1,189310001,2.082,2.494,2.135,0.03915221427481827,True,Crítica
2025-12-08 16:00:00,Pump_1,189310001,2.092,2.489,2.146,0.03941521982899022,True,Crítica
2025-12-08 16:30:00,Pump_1,189310001,2.084,2.496,2.15,0.03964494821575918,True,Crítica
2025-12-08 17:00:00,Pump_1,189310001,2.077,2.491,2.14,0.03982907489544052,True,Crítica
2025-12-08 17:30:00,Pump_1,189310001,2.078,2.494,2.151,0.04004733239921427,True,Crítica
2025-12-08 18:00:00,Pump_1,189310001,2.085,2.499,2.145,0.040055923534849595,True,Crítica
2025-12-08 18:30:00,Pump_1,189310001,2.09,2.5,2.149,0.040287497240411106,True,Crítica
2025-12-08 19:00:00,Pump_1,189310001,2.081,2.497,2.136,0.04056721032090124,True,Crítica
2025-12-08 19:30:00,Pump_1,189310001,2.084,2.499,2.14,0.04073928870678661,True,Crítica
2025-12-08 20:00:00,Pump_1,189310001,2.088,2.488,2.133,0.040814654196459695,True,Crítica
2025-12-08 20:30:00,Pump_1,189310001,2.078,2.498,2.137,0.04104960479632506,True,Crítica
2025-12-08 21:00:00,Pump_1,189310001,2.085,2.49,2.148,0.041143876914475554,True,Crítica
2025-12-08 21:30:00,Pump_1,189310001,2.088,2.494,2.143,0.04118259737930331,True,Crítica
2025-12-08 22:00:00,Pump_1,189310001,2.073,2.49,2.144,0.04136218574278346,True,Crítica
2025-12-08 22:30:00,Pump_1,189310001,2.086,2.496,2.148,0.04136675774184819,True,Crítica
2025-12-08 23:00:00,Pump_1,189310001,2.077,2.481,2.132,0.04147976616223899,True,Crítica
2025-12-08 23:30:00,Pump_1,189310001,2.089,2.493,2.131,0.041605156760269005,True,Crítica
2025-12-09 00:00:00,Pump_1,189310001,2.079,2.487,2.146,0.041766829188859406,True,Crítica
2025-12-09 00:30:00,Pump_1,189310001,2.091,2.485,2.131,0.04177236223644105,True,Crítica
2025-12-09 01:00:00,Pump_1,189310001,2.08,2.487,2.136,0.04196231249692026,True,Crítica
2025-12-09 01:30:00,Pump_1,189310001,2.077,2.494,2.128,0.04197323844835646,True,Crítica
2025-12-09 02:00:00,Pump_1,189310001,2.077,2.477,2.145,0.04202170114434209,True,Crítica
2025-12-09 02:30:00,Pump_1,189310001,2.082,2.493,2.131,0.04200735612994915,True,Crítica
2025-12-09 03:00:00,Pump_1,189310001,2.081,2.477,2.128,0.04207743208087753,True,Crítica
2025-12-09 03:30:00,Pump_1,189310001,2.087,2.49,2.128,0.04225261920754528,True,Crítica
2025-12-09 04:00:00,Pump_1,189310001,2.085,2.492,2.126,0.042333482744766705,True,Crítica
2025-12-09 04:30:00,Pump_1,189310001,2.086,2.48,2.129,0.04239217705544165,True,Crítica
2025-12-09 05:00:00,Pump_1,189310001,2.079,2.476,2.137,0.04254372428335096,True,Crítica
2025-12-09 05:30:00,Pump_1,189310001,2.08,2.489,2.131,0.04266047821566171,True,Crítica
2025-12-09 06:00:00,Pump_1,189310001,2.073,2.484,2.129,0.04277863497395741,True,Crítica
2025-12-09 06:30:00,Pump_1,189310001,2.076,2.483,2.124,0.04280025958798828,True,Crítica
2025-12-09 07:00:00,Pump_1,189310001,2.088,2.484,2.126,0.04284530740101806,True,Crítica
2025-12-09 07:30:00,Pump_1,189310001,2.082,2.479,2.135,0.042960689304771336,True,Crítica
2025-12-09 08:00:00,Pump_1,189310001,2.08,2.49,2.128,0.04299458273688064,True,Crítica
2025-12-09 08:30:00,Pump_1,189310001,2.075,2.482,2.139,0.04299418295701581,True,Crítica
2025-12-09 09:00:00,Pump_1,189310001,2.087,2.476,2.128,0.04296478010055397,True,Crítica
2025-12-09 09:30:00,Pump_1,189310001,2.079,2.481,2.136,0.043092249185349346,True,Crítica
2025-12-09 10:00:00,Pump_1,189310001,2.076,2.477,2.132,0.04304337556010844,True,Crítica
2025-12-09 10:30:00,Pump_1,189310001,2.081,2.483,2.135,0.043130371492087344,True,Crítica
2025-12-09 11:00:00,Pump_1,189310001,2.09,2.486,2.121,0.04312712784787384,True,Crítica
2025-12-09 11:30:00,Pump_1,189310001,2.074,2.472,2.122,0.04328807543749175,True,Crítica
2025-12-09 12:00:00,Pump_1,189310001,2.085,2.478,2.125,0.04328773252727731,True,Crítica
2025-12-09 12:30:00,Pump_1,189310001,2.078,2.484,2.131,0.043441300223838734,True,Crítica
2025-12-09 13:00:00,Pump_1,189310001,2.075,2.481,2.121,0.043345377691600344,True,Crítica
2025-12-09 13:30:00,Pump_1,189310001,2.078,2.478,2.134,0.043345293675599854,True,Crítica
2025-12-09 14:00:00,Pump_1,189310001,2.075,2.475,2.133,0.04331382883668256,True,Crítica
2025-12-09 14:30:00,Pump_1,189310001,2.072,2.465,2.137,0.043393235934287386,True,Crítica
2025-12-09 15:00:00,Pump_1,189310001,2.089,2.478,2.132,0.04335371090274139,True,Crítica
2025-12-09 15:30:00,Pump_1,189310001,2.088,2.48,2.119,0.04340227511801215,True,Crítica
2025-12-09 16:00:00,Pump_1,189310001,2.079,2.478,2.12,0.043420170047139287,True,Crítica
2025-12-09 16:30:00,Pump_1,189310001,2.082,2.465,2.131,0.04335389079988304,True,Crítica
2025-12-09 17:00:00,Pump_1,189310001,2.07,2.482,2.121,0.043397159077347154,True,Crítica
2025-12-09 17:30:00,Pump_1,189310001,2.075,2.473,2.133,0.043441518463760716,True,Crítica
2025-12-09 18:00:00,Pump_1,189310001,2.075,2.468,2.116,0.04339879955313808,True,Crítica
2025-12-09 18:30:00,Pump_1,189310001,2.08,2.477,2.126,0.04353005291154812,True,Crítica
2025-12-09 19:00:00,Pump_1,189310001,2.086,2.463,2.116,0.04356814703669928,True,Crítica
2025-12-09 19:30:00,Pump_1,189310001,2.074,2.474,2.13,0.04368400739777298,True,Crítica
2025-12-09 20:00:00,Pump_1,189310001,2.085,2.472,2.12,0.0436905811136636,True,Crítica
2025-12-09 20:30:00,Pump_1,189310001,2.077,2.46,2.122,0.0437539217509216,True,Crítica
2025-12-09 21:00:00,Pump_1,189310001,2.083,2.475,2.132,0.04393680066802777,True,Crítica
2025-12-09 21:30:00,Pump_1,189310001,2.074,2.476,2.118,0.04392381506524974,True,Crítica
2025-12-09 22:00:00,Pump_1,189310001,2.075,2.474,2.119,0.04397634547800691,True,Crítica
2025-12-09 22:30:00,Pump_1,189310001,2.071,2.47,2.117,0.044043692909862375,True,Crítica
2025-12-09 23:00:00,Pump_1,189310001,2.087,2.468,2.126,0.04404912283431191,True,Crítica
2025-12-09 23:30:00,Pump_1,189310001,2.07,2.46,2.114,0.04402062580742439,True,Crítica
2025-12-10 00:00:00,Pump_1,189310001,2.07,2.464,2.115,0.044143057602049174,True,Crítica
2025-12-10 00:30:00,Pump_1,189310001,2.082,2.468,2.127,0.04414623296113852,True,Crítica
2025-12-10 01:00:00,Pump_1,189310001,2.073,2.46,2.115,0.04418236446083946,True,Crítica
2025-12-10 01:30:00,Pump_1,189310001,2.086,2.465,2.127,0.04425939140804126,True,Crítica
2025-12-10 02:00:00,Pump_1,189310001,2.072,2.717,2.128,0.044309393449556735,True,Crítica
2025-12-10 02:30:00,Pump_1,189310001,2.085,2.461,2.121,0.045423012180691405,True,Crítica
2025-12-10 03:00:00,Pump_1,189310001,2.078,2.471,2.117,0.04568744741682687,True,Crítica
2025-12-10 03:30:00,Pump_1,189310001,2.076,2.469,2.115,0.04570446567503455,True,Crítica
2025-12-10 04:00:00,Pump_1,189310001,2.07,2.465,2.128,0.045591207247124524,True,Crítica
2025-12-10 04:30:00,Pump_1,189310001,2.086,2.453,2.113,0.045511520310328686,True,Crítica
2025-12-10 05:00:00,Pump_1,189310001,2.074,2.455,2.114,0.04577479188565247,True,Crítica
2025-12-10 05:30:00,Pump_1,189310001,2.082,2.451,2.112,0.045845152583812186,True,Crítica
2025-12-10 06:00:00,Pump_1,189310001,2.074,2.461,2.123,0.046113403155375626,True,Crítica
2025-12-10 06:30:00,Pump_1,189310001,2.076,2.461,2.117,0.0460931176605892,True,Crítica
2025-12-10 07:00:00,Pump_1,189310001,2.087,2.469,2.108,0.04612804054503868,True,Crítica
2025-12-10 07:30:00,Pump_1,189310001,2.082,2.455,2.119,0.04626239236679289,True,Crítica
2025-12-10 08:00:00,Pump_1,189310001,2.078,2.461,2.111,0.04641770788013529,True,Crítica
2025-12-10 08:30:00,Pump_1,189310001,2.077,2.459,2.107,0.04644119403789214,True,Crítica
2025-12-10 09:00:00,Pump_1,189310001,2.07,2.467,2.123,0.04668925959220502,True,Crítica
2025-12-10 09:30:00,Pump_1,189310001,2.075,2.459,2.108,0.04669272161816476,True,Crítica
2025-12-10 10:00:00,Pump_1,189310001,2.076,2.454,2.114,0.046756966372483756,True,Crítica
2025-12-10 10:30:00,Pump_1,189310001,2.07,2.723,2.115,0.04681305315026801,True,Crítica
2025-12-10 11:00:00,Pump_1,189310001,2.082,2.459,2.112,0.04787416878412856,True,Crítica
2025-12-10 11:30:00,Pump_1,189310001,2.072,2.464,2.11,0.04789034748460993,True,Crítica
2025-12-10 12:00:00,Pump_1,189310001,2.086,2.455,2.12,0.047929876700009394,True,Crítica
2025-12-10 12:30:00,Pump_1,189310001,2.076,2.458,2.123,0.04807567095464785,True,Crítica
2025-12-10 13:00:00,Pump_1,189310001,2.07,2.45,2.118,0.0480447041528651,True,Crítica
2025-12-10 13:30:00,Pump_1,189310001,2.086,2.462,2.116,0.048177181922179485,True,Crítica
2025-12-10 14:00:00,Pump_1,189310001,2.072,2.462,2.107,0.04828215143881281,True,Crítica
2025-12-10 14:30:00,Pump_1,189310001,2.083,2.451,2.119,0.04701855609638819,True,Crítica
2025-12-10 15:00:00,Pump_1,189310001,2.068,2.448,2.11,0.047170212285785024,True,Crítica
2025-12-10 15:30:00,Pump_1,189310001,2.081,2.459,2.115,0.04721368866780612,True,Crítica
2025-12-10 16:00:00,Pump_1,189310001,2.069,2.449,2.568,0.04725045290696633,True,Crítica
2025-12-10 16:30:00,Pump_1,189310001,2.085,2.448,2.116,0.047852629255680026,True,Crítica
2025-12-10 17:00:00,Pump_1,189310001,2.071,2.46,2.11,0.04793599078619368,True,Crítica
2025-12-10 17:30:00,Pump_1,189310001,2.076,2.452,2.118,0.04797863102210439,True,Crítica
2025-12-10 18:00:00,Pump_1,189310001,2.087,2.448,2.109,0.047982923903965934,True,Crítica
2025-12-10 18:30:00,Pump_1,189310001,2.089,2.456,2.104,0.0482130582427385,True,Crítica
2025-12-10 19:00:00,Pump_1,189310001,2.078,2.452,2.11,0.048457966589874855,True,Crítica
2025-12-10 19:30:00,Pump_1,189310001,2.084,2.451,2.122,0.04839237551903618,True,Crítica
2025-12-10 20:00:00,Pump_1,189310001,2.078,2.455,2.123,0.04839550665012913,True,Crítica
2025-12-10 20:30:00,Pump_1,189310001,2.079,2.457,2.105,0.04831396152031001,True,Crítica
2025-12-10 21:00:00,Pump_1,189310001,2.09,2.453,2.109,0.04832536760138365,True,Crítica
2025-12-10 21:30:00,Pump_1,189310001,2.077,2.451,2.114,0.04847650864298182,True,Crítica
2025-12-10 22:00:00,Pump_1,189310001,2.08,2.445,2.107,0.048473263068342605,True,Crítica
2025-12-10 22:30:00,Pump_1,189310001,2.086,2.452,2.116,0.04857003856493941,True,Crítica
2025-12-10 23:00:00,Pump_1,189310001,2.084,2.444,2.119,0.047015947075497104,True,Crítica
2025-12-10 23:30:00,Pump_1,189310001,2.082,2.446,2.115,0.047024354804865394,True,Crítica
2025-12-11 00:00:00,Pump_1,189310001,2.091,2.454,2.122,0.04696668267664781,True,Crítica
2025-12-11 00:30:00,Pump_1,189310001,2.088,2.447,2.116,0.04696023561272362,True,Crítica
2025-12-11 01:00:00,Pump_1,189310001,2.101,2.448,2.111,0.04701453427861064,True,Crítica
2025-12-11 01:30:00,Pump_1,189310001,2.086,2.444,2.115,0.04729965757590851,True,Crítica
2025-12-11 02:00:00,Pump_1,189310001,2.097,2.462,2.115,0.04725597979990413,True,Crítica
2025-12-11 02:30:00,Pump_1,189310001,2.103,2.453,2.127,0.04721957365428629,True,Crítica
2025-12-11 03:00:00,Pump_1,189310001,2.094,2.458,2.117,0.04732545117080876,True,Crítica
2025-12-11 03:30:00,Pump_1,189310001,2.103,2.447,2.118,0.04751524743172296,True,Crítica
2025-12-11 04:00:00,Pump_1,189310001,2.1,2.448,2.114,0.04747079252206893,True,Crítica
2025-12-11 04:30:00,Pump_1,189310001,2.094,2.45,2.132,0.04757562739352882,True,Crítica
2025-12-11 05:00:00,Pump_1,189310001,2.316,2.461,2.133,0.04758231277601535,True,Crítica
2025-12-11 05:30:00,Pump_1,189310001,2.094,2.45,2.119,0.04884062578068209,True,Crítica
2025-12-11 06:00:00,Pump_1,189310001,2.108,2.449,2.129,0.048949908506884604,True,Crítica
2025-12-11 06:30:00,Pump_1,189310001,2.111,2.457,2.131,0.04901451005617043,True,Crítica
2025-12-11 07:00:00,Pump_1,189310001,2.098,2.449,2.134,0.048956998317272266,True,Crítica
2025-12-11 07:30:00,Pump_1,189310001,2.098,2.452,2.133,0.04896349858013273,True,Crítica
2025-12-11 08:00:00,Pump_1,189310001,2.108,2.454,2.127,0.04903790923696061,True,Crítica
2025-12-11 08:30:00,Pump_1,189310001,2.111,2.464,2.129,0.049176976600656196,True,Crítica
2025-12-11 09:00:00,Pump_1,189310001,2.098,2.459,2.135,0.04914758236990194,True,Crítica
2025-12-11 09:30:00,Pump_1,189310001,2.104,2.451,2.135,0.04900090202029345,True,Crítica
2025-12-11 10:00:00,Pump_1,189310001,2.112,2.454,2.138,0.04898443258754456,True,Crítica
2025-12-11 10:30:00,Pump_1,189310001,2.107,2.459,2.128,0.04901038023533023,True,Crítica
2025-12-11 11:00:00,Pump_1,189310001,2.103,2.454,2.124,0.0489708597587127,True,Crítica
2025-12-11 11:30:00,Pump_1,189310001,2.117,2.457,2.127,0.049004072853808714,True,Crítica
2025-12-11 12:00:00,Pump_1,189310001,2.109,2.463,2.136,0.04914990868388615,True,Crítica
2025-12-11 12:30:00,Pump_1,189310001,2.12,2.454,2.134,0.04907060025896432,True,Crítica
2025-12-11 13:00:00,Pump_1,189310001,2.12,2.45,2.135,0.04912386474307293,True,Crítica
2025-12-11 13:30:00,Pump_1,189310001,2.118,2.46,2.129,0.04914652167415044,True,Crítica
2025-12-11 14:00:00,Pump_1,189310001,2.105,2.461,2.139,0.04924344833826661,True,Crítica
2025-12-11 14:30:00,Pump_1,189310001,2.107,2.459,2.139,0.04909064251098622,True,Crítica
2025-12-11 15:00:00,Pump_1,189310001,2.122,2.45,2.13,0.04904637858046009,True,Crítica
2025-12-11 15:30:00,Pump_1,189310001,2.12,2.458,2.135,0.04907171196148255,True,Crítica
2025-12-11 16:00:00,Pump_1,189310001,2.12,2.466,2.127,0.04905499637395186,True,Crítica
2025-12-11 16:30:00,Pump_1,189310001,2.112,2.467,2.133,0.04914006806805097,True,Crítica
2025-12-11 17:00:00,Pump_1,189310001,2.127,2.452,2.134,0.04925174850667512,True,Crítica
2025-12-11 17:30:00,Pump_1,189310001,2.126,2.452,2.134,0.04813057242799226,True,Crítica
2025-12-11 18:00:00,Pump_1,189310001,2.124,2.467,2.136,0.048225911978039535,True,Crítica
2025-12-11 18:30:00,Pump_1,189310001,2.125,2.459,2.129,0.048285731868171526,True,Crítica
2025-12-11 19:00:00,Pump_1,189310001,2.118,2.456,2.14,0.04831560240299321,True,Crítica
2025-12-11 19:30:00,Pump_1,189310001,2.126,2.457,2.14,0.04839508095683785,True,Crítica
2025-12-11 20:00:00,Pump_1,189310001,2.134,2.451,2.143,0.04857786938670808,True,Crítica
2025-12-11 20:30:00,Pump_1,189310001,2.13,2.449,2.138,0.04871328398637982,True,Crítica
2025-12-11 21:00:00,Pump_1,189310001,2.119,2.454,2.15,0.04880214870415742,True,Crítica
2025-12-11 21:30:00,Pump_1,189310001,2.132,2.452,2.144,0.04880120217098124,True,Crítica
2025-12-11 22:00:00,Pump_1,189310001,2.122,2.45,2.139,0.04895875365721927,True,Crítica
2025-12-11 22:30:00,Pump_1,189310001,2.137,2.452,2.144,0.0490863639210332,True,Crítica
2025-12-11 23:00:00,Pump_1,189310001,2.13,2.461,2.144,0.04916748493288617,True,Crítica
2025-12-11 23:30:00,Pump_1,189310001,2.139,2.458,2.154,0.049254541210250025,True,Crítica
2025-12-12 00:00:00,Pump_1,189310001,2.139,2.455,2.14,0.04925640184500234,True,Crítica
2025-12-12 00:30:00,Pump_1,189310001,2.14,2.465,2.14,0.04935373243741869,True,Crítica
2025-12-12 01:00:00,Pump_1,189310001,2.135,2.453,2.143,0.049364339011319966,True,Crítica
2025-12-12 01:30:00,Pump_1,189310001,2.127,2.468,2.142,0.04946116939460825,True,Crítica
2025-12-12 02:00:00,Pump_1,189310001,2.129,2.457,2.137,0.04938242342716304,True,Crítica
2025-12-12 02:30:00,Pump_1,189310001,2.131,2.461,2.141,0.049513604298671535,True,Crítica
2025-12-12 03:00:00,Pump_1,189310001,2.139,2.47,2.15,0.049563473682383105,True,Crítica
2025-12-12 03:30:00,Pump_1,189310001,2.142,2.457,2.147,0.04959067999765854,True,Crítica
2025-12-12 04:00:00,Pump_1,189310001,2.136,2.452,2.143,0.04972113188276572,True,Crítica
2025-12-12 04:30:00,Pump_1,189310001,2.142,2.46,2.145,0.04973883929444811,True,Crítica
2025-12-12 05:00:00,Pump_1,189310001,2.149,2.459,2.146,0.04974680453858718,True,Crítica
2025-12-12 05:30:00,Pump_1,189310001,2.141,2.466,2.141,0.04984520551876018,True,Crítica
2025-12-12 06:00:00,Pump_1,189310001,2.138,2.452,2.15,0.049908127238513816,True,Crítica
2025-12-12 06:30:00,Pump_1,189310001,2.138,2.471,2.149,0.049914616734073,True,Crítica
2025-12-12 07:00:00,Pump_1,189310001,2.151,2.452,2.151,0.04985426867033313,True,Crítica
2025-12-12 07:30:00,Pump_1,189310001,2.144,2.459,2.147,0.050034248075474824,True,Crítica
2025-12-12 08:00:00,Pump_1,189310001,2.138,2.471,2.145,0.050063211582510196,True,Crítica
2025-12-12 08:30:00,Pump_1,189310001,2.155,2.471,2.542,0.050036989303667005,True,Crítica
2025-12-12 09:00:00,Pump_1,189310001,2.149,2.457,2.162,0.05038186449551844,True,Crítica
2025-12-12 09:30:00,Pump_1,189310001,2.157,2.46,2.16,0.05048099721497502,True,Crítica
2025-12-12 10:00:00,Pump_1,189310001,2.146,2.46,2.16,0.05052026731407286,True,Crítica
2025-12-12 10:30:00,Pump_1,189310001,2.155,2.46,2.159,0.05050628401375856,True,Crítica
2025-12-12 11:00:00,Pump_1,189310001,2.143,2.454,2.156,0.050536733124231806,True,Crítica
2025-12-12 11:30:00,Pump_1,189310001,2.158,2.46,2.157,0.05056924243051554,True,Crítica
2025-12-12 12:00:00,Pump_1,189310001,2.158,2.466,2.149,0.0506744927010631,True,Crítica
2025-12-12 12:30:00,Pump_1,189310001,2.149,2.455,2.157,0.05073736413493684,True,Crítica
2025-12-12 13:00:00,Pump_1,189310001,2.146,2.473,2.149,0.050719375164970874,True,Crítica
2025-12-12 13:30:00,Pump_1,189310001,2.149,2.459,2.168,0.05070503885982352,True,Crítica
2025-12-12 14:00:00,Pump_1,189310001,2.153,2.469,2.151,0.050672371513522746,True,Crítica
2025-12-12 14:30:00,Pump_1,189310001,2.161,2.474,2.165,0.0506639622548524,True,Crítica
2025-12-12 15:00:00,Pump_1,189310001,2.166,2.462,2.161,0.05068128591230234,True,Crítica
2025-12-12 15:30:00,Pump_1,189310001,2.163,2.468,2.17,0.050736833129362204,True,Crítica
2025-12-12 16:00:00,Pump_1,189310001,2.168,2.47,2.154,0.05066433402191803,True,Crítica
2025-12-12 16:30:00,Pump_1,189310001,2.153,2.473,2.162,0.05068124526332733,True,Crítica
2025-12-12 17:00:00,Pump_1,189310001,2.153,2.468,2.168,0.05055652371068326,True,Crítica
2025-12-12 17:30:00,Pump_1,189310001,2.155,2.473,2.157,0.05041009083819105,True,Crítica
2025-12-12 18:00:00,Pump_1,189310001,2.157,2.474,2.164,0.05037137750319113,True,Crítica
2025-12-12 18:30:00,Pump_1,189310001,2.169,2.47,2.158,0.050440948083191876,True,Crítica
2025-12-12 19:00:00,Pump_1,189310001,2.168,2.472,2.157,0.050619943026105646,True,Crítica
2025-12-12 19:30:00,Pump_1,189310001,2.172,2.455,2.173,0.050743173773877666,True,Crítica
2025-12-12 20:00:00,Pump_1,189310001,2.157,2.47,2.166,0.05106638717995893,True,Crítica
2025-12-12 20:30:00,Pump_1,189310001,2.17,2.467,2.161,0.05100821679595123,True,Crítica
2025-12-12 21:00:00,Pump_1,189310001,2.157,2.456,2.162,0.05059787799491487,True,Crítica
2025-12-12 21:30:00,Pump_1,189310001,2.551,2.467,2.174,0.05066374561057184,True,Crítica
2025-12-12 22:00:00,Pump_1,189310001,2.168,2.466,2.172,0.05293262712447978,True,Crítica
2025-12-12 22:30:00,Pump_1,189310001,2.155,2.463,2.178,0.052966953006644314,True,Crítica
2025-12-12 23:00:00,Pump_1,189310001,2.172,2.461,2.17,0.05283676575069366,True,Crítica
2025-12-12 23:30:00,Pump_1,189310001,2.165,2.462,2.164,0.05290608045755886,True,Crítica
2025-12-13 00:00:00,Pump_1,189310001,2.163,2.463,2.162,0.0529217587706101,True,Crítica
2025-12-13 00:30:00,Pump_1,189310001,2.164,2.458,2.162,0.052880690663535346,True,Crítica
2025-12-13 01:00:00,Pump_1,189310001,2.169,2.467,2.166,0.05297938519762921,True,Crítica
2025-12-13 01:30:00,Pump_1,189310001,2.158,2.46,2.18,0.05294539367198298,True,Crítica
2025-12-13 02:00:00,Pump_1,189310001,2.158,2.474,2.18,0.05299558471203724,True,Crítica
2025-12-13 02:30:00,Pump_1,189310001,2.162,2.473,2.182,0.052827187809810126,True,Crítica
2025-12-13 03:00:00,Pump_1,189310001,2.172,2.455,2.167,0.052620918646875556,True,Crítica
2025-12-13 03:30:00,Pump_1,189310001,2.172,2.463,2.178,0.052681227912815015,True,Crítica
2025-12-13 04:00:00,Pump_1,189310001,2.158,2.471,2.172,0.05271776784398708,True,Crítica
2025-12-13 04:30:00,Pump_1,189310001,2.166,2.458,2.183,0.052518713863515275,True,Crítica
2025-12-13 05:00:00,Pump_1,189310001,2.16,2.474,2.185,0.05252436298039953,True,Crítica
2025-12-13 05:30:00,Pump_1,189310001,2.172,2.468,2.167,0.052504339262143845,True,Crítica
2025-12-13 06:00:00,Pump_1,189310001,2.168,2.466,2.171,0.05255647948028159,True,Crítica
2025-12-13 06:30:00,Pump_1,189310001,2.167,2.467,2.18,0.052601923168684755,True,Crítica
2025-12-13 07:00:00,Pump_1,189310001,2.16,2.465,2.171,0.0524522293905795,True,Crítica
2025-12-13 07:30:00,Pump_1,189310001,2.171,2.457,2.177,0.05229426014116733,True,Crítica
2025-12-13 08:00:00,Pump_1,189310001,2.164,2.46,2.18,0.05237821382900718,True,Crítica
2025-12-13 08:30:00,Pump_1,189310001,2.16,2.468,2.172,0.05238671838333141,True,Crítica
2025-12-13 09:00:00,Pump_1,189310001,2.165,2.462,2.183,0.05226070808638669,True,Crítica
2025-12-13 09:30:00,Pump_1,189310001,2.164,2.456,2.177,0.05228637722161324,True,Crítica
2025-12-13 10:00:00,Pump_1,189310001,2.171,2.469,2.175,0.049913734126443364,True,Crítica
2025-12-13 10:30:00,Pump_1,189310001,2.172,2.469,2.18,0.049872598403345916,True,Crítica
2025-12-13 11:00:00,Pump_1,189310001,2.171,2.471,2.189,0.049923501598333184,True,Crítica
2025-12-13 11:30:00,Pump_1,189310001,2.17,2.468,2.181,0.04975934346417862,True,Crítica
2025-12-13 12:00:00,Pump_1,189310001,2.16,2.464,2.175,0.04965169256484493,True,Crítica
2025-12-13 12:30:00,Pump_1,189310001,2.161,2.468,2.194,0.04954973968955802,True,Crítica
2025-12-13 13:00:00,Pump_1,189310001,2.164,2.468,2.18,0.04933799096287778,True,Crítica
2025-12-13 13:30:00,Pump_1,189310001,2.163,2.465,2.194,0.0491995134505007,True,Crítica
2025-12-13 14:00:00,Pump_1,189310001,2.163,2.463,2.196,0.04920634759862877,True,Crítica
2025-12-13 14:30:00,Pump_1,189310001,2.174,2.456,2.181,0.049140122681445464,True,Crítica
2025-12-13 15:00:00,Pump_1,189310001,2.155,2.465,2.182,0.04920224893639202,True,Crítica
2025-12-13 15:30:00,Pump_1,189310001,2.161,2.469,2.186,0.04901445089853911,True,Crítica
2025-12-13 16:00:00,Pump_1,189310001,2.164,2.468,2.195,0.048931974814833704,True,Crítica
2025-12-13 16:30:00,Pump_1,189310001,2.161,2.467,2.195,0.0488253867271885,True,Crítica
2025-12-13 17:00:00,Pump_1,189310001,2.157,2.464,2.188,0.048757524822162744,True,Crítica
2025-12-13 17:30:00,Pump_1,189310001,2.162,2.461,2.194,0.04871603036083262,True,Crítica
2025-12-13 18:00:00,Pump_1,189310001,2.161,2.461,2.182,0.04852813933313835,True,Crítica
2025-12-13 18:30:00,Pump_1,189310001,2.173,2.453,2.183,0.04846009806165224,True,Crítica
2025-12-13 19:00:00,Pump_1,189310001,2.168,2.46,2.201,0.048529536856616554,True,Crítica
2025-12-13 19:30:00,Pump_1,189310001,2.156,2.471,2.198,0.0484349159524147,True,Crítica
2025-12-13 20:00:00,Pump_1,189310001,2.168,2.456,2.19,0.04818082468568083,True,Crítica
2025-12-13 20:30:00,Pump_1,189310001,2.168,2.471,2.194,0.048197508643981285,True,Crítica
2025-12-13 21:00:00,Pump_1,189310001,2.164,2.455,2.199,0.048084990957342685,True,Crítica
2025-12-13 21:30:00,Pump_1,189310001,2.171,2.453,2.199,0.04803520794390456,True,Crítica
2025-12-13 22:00:00,Pump_1,189310001,2.17,2.462,2.201,0.04800718171387943,True,Crítica
2025-12-13 22:30:00,Pump_1,189310001,2.173,2.465,2.189,0.04789057691049571,True,Crítica
2025-12-13 23:00:00,Pump_1,189310001,2.168,2.459,2.188,0.04788211166854281,True,Crítica
2025-12-13 23:30:00,Pump_1,189310001,2.163,2.468,2.19,0.04789451836155168,True,Crítica
2025-12-14 00:00:00,Pump_1,189310001,2.164,2.47,2.191,0.04778378352464906,True,Crítica
2025-12-14 00:30:00,Pump_1,189310001,2.159,2.455,2.205,0.04769563100929068,True,Crítica
2025-12-14 01:00:00,Pump_1,189310001,2.17,2.452,2.207,0.04768795493276898,True,Crítica
2025-12-14 01:30:00,Pump_1,189310001,2.171,2.469,2.202,0.047636819290289574,True,Crítica
2025-12-14 02:00:00,Pump_1,189310001,2.167,2.467,2.203,0.047633526059536774,True,Crítica
2025-12-14 02:30:00,Pump_1,189310001,2.173,2.451,2.209,0.04761299138833646,True,Crítica
2025-12-14 03:00:00,Pump_1,189310001,2.161,2.453,2.204,0.04749538919600495,True,Crítica
2025-12-14 03:30:00,Pump_1,189310001,2.156,2.469,2.197,0.047477925212125086,True,Crítica
2025-12-14 04:00:00,Pump_1,189310001,2.173,2.468,2.205,0.04736296662054159,True,Crítica
2025-12-14 04:30:00,Pump_1,189310001,2.161,2.461,2.194,0.04734316351218762,True,Crítica
2025-12-14 05:00:00,Pump_1,189310001,2.159,2.451,2.197,0.04736187126609667,True,Crítica
2025-12-14 05:30:00,Pump_1,189310001,2.155,2.47,2.194,0.04736774941994357,True,Crítica
2025-12-14 06:00:00,Pump_1,189310001,2.17,2.469,2.208,0.04728399107424075,True,Crítica
2025-12-14 06:30:00,Pump_1,189310001,2.172,2.456,2.211,0.04716001921907456,True,Crítica
2025-12-14 07:00:00,Pump_1,189310001,2.155,2.464,2.214,0.047005849902954935,True,Crítica
2025-12-14 07:30:00,Pump_1,189310001,2.168,2.461,2.212,0.0468868644120345,True,Crítica
2025-12-14 08:00:00,Pump_1,189310001,2.163,2.461,2.216,0.04688379383860608,True,Crítica
2025-12-14 08:30:00,Pump_1,189310001,2.172,2.47,2.199,0.046738023180578146,True,Crítica
2025-12-14 09:00:00,Pump_1,189310001,2.161,2.455,2.209,0.04670188708028125,True,Crítica
2025-12-14 09:30:00,Pump_1,189310001,2.17,2.467,2.206,0.04664976808108969,True,Crítica
2025-12-14 10:00:00,Pump_1,189310001,2.166,2.451,2.201,0.04656686483658669,True,Crítica
2025-12-14 10:30:00,Pump_1,189310001,2.156,2.459,2.205,0.04660394765463075,True,Crítica
2025-12-14 11:00:00,Pump_1,189310001,2.158,2.46,2.212,0.04644166223241786,True,Crítica
2025-12-14 11:30:00,Pump_1,189310001,2.171,2.464,2.219,0.046248722859031505,True,Crítica
2025-12-14 12:00:00,Pump_1,189310001,2.164,2.454,2.219,0.04616256325035595,True,Crítica
2025-12-14 12:30:00,Pump_1,189310001,2.17,2.455,2.211,0.04606157903865156,True,Crítica
2025-12-14 13:00:00,Pump_1,189310001,2.162,2.455,2.204,0.0461090754477421,True,Crítica
2025-12-14 13:30:00,Pump_1,189310001,2.155,2.468,2.22,0.04608826777599742,True,Crítica
2025-12-14 14:00:00,Pump_1,189310001,2.168,2.454,2.221,0.04590402601697453,True,Crítica
2025-12-14 14:30:00,Pump_1,189310001,2.172,2.457,2.214,0.04587965600947966,True,Crítica
2025-12-14 15:00:00,Pump_1,189310001,2.165,2.469,2.216,0.045851633750228646,True,Crítica
2025-12-14 15:30:00,Pump_1,189310001,2.162,2.462,2.208,0.045750311258554395,True,Crítica
2025-12-14 16:00:00,Pump_1,189310001,2.155,2.458,2.22,0.04573845815571506,True,Crítica
2025-12-14 16:30:00,Pump_1,189310001,2.164,2.46,2.212,0.04559794123061762,True,Crítica
2025-12-14 17:00:00,Pump_1,189310001,2.166,2.453,2.21,0.04551214008723006,True,Crítica
2025-12-14 17:30:00,Pump_1,189310001,2.162,2.468,2.208,0.04547306987272784,True,Crítica
2025-12-14 18:00:00,Pump_1,189310001,2.158,2.459,2.219,0.04541484636896865,True,Crítica
2025-12-14 18:30:00,Pump_1,189310001,2.16,2.453,2.213,0.045324616768983396,True,Crítica
2025-12-14 19:00:00,Pump_1,189310001,2.17,2.455,2.214,0.04526904222989996,True,Crítica
2025-12-14 19:30:00,Pump_1,189310001,2.163,2.466,2.218,0.045392236275900305,True,Crítica
2025-12-14 20:00:00,Pump_1,189310001,2.169,2.45,2.22,0.045313455971267735,True,Crítica
2025-12-14 20:30:00,Pump_1,189310001,2.153,2.456,2.23,0.04538588020892029,True,Crítica
2025-12-14 21:00:00,Pump_1,189310001,2.155,2.45,2.224,0.04516124343851444,True,Crítica
2025-12-14 21:30:00,Pump_1,189310001,2.169,2.464,2.216,0.045074201805466556,True,Crítica
2025-12-14 22:00:00,Pump_1,189310001,2.161,2.468,2.224,0.04502203742788274,True,Crítica
2025-12-14 22:30:00,Pump_1,189310001,2.167,2.456,2.22,0.04479873751373712,True,Crítica
2025-12-14 23:00:00,Pump_1,189310001,2.165,2.471,2.216,0.044789565042679606,True,Crítica
2025-12-14 23:30:00,Pump_1,189310001,2.172,2.461,2.214,0.0447558638078038,True,Crítica
2025-12-15 00:00:00,Pump_1,189310001,2.164,2.469,2.212,0.04481138110819186,True,Crítica
2025-12-15 00:30:00,Pump_1,189310001,2.164,2.459,2.212,0.044794200815621264,True,Crítica
2025-12-15 01:00:00,Pump_1,189310001,2.165,2.462,2.227,0.0447454489745378,True,Crítica
2025-12-15 01:30:00,Pump_1,189310001,2.163,2.475,2.212,0.044610356763337855,True,Crítica
2025-12-15 02:00:00,Pump_1,189310001,2.167,2.462,2.218,0.0446575876818312,True,Crítica
2025-12-15 02:30:00,Pump_1,189310001,2.157,2.458,2.213,0.04465335778706159,True,Crítica
2025-12-15 03:00:00,Pump_1,189310001,2.164,2.476,2.226,0.04457755010289669,True,Crítica
2025-12-15 03:30:00,Pump_1,189310001,2.158,2.471,2.231,0.04448385452668689,True,Crítica
2025-12-15 04:00:00,Pump_1,189310001,2.158,2.47,2.214,0.04429747153376687,True,Crítica
2025-12-15 04:30:00,Pump_1,189310001,2.156,2.461,2.215,0.04429886348884452,True,Crítica
2025-12-15 05:00:00,Pump_1,189310001,2.163,2.463,2.232,0.044239181511293295,True,Crítica
2025-12-15 05:30:00,Pump_1,189310001,2.167,2.471,2.223,0.04407826381002228,True,Crítica
2025-12-15 06:00:00,Pump_1,189310001,2.154,2.481,2.214,0.044017768054435656,True,Crítica
2025-12-15 06:30:00,Pump_1,189310001,2.165,2.473,2.229,0.04397016236003327,True,Crítica
2025-12-15 07:00:00,Pump_1,189310001,2.169,2.481,2.23,0.04384495987187279,True,Crítica
2025-12-15 07:30:00,Pump_1,189310001,2.159,2.482,2.23,0.04369143637551027,True,Crítica
2025-12-15 08:00:00,Pump_1,189310001,2.163,2.473,2.225,0.043586391815315394,True,Crítica
2025-12-15 08:30:00,Pump_1,189310001,2.152,2.476,2.214,0.04344181464386317,True,Crítica
2025-12-15 09:00:00,Pump_1,189310001,2.156,2.467,2.23,0.04344512160375223,True,Crítica
2025-12-15 09:30:00,Pump_1,189310001,2.162,2.482,2.233,0.043362490530719264,True,Crítica
2025-12-15 10:00:00,Pump_1,189310001,2.152,2.486,2.229,0.04318739889430564,True,Crítica
2025-12-15 10:30:00,Pump_1,189310001,2.159,2.478,2.232,0.04309273457628379,True,Crítica
2025-12-15 11:00:00,Pump_1,189310001,2.161,2.476,2.224,0.042903599119459096,True,Crítica
2025-12-15 11:30:00,Pump_1,189310001,2.166,2.479,2.216,0.04283583005874156,True,Crítica
2025-12-15 12:00:00,Pump_1,189310001,2.152,2.48,2.227,0.04273172122068357,True,Crítica
2025-12-15 12:30:00,Pump_1,189310001,2.165,2.492,2.232,0.04255219763351046,True,Crítica
2025-12-15 13:00:00,Pump_1,189310001,2.15,2.478,2.227,0.04240958243837431,True,Crítica
2025-12-15 13:30:00,Pump_1,189310001,2.165,2.488,2.22,0.042266236305642205,True,Crítica
2025-12-15 14:00:00,Pump_1,189310001,2.158,2.483,2.222,0.04222874745681869,True,Crítica
2025-12-15 14:30:00,Pump_1,189310001,2.159,2.478,2.228,0.0420646174618745,True,Crítica
2025-12-15 15:00:00,Pump_1,189310001,2.163,2.479,2.226,0.041913529801583735,True,Crítica
2025-12-15 15:30:00,Pump_1,189310001,2.168,2.481,2.233,0.04190340475761062,True,Crítica
2025-12-15 16:00:00,Pump_1,189310001,2.153,2.479,2.233,0.04192265555134589,True,Crítica
2025-12-15 16:30:00,Pump_1,189310001,2.16,2.496,2.229,0.04176393411840373,True,Crítica
2025-12-15 17:00:00,Pump_1,189310001,2.156,2.498,2.226,0.041662711898640375,True,Crítica
2025-12-15 17:30:00,Pump_1,189310001,2.149,2.491,2.233,0.04161260949351528,True,Crítica
2025-12-15 18:00:00,Pump_1,189310001,2.163,2.494,2.226,0.04141156721487024,True,Crítica
2025-12-15 18:30:00,Pump_1,189310001,2.167,2.494,2.216,0.04141604698157861,True,Crítica
2025-12-15 19:00:00,Pump_1,189310001,2.155,2.49,2.224,0.041465986593333386,True,Crítica
2025-12-15 19:30:00,Pump_1,189310001,2.154,2.49,2.226,0.04139501382136627,True,Crítica
2025-12-15 20:00:00,Pump_1,189310001,2.167,2.492,2.219,0.0413815606407744,True,Crítica
2025-12-15 20:30:00,Pump_1,189310001,2.158,2.498,2.224,0.04139157860710798,True,Crítica
2025-12-15 21:00:00,Pump_1,189310001,2.156,2.497,2.233,0.04137779292746892,True,Crítica
2025-12-15 21:30:00,Pump_1,189310001,2.163,2.499,2.234,0.041292572868039557,True,Crítica
2025-12-15 22:00:00,Pump_1,189310001,2.157,2.504,2.219,0.04131239414552831,True,Crítica
2025-12-15 22:30:00,Pump_1,189310001,2.667,2.489,2.219,0.04144693618339044,True,Crítica
2025-12-15 23:00:00,Pump_1,189310001,2.147,2.49,2.222,0.044544771857310615,True,Crítica
2025-12-15 23:30:00,Pump_1,189310001,2.152,2.49,2.222,0.0444060172248926,True,Crítica
2025-12-16 00:00:00,Pump_1,189310001,2.148,2.509,2.219,0.04426546078286289,True,Crítica
2025-12-16 00:30:00,Pump_1,189310001,2.157,2.491,2.222,0.04437018961419186,True,Crítica
2025-12-16 01:00:00,Pump_1,189310001,2.149,2.495,2.229,0.04434897462719489,True,Crítica
2025-12-16 01:30:00,Pump_1,189310001,2.163,2.498,2.22,0.044286392410853,True,Crítica
2025-12-16 02:00:00,Pump_1,189310001,2.165,2.507,2.235,0.04426845466269777,True,Crítica
2025-12-16 02:30:00,Pump_1,189310001,2.159,2.504,2.236,0.04424559098725833,True,Crítica
2025-12-16 03:00:00,Pump_1,189310001,2.163,2.501,2.233,0.04415051265472017,True,Crítica
2025-12-16 03:30:00,Pump_1,189310001,2.161,2.504,2.218,0.04403026623174241,True,Crítica
2025-12-16 04:00:00,Pump_1,189310001,2.164,2.503,2.22,0.04398781675171367,True,Crítica
2025-12-16 04:30:00,Pump_1,189310001,2.145,2.516,2.228,0.044124310074939214,True,Crítica
2025-12-16 05:00:00,Pump_1,189310001,2.158,2.515,2.229,0.044141419424860516,True,Crítica
2025-12-16 05:30:00,Pump_1,189310001,2.163,2.509,2.22,0.04421899257343886,True,Crítica
2025-12-16 06:00:00,Pump_1,189310001,2.161,2.516,2.218,0.044485662774013474,True,Crítica
2025-12-16 06:30:00,Pump_1,189310001,2.163,2.5,2.224,0.044650789951248,True,Crítica
2025-12-16 07:00:00,Pump_1,189310001,2.158,2.506,2.226,0.04462690638783259,True,Crítica
2025-12-16 07:30:00,Pump_1,189310001,2.144,2.514,2.235,0.044727675353094735,True,Crítica
2025-12-16 08:00:00,Pump_1,189310001,2.146,2.52,2.219,0.044791565594630926,True,Crítica
2025-12-16 08:30:00,Pump_1,189310001,2.149,2.511,2.238,0.04485917072117104,True,Crítica
2025-12-16 09:00:00,Pump_1,189310001,2.146,2.522,2.219,0.0448699649393221,True,Crítica
2025-12-16 09:30:00,Pump_1,189310001,2.152,2.517,2.22,0.045066054592698475,True,Crítica
2025-12-16 10:00:00,Pump_1,189310001,2.146,2.516,2.237,0.0451632780923671,True,Crítica
2025-12-16 10:30:00,Pump_1,189310001,2.158,2.517,2.225,0.045039165840939636,True,Crítica
2025-12-16 11:00:00,Pump_1,189310001,2.153,2.511,2.237,0.04104556166188954,True,Crítica
2025-12-16 11:30:00,Pump_1,189310001,2.154,2.508,2.23,0.04097847776726988,True,Crítica
2025-12-16 12:00:00,Pump_1,189310001,2.161,2.52,2.236,0.04093935052037657,True,Crítica
2025-12-16 12:30:00,Pump_1,189310001,2.144,2.524,2.237,0.04094869711715902,True,Crítica
2025-12-16 13:00:00,Pump_1,189310001,2.146,2.525,2.236,0.04078193399864369,True,Crítica
2025-12-16 13:30:00,Pump_1,189310001,2.154,2.529,2.239,0.040768972534953374,True,Crítica
2025-12-16 14:00:00,Pump_1,189310001,2.156,2.523,2.234,0.040680991249603324,True,Crítica
2025-12-16 14:30:00,Pump_1,189310001,2.142,2.525,2.239,0.040611554772710313,True,Crítica
2025-12-16 15:00:00,Pump_1,189310001,2.147,2.52,2.223,0.040477850054311704,True,Crítica
2025-12-16 15:30:00,Pump_1,189310001,2.16,2.53,2.232,0.04040354928527117,True,Crítica
2025-12-16 16:00:00,Pump_1,189310001,2.148,2.524,2.238,0.04037481409919022,True,Crítica
2025-12-16 16:30:00,Pump_1,189310001,2.149,2.527,2.229,0.040199594178816196,True,Crítica
2025-12-16 17:00:00,Pump_1,189310001,2.145,2.519,2.228,0.040237519845696214,True,Crítica
2025-12-16 17:30:00,Pump_1,189310001,2.158,2.528,2.238,0.0401376480994549,True,Crítica
2025-12-16 18:00:00,Pump_1,189310001,2.149,2.536,2.234,0.04001588666711726,True,Crítica
2025-12-16 18:30:00,Pump_1,189310001,2.156,2.52,2.234,0.03984914291441557,True,Crítica
2025-12-16 19:00:00,Pump_1,189310001,2.158,2.525,2.23,0.0397117471869533,True,Crítica
2025-12-16 19:30:00,Pump_1,189310001,2.143,2.534,2.235,0.03968914254562279,True,Crítica
2025-12-16 20:00:00,Pump_1,189310001,2.142,2.537,2.221,0.03972587430120448,True,Crítica
2025-12-16 20:30:00,Pump_1,189310001,2.159,2.528,2.238,0.03976503732214796,True,Crítica
2025-12-16 21:00:00,Pump_1,189310001,2.151,2.526,2.222,0.03983222692727251,True,Crítica
2025-12-16 21:30:00,Pump_1,189310001,2.14,2.529,2.237,0.03987158743657197,True,Crítica
2025-12-16 22:00:00,Pump_1,189310001,2.145,2.527,2.237,0.03974300406060643,True,Crítica
2025-12-16 22:30:00,Pump_1,189310001,2.144,2.523,2.52,0.039754879876019694,True,Crítica
2025-12-16 23:00:00,Pump_1,189310001,2.14,2.535,2.227,0.040084656578777716,True,Crítica
2025-12-16 23:30:00,Pump_1,189310001,2.153,2.534,2.24,0.04002173763999858,True,Crítica
2025-12-17 00:00:00,Pump_1,189310001,2.14,2.532,2.224,0.039959823034120996,True,Crítica
2025-12-17 00:30:00,Pump_1,189310001,2.154,2.534,2.23,0.039846396611020136,True,Crítica
2025-12-17 01:00:00,Pump_1,189310001,2.148,2.537,2.241,0.03992920470926471,True,Crítica
2025-12-17 01:30:00,Pump_1,189310001,2.143,2.534,2.232,0.039905690248320226,True,Crítica
2025-12-17 02:00:00,Pump_1,189310001,2.146,2.541,2.243,0.0398220259940896,True,Crítica
2025-12-17 02:30:00,Pump_1,189310001,2.143,2.523,2.226,0.03970336257173579,True,Crítica
2025-12-17 03:00:00,Pump_1,189310001,2.152,2.53,2.243,0.03970515962265153,True,Crítica
2025-12-17 03:30:00,Pump_1,189310001,2.137,2.526,2.547,0.03961808359030152,True,Crítica
2025-12-17 04:00:00,Pump_1,189310001,2.138,2.535,2.241,0.03997563108023001,True,Crítica
2025-12-17 04:30:00,Pump_1,189310001,2.144,2.519,2.239,0.03981945423789668,True,Crítica
2025-12-17 05:00:00,Pump_1,189310001,2.133,2.531,2.231,0.039604302719565984,True,Crítica
2025-12-17 05:30:00,Pump_1,189310001,2.147,2.523,2.234,0.03947881367504469,True,Crítica
2025-12-17 06:00:00,Pump_1,189310001,2.149,2.532,2.247,0.03932049492284606,True,Crítica
2025-12-17 06:30:00,Pump_1,189310001,2.137,2.527,2.23,0.03920216858627434,True,Crítica
2025-12-17 07:00:00,Pump_1,189310001,2.139,2.527,2.242,0.03907458685701252,True,Crítica
2025-12-17 07:30:00,Pump_1,189310001,2.137,2.523,2.229,0.038887042246512155,True,Crítica
2025-12-17 08:00:00,Pump_1,189310001,2.144,2.522,2.233,0.038892464825295514,True,Crítica
2025-12-17 08:30:00,Pump_1,189310001,2.142,2.523,2.242,0.038902207822755185,True,Crítica
2025-12-17 09:00:00,Pump_1,189310001,2.133,2.515,2.23,0.038826333170065265,True,Crítica
2025-12-17 09:30:00,Pump_1,189310001,2.138,2.519,2.237,0.03869781683076053,True,Crítica
2025-12-17 10:00:00,Pump_1,189310001,2.141,2.529,2.237,0.03882789683528997,True,Crítica
2025-12-17 10:30:00,Pump_1,189310001,2.137,2.517,2.239,0.038764571235621034,True,Crítica
2025-12-17 11:00:00,Pump_1,189310001,2.141,2.526,2.246,0.03795679264731652,True,Crítica
2025-12-17 11:30:00,Pump_1,189310001,2.133,2.517,2.246,0.03790783626848396,True,Crítica
2025-12-17 12:00:00,Pump_1,189310001,2.131,2.514,2.248,0.03775047713023829,True,Crítica
2025-12-17 12:30:00,Pump_1,189310001,2.138,2.519,2.251,0.03764405187436516,True,Crítica
2025-12-17 13:00:00,Pump_1,189310001,2.141,2.511,2.237,0.03751482624058776,True,Crítica
2025-12-17 13:30:00,Pump_1,189310001,2.14,2.516,2.246,0.037574279332886956,True,Crítica
2025-12-17 14:00:00,Pump_1,189310001,2.133,2.519,2.238,0.03760761483214713,True,Crítica
2025-12-17 14:30:00,Pump_1,189310001,2.135,2.526,2.237,0.03761468164561586,True,Crítica
2025-12-17 15:00:00,Pump_1,189310001,2.138,2.528,2.242,0.03776167212347895,True,Crítica
2025-12-17 15:30:00,Pump_1,189310001,2.128,2.516,2.251,0.03762956192526038,True,Crítica
2025-12-17 16:00:00,Pump_1,189310001,2.126,2.516,2.25,0.03645770160206835,True,Crítica
2025-12-17 16:30:00,Pump_1,189310001,2.13,2.524,2.238,0.03629213096983566,True,Crítica
2025-12-17 17:00:00,Pump_1,189310001,2.119,2.521,2.25,0.03621842745050262,True,Crítica
2025-12-17 17:30:00,Pump_1,189310001,2.133,2.516,2.244,0.03604550492104297,True,Crítica
2025-12-17 18:00:00,Pump_1,189310001,2.131,2.509,2.238,0.03587361298894537,True,Crítica
2025-12-17 18:30:00,Pump_1,189310001,2.127,2.507,2.255,0.03572916518330217,True,Crítica
2025-12-17 19:00:00,Pump_1,189310001,2.116,2.52,2.25,0.03551862027111374,True,Crítica
2025-12-17 19:30:00,Pump_1,189310001,2.455,2.513,2.244,0.035307711745757316,True,Crítica
2025-12-17 20:00:00,Pump_1,189310001,2.131,2.511,2.24,0.03711372258999263,True,Crítica
2025-12-17 20:30:00,Pump_1,189310001,2.129,2.52,2.257,0.03694245855626261,True,Crítica
2025-12-17 21:00:00,Pump_1,189310001,2.119,2.521,2.257,0.03675184855923024,True,Crítica
2025-12-17 21:30:00,Pump_1,189310001,2.112,2.52,2.25,0.036553837052284155,True,Crítica
2025-12-17 22:00:00,Pump_1,189310001,2.113,2.519,2.243,0.03633503254505807,True,Crítica
2025-12-17 22:30:00,Pump_1,189310001,2.127,2.509,2.257,0.03611638418743622,True,Crítica
2025-12-17 23:00:00,Pump_1,189310001,2.113,2.509,2.252,0.03593696036702551,True,Crítica
2025-12-17 23:30:00,Pump_1,189310001,2.119,2.503,2.256,0.03567405414596249,True,Crítica
2025-12-18 00:00:00,Pump_1,189310001,2.126,2.512,2.245,0.03553425140036862,True,Crítica
2025-12-18 00:30:00,Pump_1,189310001,2.11,2.5,2.254,0.03549282989624642,True,Crítica
2025-12-18 01:00:00,Pump_1,189310001,2.12,2.507,2.247,0.035302010159513314,True,Crítica
2025-12-18 01:30:00,Pump_1,189310001,2.112,2.51,2.246,0.03512156671390386,True,Crítica
2025-12-18 02:00:00,Pump_1,189310001,2.112,2.508,2.244,0.03492484012778612,True,Crítica
2025-12-18 02:30:00,Pump_1,189310001,2.115,2.512,2.263,0.0347695944647248,True,Crítica
2025-12-18 03:00:00,Pump_1,189310001,2.113,2.505,2.263,0.03450025358782179,True,Crítica
2025-12-18 03:30:00,Pump_1,189310001,2.112,2.516,2.253,0.03421525617546326,True,Crítica
2025-12-18 04:00:00,Pump_1,189310001,2.121,2.514,2.249,0.034136213679630684,True,Crítica
2025-12-18 04:30:00,Pump_1,189310001,2.112,2.497,2.256,0.03414742853738452,True,Crítica
2025-12-18 05:00:00,Pump_1,189310001,2.115,2.509,2.264,0.03400550334820508,True,Crítica
2025-12-18 05:30:00,Pump_1,189310001,2.105,2.509,2.256,0.03393770393952829,True,Crítica
2025-12-18 06:00:00,Pump_1,189310001,2.113,2.513,2.252,0.03374376658378438,True,Crítica
2025-12-18 06:30:00,Pump_1,189310001,2.1,2.5,2.262,0.03364202661691815,True,Crítica
2025-12-18 07:00:00,Pump_1,189310001,2.108,2.503,2.261,0.03347910731208256,True,Crítica
2025-12-18 07:30:00,Pump_1,189310001,2.101,2.502,2.258,0.03337004809801107,True,Crítica
2025-12-18 08:00:00,Pump_1,189310001,2.1,2.506,2.265,0.030729434083471223,True,Leve
2025-12-18 08:30:00,Pump_1,189310001,2.101,2.501,2.267,0.03042469893774629,True,Leve
2025-12-18 09:00:00,Pump_1,189310001,2.096,2.503,2.252,0.03020070026289108,True,Leve
2025-12-18 09:30:00,Pump_1,189310001,2.114,2.493,2.264,0.030073894107709935,True,Leve
2025-12-18 10:00:00,Pump_1,189310001,2.103,2.507,2.267,0.030042665160103343,True,Leve
2025-12-18 10:30:00,Pump_1,189310001,2.096,2.508,2.254,0.029837613650738434,True,Leve
2025-12-18 11:00:00,Pump_1,189310001,2.101,2.496,2.254,0.029622823732111003,True,Leve
2025-12-18 11:30:00,Pump_1,189310001,2.099,2.507,2.265,0.02954295859773802,True,Leve
2025-12-18 12:00:00,Pump_1,189310001,2.094,2.507,2.262,0.029361572801378816,True,Leve
2025-12-18 12:30:00,Pump_1,189310001,2.11,2.507,2.254,0.029003008649195645,True,Leve
2025-12-18 13:00:00,Pump_1,189310001,2.09,2.506,2.256,0.02896355719122278,True,Leve
2025-12-18 13:30:00,Pump_1,189310001,2.099,2.486,2.264,0.028730569794498048,True,Leve
2025-12-18 14:00:00,Pump_1,189310001,2.093,2.49,2.262,0.028663651991880295,True,Leve
2025-12-18 14:30:00,Pump_1,189310001,2.105,2.487,2.261,0.028537036458836613,True,Leve
2025-12-18 15:00:00,Pump_1,189310001,2.104,2.493,2.27,0.028527636202888992,True,Leve
2025-12-18 15:30:00,Pump_1,189310001,2.092,2.504,2.264,0.0285277518255246,True,Leve
2025-12-18 16:00:00,Pump_1,189310001,2.093,2.492,2.263,0.028343351072528597,True,Leve
2025-12-18 16:30:00,Pump_1,189310001,2.096,2.498,2.274,0.028121327460489884,True,Leve
2025-12-18 17:00:00,Pump_1,189310001,2.093,2.487,2.26,0.027960134981831267,True,Leve
2025-12-18 17:30:00,Pump_1,189310001,2.101,2.494,2.262,0.027947324333887705,True,Leve
2025-12-18 18:00:00,Pump_1,189310001,2.093,2.501,2.271,0.027957133496063998,True,Leve
2025-12-18 18:30:00,Pump_1,189310001,2.087,2.495,2.266,0.027713350563900674,True,Leve
2025-12-18 19:00:00,Pump_1,189310001,2.087,2.49,2.259,0.027625772019911687,True,Leve
2025-12-18 19:30:00,Pump_1,189310001,2.086,2.499,2.267,0.02755697381543793,True,Leve
2025-12-18 20:00:00,Pump_1,189310001,2.096,2.481,2.263,0.027460768746136077,True,Leve
2025-12-18 20:30:00,Pump_1,189310001,2.091,2.49,2.26,0.02751767536981349,True,Leve
2025-12-18 21:00:00,Pump_1,189310001,2.084,2.491,2.269,0.027521858759834233,True,Leve
2025-12-18 21:30:00,Pump_1,189310001,2.081,2.496,2.27,0.027356374599473446,True,Leve
2025-12-18 22:00:00,Pump_1,189310001,2.083,2.48,2.267,0.027129384240579875,True,Leve
2025-12-18 22:30:00,Pump_1,189310001,2.093,2.489,2.274,0.02708334200129471,True,Leve
2025-12-18 23:00:00,Pump_1,189310001,2.082,2.488,2.271,0.026950316843454378,True,Leve
2025-12-18 23:30:00,Pump_1,189310001,2.093,2.49,2.267,0.026801430850954242,True,Leve
2025-12-19 00:00:00,Pump_1,189310001,2.087,2.484,2.268,0.0267786511159144,True,Leve
2025-12-19 00:30:00,Pump_1,189310001,2.088,2.478,2.263,0.026766592354764883,True,Leve
2025-12-19 01:00:00,Pump_1,189310001,2.089,2.486,2.282,0.026674061431660918,True,Leve
2025-12-19 01:30:00,Pump_1,189310001,2.084,2.493,2.277,0.02654434493409821,True,Leve
2025-12-19 02:00:00,Pump_1,189310001,2.079,2.48,2.28,0.026371024852368467,True,Leve
2025-12-19 02:30:00,Pump_1,189310001,2.09,2.488,2.265,0.026219032012214483,True,Leve
2025-12-19 03:00:00,Pump_1,189310001,2.08,2.48,2.284,0.026103978800627113,True,Leve
2025-12-19 03:30:00,Pump_1,189310001,2.085,2.493,2.285,0.025976382885516697,True,Leve
2025-12-19 04:00:00,Pump_1,189310001,2.083,2.498,2.282,0.025804849512321718,True,Leve
2025-12-19 04:30:00,Pump_1,189310001,2.089,2.48,2.275,0.025612903140462724,True,Leve
2025-12-19 05:00:00,Pump_1,189310001,2.074,2.481,2.281,0.02562680987495537,True,Leve
2025-12-19 05:30:00,Pump_1,189310001,2.076,2.495,2.271,0.025433117655644252,True,Leve
2025-12-19 06:00:00,Pump_1,189310001,2.081,2.488,2.277,0.025251803475800635,True,Leve
2025-12-19 06:30:00,Pump_1,189310001,2.071,2.5,2.279,0.0251804273716625,True,Leve
2025-12-19 07:00:00,Pump_1,189310001,2.072,2.49,2.278,0.02498288699258077,True,Leve
2025-12-19 07:30:00,Pump_1,189310001,2.081,2.492,2.285,0.024787893786575744,True,Leve
2025-12-19 08:00:00,Pump_1,189310001,2.069,2.492,2.29,0.02468063400008232,True,Leve
2025-12-19 08:30:00,Pump_1,189310001,2.076,2.492,2.289,0.02434770333866817,True,Leve
2025-12-19 09:00:00,Pump_1,189310001,2.087,2.494,2.292,0.024096899100356912,True,Leve
2025-12-19 09:30:00,Pump_1,189310001,2.082,2.497,2.29,0.023987791575550484,True,Leve
2025-12-19 10:00:00,Pump_1,189310001,2.068,2.499,2.277,0.023890360541360497,True,Leve
2025-12-19 10:30:00,Pump_1,189310001,2.077,2.504,2.284,0.02368289295543556,True,Leve
2025-12-19 11:00:00,Pump_1,189310001,2.07,2.504,2.291,0.023510434255869763,True,Leve
2025-12-19 11:30:00,Pump_1,189310001,2.068,2.497,2.295,0.023294030744125623,True,Leve
2025-12-19 12:00:00,Pump_1,189310001,2.072,2.5,2.28,0.02299045428049308,True,Leve
2025-12-19 12:30:00,Pump_1,189310001,2.078,2.505,2.28,0.022785308542623343,True,Leve
2025-12-24 21:30:00,Pump_1,189310001,2.06,2.653,2.414,0.022828613882221842,True,Leve
2025-12-24 22:00:00,Pump_1,189310001,2.066,2.654,2.402,0.023016383359998862,True,Leve
2025-12-24 22:30:00,Pump_1,189310001,2.069,2.642,2.409,0.023193562941790896,True,Leve
2025-12-24 23:00:00,Pump_1,189310001,2.071,2.644,2.411,0.023504707586577793,True,Leve
2025-12-25 00:30:00,Pump_1,189310001,2.079,2.645,2.394,0.022713988801696745,True,Leve
2025-12-25 01:00:00,Pump_1,189310001,2.069,2.658,2.396,0.02288661810739359,True,Leve
2025-12-25 01:30:00,Pump_1,189310001,2.085,2.643,2.393,0.02302254533470308,True,Leve
2025-12-25 02:00:00,Pump_1,189310001,2.068,2.644,2.403,0.02310664849146295,True,Leve
2025-12-25 02:30:00,Pump_1,189310001,2.086,2.664,2.406,0.023215454931492987,True,Leve
2025-12-25 03:00:00,Pump_1,189310001,2.086,2.656,2.394,0.02351935003453073,True,Leve
2025-12-25 03:30:00,Pump_1,189310001,2.069,2.665,2.398,0.023674538874844712,True,Leve
2025-12-25 04:00:00,Pump_1,189310001,2.071,2.654,2.393,0.02368466076800923,True,Leve
2025-12-25 04:30:00,Pump_1,189310001,2.075,3.131,2.397,0.023737849375707606,True,Leve
2025-12-25 05:00:00,Pump_1,189310001,2.071,2.661,2.392,0.026146194559399896,True,Leve
2025-12-25 05:30:00,Pump_1,189310001,2.077,2.663,2.402,0.026298360983427208,True,Leve
2025-12-25 06:00:00,Pump_1,189310001,2.09,2.65,2.392,0.026414498942255036,True,Leve
2025-12-25 06:30:00,Pump_1,189310001,2.076,2.664,2.39,0.02654315284743716,True,Leve
2025-12-25 07:00:00,Pump_1,189310001,2.091,2.663,2.407,0.026719979846865766,True,Leve
2025-12-25 07:30:00,Pump_1,189310001,2.089,2.67,2.389,0.026967635901802553,True,Leve
2025-12-25 08:00:00,Pump_1,189310001,2.095,2.666,2.39,0.027126314963202332,True,Leve
2025-12-25 08:30:00,Pump_1,189310001,2.09,2.655,2.404,0.02733210249092301,True,Leve
2025-12-25 09:00:00,Pump_1,189310001,2.092,2.657,2.406,0.027655120064237575,True,Leve
2025-12-25 09:30:00,Pump_1,189310001,2.092,2.664,2.397,0.027909989679263263,True,Leve
2025-12-25 10:00:00,Pump_1,189310001,2.09,2.674,2.406,0.028160489451645978,True,Leve
2025-12-25 10:30:00,Pump_1,189310001,2.084,2.665,2.397,0.028476667101021383,True,Leve
2025-12-25 11:00:00,Pump_1,189310001,2.099,2.671,2.397,0.028669382835761942,True,Leve
2025-12-25 11:30:00,Pump_1,189310001,2.099,2.67,2.409,0.028930755202451943,True,Leve
2025-12-25 12:00:00,Pump_1,189310001,2.084,2.673,2.397,0.029113602310931345,True,Leve
2025-12-25 12:30:00,Pump_1,189310001,2.09,2.677,2.4,0.029205549740036703,True,Leve
2025-12-25 13:00:00,Pump_1,189310001,2.464,2.673,2.407,0.029382663774943103,True,Leve
2025-12-25 13:30:00,Pump_1,189310001,2.087,2.669,2.403,0.0318445744284614,True,Leve
2025-12-25 14:00:00,Pump_1,189310001,2.098,2.671,2.404,0.03196463500709782,True,Leve
2025-12-25 14:30:00,Pump_1,189310001,2.102,2.67,2.397,0.03224312890028866,True,Leve
2025-12-25 15:00:00,Pump_1,189310001,2.094,2.68,2.396,0.03228682576559873,True,Leve
2025-12-25 15:30:00,Pump_1,189310001,2.09,2.682,2.397,0.032417513545898884,True,Leve
2025-12-25 16:00:00,Pump_1,189310001,2.101,2.677,2.412,0.032623825152659686,True,Crítica
2025-12-25 16:30:00,Pump_1,189310001,2.108,2.681,2.396,0.03303920511252012,True,Crítica
2025-12-25 17:00:00,Pump_1,189310001,2.103,3.035,2.409,0.03104192986958016,True,Leve
2025-12-25 17:30:00,Pump_1,189310001,2.108,2.683,2.402,0.0330302794368285,True,Crítica
2025-12-25 18:00:00,Pump_1,189310001,2.106,2.676,2.408,0.0332697674159793,True,Crítica
2025-12-25 18:30:00,Pump_1,189310001,2.103,2.681,2.399,0.03350467106831001,True,Crítica
2025-12-25 19:00:00,Pump_1,189310001,2.096,2.687,2.407,0.03373245878024236,True,Crítica
2025-12-25 19:30:00,Pump_1,189310001,2.11,2.678,2.412,0.033838322031188646,True,Crítica
2025-12-25 20:00:00,Pump_1,189310001,2.1,2.675,2.412,0.03405057964779898,True,Crítica
2025-12-25 20:30:00,Pump_1,189310001,2.11,2.678,2.401,0.03417188044433369,True,Crítica
2025-12-25 21:00:00,Pump_1,189310001,2.114,2.688,2.406,0.034357679162105456,True,Crítica
2025-12-25 21:30:00,Pump_1,189310001,2.102,2.681,2.413,0.03461882253397927,True,Crítica
2025-12-25 22:00:00,Pump_1,189310001,2.105,2.685,2.409,0.03481975687488321,True,Crítica
2025-12-25 22:30:00,Pump_1,189310001,2.1,2.682,2.401,0.034991262147326986,True,Crítica
2025-12-25 23:00:00,Pump_1,189310001,2.114,2.693,2.409,0.03521719469578629,True,Crítica
2025-12-25 23:30:00,Pump_1,189310001,2.113,2.693,2.402,0.03552651710467401,True,Crítica
2025-12-26 00:00:00,Pump_1,189310001,2.106,2.682,2.404,0.03578247127189431,True,Crítica
2025-12-26 00:30:00,Pump_1,189310001,2.119,2.682,2.407,0.03608563922624587,True,Crítica
2025-12-26 01:00:00,Pump_1,189310001,2.117,2.692,2.401,0.03640435321839768,True,Crítica
2025-12-26 01:30:00,Pump_1,189310001,2.116,2.686,2.417,0.03419303937683136,True,Crítica
2025-12-26 02:00:00,Pump_1,189310001,2.118,2.685,2.408,0.03445521904498958,True,Crítica
2025-12-26 02:30:00,Pump_1,189310001,2.117,2.693,2.413,0.034592603978071096,True,Crítica
2025-12-26 03:00:00,Pump_1,189310001,2.118,2.683,2.402,0.034797155087950324,True,Crítica
2025-12-26 03:30:00,Pump_1,189310001,2.112,2.696,2.399,0.034931775739416145,True,Crítica
2025-12-26 04:00:00,Pump_1,189310001,2.116,2.687,2.407,0.035119340894444726,True,Crítica
2025-12-26 04:30:00,Pump_1,189310001,2.115,2.691,2.408,0.035263738209249024,True,Crítica
2025-12-26 05:00:00,Pump_1,189310001,2.127,2.701,2.411,0.035438120885526864,True,Crítica
2025-12-26 05:30:00,Pump_1,189310001,2.118,2.7,2.417,0.033984558408584956,True,Crítica
2025-12-26 06:00:00,Pump_1,189310001,2.111,2.687,2.406,0.03418566974056032,True,Crítica
2025-12-26 06:30:00,Pump_1,189310001,2.123,2.691,2.408,0.03425397915592799,True,Crítica
2025-12-26 07:00:00,Pump_1,189310001,2.112,2.69,2.418,0.03445114026807875,True,Crítica
2025-12-26 07:30:00,Pump_1,189310001,2.121,2.705,2.418,0.034622006073948816,True,Crítica
2025-12-26 08:00:00,Pump_1,189310001,2.124,2.707,2.416,0.03485039707078191,True,Crítica
2025-12-26 08:30:00,Pump_1,189310001,2.122,2.704,2.42,0.035171850070389823,True,Crítica
2025-12-26 09:00:00,Pump_1,189310001,2.115,2.699,2.403,0.035442285906839954,True,Crítica
2025-12-26 09:30:00,Pump_1,189310001,2.128,2.709,2.417,0.03546549665439385,True,Crítica
2025-12-26 10:00:00,Pump_1,189310001,2.118,2.693,2.421,0.03577403471749008,True,Crítica
2025-12-26 10:30:00,Pump_1,189310001,2.124,2.695,2.414,0.03593873647799331,True,Crítica
2025-12-26 11:00:00,Pump_1,189310001,2.119,2.711,2.415,0.03618964531267374,True,Crítica
2025-12-26 11:30:00,Pump_1,189310001,2.126,2.701,2.407,0.03632083309271169,True,Crítica
2025-12-26 12:00:00,Pump_1,189310001,2.126,2.711,2.403,0.03643390778216829,True,Crítica
2025-12-26 12:30:00,Pump_1,189310001,2.126,2.714,2.412,0.036670440490692964,True,Crítica
2025-12-26 13:00:00,Pump_1,189310001,2.136,2.704,2.424,0.036873918515502146,True,Crítica
2025-12-26 13:30:00,Pump_1,189310001,2.129,2.711,2.406,0.03713442420534165,True,Crítica
2025-12-26 14:00:00,Pump_1,189310001,2.128,2.708,2.42,0.03727150854196249,True,Crítica
2025-12-26 14:30:00,Pump_1,189310001,2.135,2.705,2.424,0.03747484974911317,True,Crítica
2025-12-26 15:00:00,Pump_1,189310001,2.14,2.708,2.416,0.03767338319462732,True,Crítica
2025-12-26 15:30:00,Pump_1,189310001,2.131,2.717,2.418,0.03795378683257118,True,Crítica
2025-12-26 16:00:00,Pump_1,189310001,2.139,2.702,2.419,0.038224760173813474,True,Crítica
2025-12-26 16:30:00,Pump_1,189310001,2.131,2.714,2.409,0.03847756448464039,True,Crítica
2025-12-26 17:00:00,Pump_1,189310001,2.131,2.709,2.407,0.038674080153268425,True,Crítica
2025-12-26 17:30:00,Pump_1,189310001,2.133,2.702,2.414,0.03869867531729083,True,Crítica
2025-12-26 18:00:00,Pump_1,189310001,2.142,2.703,2.417,0.038780403147463484,True,Crítica
2025-12-26 18:30:00,Pump_1,189310001,2.144,2.723,2.421,0.03908633078349169,True,Crítica
2025-12-26 19:00:00,Pump_1,189310001,2.149,2.71,2.42,0.0394217107345496,True,Crítica
2025-12-26 19:30:00,Pump_1,189310001,2.139,2.709,2.767,0.03976904889014778,True,Crítica
2025-12-26 20:00:00,Pump_1,189310001,2.147,2.709,2.41,0.041704165027814384,True,Crítica
2025-12-26 20:30:00,Pump_1,189310001,2.15,2.725,2.421,0.0417980950243498,True,Crítica
2025-12-26 21:00:00,Pump_1,189310001,2.147,2.717,2.428,0.04204859767635421,True,Crítica
2025-12-26 21:30:00,Pump_1,189310001,2.145,2.713,2.411,0.04239738913999363,True,Crítica
2025-12-26 22:00:00,Pump_1,189310001,2.151,2.721,2.415,0.04243648050786116,True,Crítica
2025-12-26 22:30:00,Pump_1,189310001,2.15,2.713,2.419,0.042687366614614836,True,Crítica
2025-12-26 23:00:00,Pump_1,189310001,2.156,2.724,2.418,0.04287818732044842,True,Crítica
2025-12-26 23:30:00,Pump_1,189310001,2.145,2.719,2.415,0.0430931587064383,True,Crítica
2025-12-27 00:00:00,Pump_1,189310001,2.15,2.73,2.42,0.043226639593117816,True,Crítica
2025-12-27 00:30:00,Pump_1,189310001,2.144,2.723,2.416,0.04342887710658364,True,Crítica
2025-12-27 01:00:00,Pump_1,189310001,2.148,2.72,2.418,0.04349134513851146,True,Crítica
2025-12-27 01:30:00,Pump_1,189310001,2.155,2.728,2.419,0.04350720452313139,True,Crítica
2025-12-27 02:00:00,Pump_1,189310001,2.151,2.73,2.425,0.04367034294010353,True,Crítica
2025-12-27 02:30:00,Pump_1,189310001,2.145,2.717,2.415,0.04382106642566768,True,Crítica
2025-12-27 03:00:00,Pump_1,189310001,2.152,2.72,2.413,0.04377054321391059,True,Crítica
2025-12-27 03:30:00,Pump_1,189310001,2.158,2.728,2.415,0.043742941542807584,True,Crítica
2025-12-27 04:00:00,Pump_1,189310001,2.163,2.72,2.419,0.04381892563856423,True,Crítica
2025-12-27 04:30:00,Pump_1,189310001,2.147,2.737,2.43,0.043949740947764306,True,Crítica
2025-12-27 05:00:00,Pump_1,189310001,2.149,2.726,2.421,0.04418722739129214,True,Crítica
2025-12-27 05:30:00,Pump_1,189310001,2.154,2.734,2.43,0.04442941222379997,True,Crítica
2025-12-27 06:00:00,Pump_1,189310001,2.161,2.728,2.423,0.04485747789901859,True,Crítica
2025-12-27 06:30:00,Pump_1,189310001,2.162,2.734,2.427,0.04525924632995775,True,Crítica
2025-12-27 07:00:00,Pump_1,189310001,2.15,2.739,2.418,0.04564560997979658,True,Crítica
2025-12-27 07:30:00,Pump_1,189310001,2.162,2.728,2.428,0.04599491427563836,True,Crítica
2025-12-27 08:00:00,Pump_1,189310001,2.159,2.742,2.427,0.04527659080540988,True,Crítica
2025-12-27 08:30:00,Pump_1,189310001,2.159,2.737,2.433,0.0455789420331554,True,Crítica
2025-12-27 09:00:00,Pump_1,189310001,2.155,2.728,2.419,0.04575254693829889,True,Crítica
2025-12-27 09:30:00,Pump_1,189310001,2.157,2.735,2.422,0.0458156833409323,True,Crítica
2025-12-27 10:00:00,Pump_1,189310001,2.155,2.737,2.42,0.04602633868334838,True,Crítica
2025-12-27 10:30:00,Pump_1,189310001,2.17,2.735,2.426,0.04613248494219656,True,Crítica
2025-12-27 11:00:00,Pump_1,189310001,2.16,2.749,2.429,0.046382342360038034,True,Crítica
2025-12-27 11:30:00,Pump_1,189310001,2.162,2.732,2.425,0.04655894173861579,True,Crítica
2025-12-27 12:00:00,Pump_1,189310001,2.173,2.74,2.425,0.04675210824756227,True,Crítica
2025-12-27 12:30:00,Pump_1,189310001,2.158,2.742,2.418,0.04694473594276051,True,Crítica
2025-12-27 13:00:00,Pump_1,189310001,2.168,2.751,2.42,0.047105340902681654,True,Crítica
2025-12-27 13:30:00,Pump_1,189310001,2.179,2.735,2.424,0.0473618055761561,True,Crítica
2025-12-27 14:00:00,Pump_1,189310001,2.176,2.738,2.412,0.047540218754616934,True,Crítica
2025-12-27 14:30:00,Pump_1,189310001,2.167,2.753,2.413,0.047645803010210624,True,Crítica
2025-12-27 15:00:00,Pump_1,189310001,2.173,2.744,2.415,0.0479121502816218,True,Crítica
2025-12-27 15:30:00,Pump_1,189310001,2.162,2.746,2.42,0.048137271716457326,True,Crítica
2025-12-27 16:00:00,Pump_1,189310001,2.169,2.748,2.409,0.04825252622863985,True,Crítica
2025-12-27 16:30:00,Pump_1,189310001,2.175,2.744,2.405,0.048361480083851535,True,Crítica
2025-12-27 17:00:00,Pump_1,189310001,2.179,2.743,2.414,0.0484553938322221,True,Crítica
2025-12-27 17:30:00,Pump_1,189310001,2.185,2.741,2.408,0.04869122518463652,True,Crítica
2025-12-27 18:00:00,Pump_1,189310001,2.17,2.744,2.421,0.04882471577912118,True,Crítica
2025-12-27 18:30:00,Pump_1,189310001,2.176,2.749,2.417,0.048957437672984314,True,Crítica
2025-12-27 19:00:00,Pump_1,189310001,2.182,2.755,2.413,0.049081520527097126,True,Crítica
2025-12-27 19:30:00,Pump_1,189310001,2.17,2.744,2.412,0.04933758002817096,True,Crítica
2025-12-27 20:00:00,Pump_1,189310001,2.179,2.747,2.403,0.04941052064188986,True,Crítica
2025-12-27 20:30:00,Pump_1,189310001,2.186,2.748,2.41,0.04945865013463038,True,Crítica
2025-12-27 21:00:00,Pump_1,189310001,2.187,3.347,2.412,0.04959427857939497,True,Crítica
2025-12-27 21:30:00,Pump_1,189310001,2.185,2.757,2.414,0.05268754333128813,True,Crítica
2025-12-27 22:00:00,Pump_1,189310001,2.175,2.749,2.405,0.05295572528660315,True,Crítica
2025-12-27 22:30:00,Pump_1,189310001,2.177,2.754,2.395,0.053096992602523235,True,Crítica
2025-12-27 23:00:00,Pump_1,189310001,2.188,2.763,2.683,0.05312012569760448,True,Crítica
2025-12-27 23:30:00,Pump_1,189310001,2.18,2.751,2.394,0.054729106937422264,True,Crítica
2025-12-28 00:00:00,Pump_1,189310001,2.182,2.758,2.393,0.05481365678490364,True,Crítica
2025-12-28 00:30:00,Pump_1,189310001,2.192,2.771,2.409,0.0548297053543256,True,Crítica
2025-12-28 01:00:00,Pump_1,189310001,2.195,2.76,2.397,0.055161857953792554,True,Crítica
2025-12-28 01:30:00,Pump_1,189310001,2.18,2.767,2.391,0.0552798124610632,True,Crítica
2025-12-28 02:00:00,Pump_1,189310001,2.196,2.762,2.394,0.05529312607146656,True,Crítica
2025-12-28 02:30:00,Pump_1,189310001,2.191,2.761,2.4,0.05543159760161313,True,Crítica
2025-12-28 03:00:00,Pump_1,189310001,2.19,2.764,2.404,0.05553985699549169,True,Crítica
2025-12-28 03:30:00,Pump_1,189310001,2.194,2.772,2.39,0.0556632932431576,True,Crítica
2025-12-28 04:00:00,Pump_1,189310001,2.189,2.777,2.4,0.05580635389397684,True,Crítica
2025-12-28 04:30:00,Pump_1,189310001,2.185,2.76,2.394,0.055961904904566956,True,Crítica
2025-12-28 05:00:00,Pump_1,189310001,2.196,2.776,2.397,0.05596399967926477,True,Crítica
2025-12-28 05:30:00,Pump_1,189310001,2.197,2.771,2.397,0.05605914764434769,True,Crítica
2025-12-28 06:00:00,Pump_1,189310001,2.2,2.78,2.386,0.05611770945349178,True,Crítica
2025-12-28 06:30:00,Pump_1,189310001,2.195,2.766,2.392,0.056217070723929154,True,Crítica
2025-12-28 07:00:00,Pump_1,189310001,2.193,2.777,2.393,0.05620868811468413,True,Crítica
2025-12-28 07:30:00,Pump_1,189310001,2.188,2.766,2.386,0.056212194301297945,True,Crítica
2025-12-28 08:00:00,Pump_1,189310001,2.198,2.775,2.399,0.05627748200725121,True,Crítica
2025-12-28 08:30:00,Pump_1,189310001,2.208,2.785,2.38,0.05653456768227253,True,Crítica
2025-12-28 09:00:00,Pump_1,189310001,2.191,2.768,2.383,0.056803769392272024,True,Crítica
2025-12-28 09:30:00,Pump_1,189310001,2.194,2.784,2.391,0.05397736642678142,True,Crítica
2025-12-28 10:00:00,Pump_1,189310001,2.202,2.769,2.383,0.05418603164830424,True,Crítica
2025-12-28 10:30:00,Pump_1,189310001,2.198,2.771,2.396,0.054501745186863654,True,Crítica
2025-12-28 11:00:00,Pump_1,189310001,2.202,2.776,2.383,0.054889886063922165,True,Crítica
2025-12-28 11:30:00,Pump_1,189310001,2.204,2.789,2.392,0.05410029100246319,True,Crítica
2025-12-28 12:00:00,Pump_1,189310001,2.209,2.773,2.378,0.054429891620232276,True,Crítica
2025-12-28 12:30:00,Pump_1,189310001,2.212,2.776,2.376,0.05460638436273761,True,Crítica
2025-12-28 13:00:00,Pump_1,189310001,2.207,2.776,2.392,0.05462247485430645,True,Crítica
2025-12-28 13:30:00,Pump_1,189310001,2.201,2.78,2.386,0.054764420581546444,True,Crítica
2025-12-28 14:00:00,Pump_1,189310001,2.199,2.794,2.373,0.05494661829230396,True,Crítica
2025-12-28 14:30:00,Pump_1,189310001,2.197,2.784,2.381,0.0550316184964382,True,Crítica
2025-12-28 15:00:00,Pump_1,189310001,2.199,2.789,2.382,0.055117889206755165,True,Crítica
2025-12-28 15:30:00,Pump_1,189310001,2.208,3.001,2.385,0.05522282893559476,True,Crítica
2025-12-28 16:00:00,Pump_1,189310001,2.219,2.798,2.387,0.05638082470566678,True,Crítica
2025-12-28 16:30:00,Pump_1,189310001,2.205,2.781,2.376,0.05663621266618738,True,Crítica
2025-12-28 17:00:00,Pump_1,189310001,2.215,2.799,2.373,0.05680203188154363,True,Crítica
2025-12-28 17:30:00,Pump_1,189310001,2.22,2.785,2.374,0.05693972486440288,True,Crítica
2025-12-28 18:00:00,Pump_1,189310001,2.216,2.802,2.377,0.057063759326426565,True,Crítica
2025-12-28 18:30:00,Pump_1,189310001,2.221,2.802,2.375,0.05723437700848431,True,Crítica
2025-12-28 19:00:00,Pump_1,189310001,2.215,2.797,2.364,0.057508875327202835,True,Crítica
2025-12-28 19:30:00,Pump_1,189310001,2.209,2.786,2.379,0.05762578078564541,True,Crítica
2025-12-28 20:00:00,Pump_1,189310001,2.208,2.797,2.364,0.05784734364045295,True,Crítica
2025-12-28 20:30:00,Pump_1,189310001,2.215,2.798,2.377,0.057885937450327135,True,Crítica
2025-12-28 21:00:00,Pump_1,189310001,2.209,2.792,2.374,0.05798913982375334,True,Crítica
2025-12-28 21:30:00,Pump_1,189310001,2.222,2.801,2.369,0.058200404962795625,True,Crítica
2025-12-28 22:00:00,Pump_1,189310001,2.225,2.805,2.361,0.058383973711402665,True,Crítica
2025-12-28 22:30:00,Pump_1,189310001,2.215,2.805,2.375,0.058610726529789346,True,Crítica
2025-12-28 23:00:00,Pump_1,189310001,2.229,2.803,2.377,0.05881743940017633,True,Crítica
2025-12-28 23:30:00,Pump_1,189310001,2.216,2.801,2.376,0.059097878692048716,True,Crítica
2025-12-29 00:00:00,Pump_1,189310001,2.222,2.796,2.356,0.059170603538103404,True,Crítica
2025-12-29 00:30:00,Pump_1,189310001,2.212,2.808,2.367,0.059240841577698204,True,Crítica
2025-12-29 01:00:00,Pump_1,189310001,2.231,2.808,2.369,0.05933876506212142,True,Crítica
2025-12-29 01:30:00,Pump_1,189310001,2.222,2.806,2.36,0.059540998463467804,True,Crítica
2025-12-29 02:00:00,Pump_1,189310001,2.228,2.809,2.36,0.059679489304870166,True,Crítica
2025-12-29 02:30:00,Pump_1,189310001,2.22,2.814,2.37,0.05987477612550789,True,Crítica
2025-12-29 03:00:00,Pump_1,189310001,2.222,2.802,2.362,0.060153002535403885,True,Crítica
2025-12-29 03:30:00,Pump_1,189310001,2.497,2.817,2.359,0.06032384974453629,True,Crítica
2025-12-29 04:00:00,Pump_1,189310001,2.226,2.813,2.367,0.06110894407416621,True,Crítica
2025-12-29 04:30:00,Pump_1,189310001,2.223,2.804,2.353,0.0611690895162939,True,Crítica
2025-12-29 05:00:00,Pump_1,189310001,2.224,2.811,2.351,0.06130180523050102,True,Crítica
2025-12-29 05:30:00,Pump_1,189310001,2.226,2.816,2.363,0.061323232965627666,True,Crítica
2025-12-29 06:00:00,Pump_1,189310001,2.226,2.82,2.364,0.06147285531872066,True,Crítica
2025-12-29 06:30:00,Pump_1,189310001,2.235,2.816,2.36,0.06157569270315772,True,Crítica
2025-12-29 07:00:00,Pump_1,189310001,2.237,2.824,2.35,0.06166174968922236,True,Crítica
2025-12-29 07:30:00,Pump_1,189310001,2.225,2.825,2.647,0.06184689744492869,True,Crítica
2025-12-29 08:00:00,Pump_1,189310001,2.24,2.819,2.352,0.06352954907662592,True,Crítica
2025-12-29 08:30:00,Pump_1,189310001,2.235,2.82,2.352,0.06375152034296322,True,Crítica
2025-12-29 09:00:00,Pump_1,189310001,2.237,2.816,2.353,0.06385405208095538,True,Crítica
2025-12-29 09:30:00,Pump_1,189310001,2.234,2.813,2.343,0.06402897990083455,True,Crítica
2025-12-29 10:00:00,Pump_1,189310001,2.229,2.828,2.355,0.06405536044769447,True,Crítica
2025-12-29 10:30:00,Pump_1,189310001,2.231,2.826,2.343,0.06410525675107742,True,Crítica
2025-12-29 11:00:00,Pump_1,189310001,2.243,2.816,2.34,0.06415912820597744,True,Crítica
2025-12-29 11:30:00,Pump_1,189310001,2.24,2.817,2.343,0.06415932693091829,True,Crítica
2025-12-29 12:00:00,Pump_1,189310001,2.242,2.822,2.356,0.06429943223181606,True,Crítica
2025-12-29 12:30:00,Pump_1,189310001,2.23,2.819,2.354,0.0644265744603516,True,Crítica
2025-12-29 13:00:00,Pump_1,189310001,2.237,2.832,2.34,0.06450042446987575,True,Crítica
2025-12-29 13:30:00,Pump_1,189310001,2.237,2.828,2.338,0.06459820821260326,True,Crítica
2025-12-29 14:00:00,Pump_1,189310001,2.242,2.823,2.351,0.0647736819119399,True,Crítica
2025-12-29 14:30:00,Pump_1,189310001,2.251,2.828,2.337,0.06484056892873193,True,Crítica
2025-12-29 15:00:00,Pump_1,189310001,2.243,2.82,2.333,0.06506379703961246,True,Crítica
2025-12-29 15:30:00,Pump_1,189310001,2.248,2.816,2.35,0.06532839230870782,True,Crítica
2025-12-29 16:00:00,Pump_1,189310001,2.246,2.824,2.343,0.06366430792933751,True,Crítica
2025-12-29 16:30:00,Pump_1,189310001,2.236,2.828,2.342,0.06385825937618399,True,Crítica
2025-12-29 17:00:00,Pump_1,189310001,2.251,2.829,2.341,0.06409090745577012,True,Crítica
2025-12-29 17:30:00,Pump_1,189310001,2.255,2.816,2.346,0.06425272644414677,True,Crítica
2025-12-29 18:00:00,Pump_1,189310001,2.253,2.831,2.337,0.06442009225225227,True,Crítica
2025-12-29 18:30:00,Pump_1,189310001,2.244,2.821,2.338,0.06462156909551081,True,Crítica
2025-12-29 19:00:00,Pump_1,189310001,2.248,2.83,2.328,0.06479094496685707,True,Crítica
2025-12-29 19:30:00,Pump_1,189310001,2.251,2.824,2.333,0.06483823098753058,True,Crítica
2025-12-29 20:00:00,Pump_1,189310001,2.255,2.816,2.342,0.06360151835962896,True,Crítica
2025-12-29 20:30:00,Pump_1,189310001,2.248,2.816,2.329,0.06367295421242984,True,Crítica
2025-12-29 21:00:00,Pump_1,189310001,2.246,2.829,2.335,0.06368678732265115,True,Crítica
2025-12-29 21:30:00,Pump_1,189310001,2.473,2.82,2.327,0.06387697556450715,True,Crítica
2025-12-29 22:00:00,Pump_1,189310001,2.256,2.83,2.336,0.0653058376679589,True,Crítica
2025-12-29 22:30:00,Pump_1,189310001,2.245,2.821,2.321,0.0655279429647183,True,Crítica
2025-12-29 23:00:00,Pump_1,189310001,2.258,2.834,2.334,0.06568573365803249,True,Crítica
2025-12-29 23:30:00,Pump_1,189310001,2.254,2.833,2.326,0.06584006214405919,True,Crítica
2025-12-30 00:00:00,Pump_1,189310001,2.246,2.823,2.323,0.06594420933730788,True,Crítica
2025-12-30 00:30:00,Pump_1,189310001,2.255,2.825,2.331,0.06597161495291855,True,Crítica
2025-12-30 01:00:00,Pump_1,189310001,2.249,2.836,2.324,0.06617381507650084,True,Crítica
2025-12-30 01:30:00,Pump_1,189310001,2.246,2.827,2.334,0.06639406348838339,True,Crítica
2025-12-30 02:00:00,Pump_1,189310001,2.255,2.821,2.326,0.066320149603116,True,Crítica
2025-12-30 02:30:00,Pump_1,189310001,2.254,2.834,2.32,0.06646825860372708,True,Crítica
2025-12-30 03:00:00,Pump_1,189310001,2.257,2.829,2.333,0.06664681250174612,True,Crítica
2025-12-30 03:30:00,Pump_1,189310001,2.256,2.832,2.325,0.06669140181379324,True,Crítica
2025-12-30 04:00:00,Pump_1,189310001,2.26,2.835,2.317,0.06690826885999297,True,Crítica
2025-12-30 04:30:00,Pump_1,189310001,2.262,2.818,2.312,0.06711716338078293,True,Crítica
2025-12-30 05:00:00,Pump_1,189310001,2.265,2.829,2.311,0.0674105229993051,True,Crítica
2025-12-30 05:30:00,Pump_1,189310001,2.259,2.834,2.319,0.06755277610640083,True,Crítica
2025-12-30 06:00:00,Pump_1,189310001,2.252,2.827,2.323,0.06779322673663321,True,Crítica
2025-12-30 06:30:00,Pump_1,189310001,2.25,2.835,2.328,0.06783661654010387,True,Crítica
2025-12-30 07:00:00,Pump_1,189310001,2.264,2.828,2.32,0.06794176915606849,True,Crítica
2025-12-30 07:30:00,Pump_1,189310001,2.257,2.828,2.325,0.06812303089028925,True,Crítica
2025-12-30 08:00:00,Pump_1,189310001,2.261,2.825,2.316,0.06812406544057252,True,Crítica
2025-12-30 08:30:00,Pump_1,189310001,2.269,3.08,2.308,0.06827033838860397,True,Crítica
2025-12-30 09:00:00,Pump_1,189310001,2.255,2.826,2.313,0.0696608931895767,True,Crítica
2025-12-30 09:30:00,Pump_1,189310001,2.254,2.837,2.308,0.06977474779507732,True,Crítica
2025-12-30 10:00:00,Pump_1,189310001,2.256,2.822,2.314,0.06842784234013854,True,Crítica
2025-12-30 10:30:00,Pump_1,189310001,2.258,2.828,2.305,0.06847503313881614,True,Crítica
2025-12-30 11:00:00,Pump_1,189310001,2.257,2.833,2.304,0.0686419378136664,True,Crítica
2025-12-30 11:30:00,Pump_1,189310001,2.261,2.839,2.303,0.06875424936925652,True,Crítica
2025-12-30 12:00:00,Pump_1,189310001,2.275,2.831,2.312,0.06892038211545448,True,Crítica
2025-12-30 12:30:00,Pump_1,189310001,2.27,2.838,2.314,0.06916130120988813,True,Crítica
2025-12-30 13:00:00,Pump_1,189310001,2.26,2.839,2.305,0.069374705210211,True,Crítica
2025-12-30 13:30:00,Pump_1,189310001,2.266,2.833,2.315,0.0695075972032477,True,Crítica
2025-12-30 14:00:00,Pump_1,189310001,2.263,2.828,2.31,0.06970799535773614,True,Crítica
2025-12-30 14:30:00,Pump_1,189310001,2.266,2.83,2.307,0.06984328863107268,True,Crítica
2025-12-30 15:00:00,Pump_1,189310001,2.261,2.834,2.302,0.0699158928668227,True,Crítica
2025-12-30 15:30:00,Pump_1,189310001,2.277,2.837,2.31,0.07007568127085596,True,Crítica
2025-12-30 16:00:00,Pump_1,189310001,2.273,2.831,2.299,0.07027226061582904,True,Crítica
2025-12-30 16:30:00,Pump_1,189310001,2.269,2.83,2.306,0.07040743225011527,True,Crítica
2025-12-30 17:00:00,Pump_1,189310001,2.652,2.838,2.311,0.0705093383191212,True,Crítica
2025-12-30 17:30:00,Pump_1,189310001,2.273,2.824,2.306,0.07289028785492,True,Crítica
2025-12-30 18:00:00,Pump_1,189310001,2.277,2.822,2.3,0.07299493473085808,True,Crítica
2025-12-30 18:30:00,Pump_1,189310001,2.268,2.833,2.295,0.07324057844391889,True,Crítica
2025-12-30 19:00:00,Pump_1,189310001,2.279,2.838,2.307,0.0735183228458787,True,Crítica
2025-12-30 19:30:00,Pump_1,189310001,2.276,2.841,2.303,0.07372798611671041,True,Crítica
2025-12-30 20:00:00,Pump_1,189310001,2.273,2.827,2.293,0.07402651087663213,True,Crítica
2025-12-30 20:30:00,Pump_1,189310001,2.277,2.824,2.295,0.07424481830238827,True,Crítica
2025-12-30 21:00:00,Pump_1,189310001,2.267,2.836,2.29,0.07344095740251547,True,Crítica
2025-12-30 21:30:00,Pump_1,189310001,2.284,2.837,2.297,0.07370616507950534,True,Crítica
2025-12-30 22:00:00,Pump_1,189310001,2.284,2.827,2.295,0.07399147799043565,True,Crítica
2025-12-30 22:30:00,Pump_1,189310001,2.273,2.824,2.301,0.07431091541921123,True,Crítica
2025-12-30 23:00:00,Pump_1,189310001,2.283,2.83,2.292,0.0744479043784923,True,Crítica
2025-12-30 23:30:00,Pump_1,189310001,2.276,2.833,2.29,0.0747046864788937,True,Crítica
2025-12-31 00:00:00,Pump_1,189310001,2.275,2.834,2.289,0.07488915833260584,True,Crítica
2025-12-31 00:30:00,Pump_1,189310001,2.278,2.838,2.282,0.07505009314770872,True,Crítica
2025-12-31 01:00:00,Pump_1,189310001,2.275,2.839,2.29,0.0753011129695014,True,Crítica
2025-12-31 01:30:00,Pump_1,189310001,2.271,2.833,2.296,0.07551849619733633,True,Crítica
2025-12-31 02:00:00,Pump_1,189310001,2.282,3.324,2.295,0.07566915069766825,True,Crítica
2025-12-31 02:30:00,Pump_1,189310001,2.285,2.839,2.294,0.07814031449389561,True,Crítica
2025-12-31 03:00:00,Pump_1,189310001,2.277,2.84,2.277,0.07834329994495115,True,Crítica
2025-12-31 03:30:00,Pump_1,189310001,2.278,2.834,2.291,0.07856862446969312,True,Crítica
2025-12-31 04:00:00,Pump_1,189310001,2.289,2.828,2.286,0.07859456348033839,True,Crítica
2025-12-31 04:30:00,Pump_1,189310001,2.284,2.837,2.28,0.07867130874982609,True,Crítica
2025-12-31 05:00:00,Pump_1,189310001,2.282,2.844,2.288,0.07883934274833478,True,Crítica
2025-12-31 05:30:00,Pump_1,189310001,2.289,2.827,2.284,0.07634292109820656,True,Crítica
2025-12-31 06:00:00,Pump_1,189310001,2.291,2.836,2.279,0.07650878609208848,True,Crítica
2025-12-31 06:30:00,Pump_1,189310001,2.281,2.842,2.281,0.07670536190288234,True,Crítica
2025-12-31 07:00:00,Pump_1,189310001,2.292,2.829,2.277,0.07685454667420243,True,Crítica
2025-12-31 07:30:00,Pump_1,189310001,2.287,2.843,2.289,0.07698695490411657,True,Crítica
2025-12-31 08:00:00,Pump_1,189310001,2.288,2.829,2.274,0.07708292101603231,True,Crítica
2025-12-31 08:30:00,Pump_1,189310001,2.279,2.84,2.274,0.07722709087305717,True,Crítica
2025-12-31 09:00:00,Pump_1,189310001,2.295,2.831,2.268,0.07736066615363696,True,Crítica
2025-12-31 09:30:00,Pump_1,189310001,2.291,2.826,2.27,0.0775887665818734,True,Crítica
2025-12-31 10:00:00,Pump_1,189310001,2.283,2.827,2.273,0.0776754214135923,True,Crítica
2025-12-31 10:30:00,Pump_1,189310001,2.291,2.829,2.266,0.0777425527190174,True,Crítica
2025-12-31 11:00:00,Pump_1,189310001,2.296,2.845,2.281,0.07803175637019359,True,Crítica
2025-12-31 11:30:00,Pump_1,189310001,2.295,2.843,2.272,0.07822984062570584,True,Crítica
2025-12-31 12:00:00,Pump_1,189310001,2.285,2.84,2.267,0.07849997957573208,True,Crítica
2025-12-31 12:30:00,Pump_1,189310001,2.286,2.831,2.273,0.07872853280728331,True,Crítica
2025-12-31 13:00:00,Pump_1,189310001,2.299,2.84,2.279,0.07882853469963841,True,Crítica
2025-12-31 13:30:00,Pump_1,189310001,2.296,2.837,2.272,0.07907082419472626,True,Crítica
2025-12-31 14:00:00,Pump_1,189310001,2.297,2.83,2.482,0.0793937391285558,True,Crítica
2025-12-31 14:30:00,Pump_1,189310001,2.299,2.842,2.269,0.07843159736767004,True,Crítica
2025-12-31 15:00:00,Pump_1,189310001,2.302,2.836,2.281,0.07865950626310325,True,Crítica
2025-12-31 15:30:00,Pump_1,189310001,2.29,2.828,2.276,0.07879083757930577,True,Crítica
2025-12-31 16:00:00,Pump_1,189310001,2.296,2.825,2.274,0.07891669801721259,True,Crítica
2025-12-31 16:30:00,Pump_1,189310001,2.288,2.835,2.276,0.07899749220344127,True,Crítica
2025-12-31 17:00:00,Pump_1,189310001,2.293,2.833,2.288,0.07904079131117896,True,Crítica
2025-12-31 17:30:00,Pump_1,189310001,2.29,2.838,2.276,0.07906785533312038,True,Crítica
2025-12-31 18:00:00,Pump_1,189310001,2.3,2.839,2.274,0.07915615536388826,True,Crítica
2025-12-31 18:30:00,Pump_1,189310001,2.305,2.829,2.28,0.07925228191246322,True,Crítica
2025-12-31 19:00:00,Pump_1,189310001,2.305,2.841,2.28,0.07936062335399299,True,Crítica
2025-12-31 19:30:00,Pump_1,189310001,2.308,2.83,2.277,0.07947686717909735,True,Crítica
2025-12-31 20:00:00,Pump_1,189310001,2.296,2.836,2.274,0.07961945695109073,True,Crítica
2025-12-31 20:30:00,Pump_1,189310001,2.297,2.83,2.274,0.07971006117266927,True,Crítica
2025-12-31 21:00:00,Pump_1,189310001,2.3,2.824,2.277,0.0798042040042989,True,Crítica
2025-12-31 21:30:00,Pump_1,189310001,2.295,2.825,2.284,0.07976925828338215,True,Crítica
2025-12-31 22:00:00,Pump_1,189310001,2.305,2.835,2.292,0.07972972934109993,True,Crítica
2025-12-31 22:30:00,Pump_1,189310001,2.306,2.828,2.29,0.07982122634095118,True,Crítica
2025-12-31 23:00:00,Pump_1,189310001,2.304,2.829,2.289,0.0798026790062286,True,Crítica
2025-12-31 23:30:00,Pump_1,189310001,2.31,2.823,2.281,0.07975816302954772,True,Crítica
2025-10-20 12:00:00,Pump_2,189310002,1.668,1.374,1.214,0.06092533011445675,True,Crítica
2025-10-20 12:30:00,Pump_2,189310002,1.656,1.378,1.205,0.06066749104358945,True,Crítica
2025-10-20 13:00:00,Pump_2,189310002,1.654,1.379,1.206,0.05429320872799956,True,Crítica
2025-10-20 13:30:00,Pump_2,189310002,1.653,1.378,1.207,0.05432377336494768,True,Crítica
2025-10-20 14:00:00,Pump_2,189310002,1.668,1.38,1.209,0.054217111689229956,True,Crítica
2025-10-20 14:30:00,Pump_2,189310002,1.661,1.38,1.209,0.054279318579714984,True,Crítica
2025-10-20 15:00:00,Pump_2,189310002,1.657,1.382,1.222,0.05438682374968942,True,Crítica
2025-10-20 15:30:00,Pump_2,189310002,1.656,1.384,1.224,0.05449556395394602,True,Crítica
2025-10-20 16:00:00,Pump_2,189310002,1.653,1.371,1.207,0.054522645179851344,True,Crítica
2025-10-20 16:30:00,Pump_2,189310002,1.662,1.384,1.215,0.054278997179796416,True,Crítica
2025-10-20 17:00:00,Pump_2,189310002,1.659,1.37,1.224,0.05423138812337041,True,Crítica
2025-10-20 17:30:00,Pump_2,189310002,1.653,1.379,1.221,0.05418856892789409,True,Crítica
2025-10-20 18:00:00,Pump_2,189310002,1.658,1.387,1.224,0.05399424320364917,True,Crítica
2025-10-20 18:30:00,Pump_2,189310002,1.649,1.38,1.209,0.053956949916953614,True,Crítica
2025-10-20 19:00:00,Pump_2,189310002,1.651,1.38,1.217,0.05371119563138392,True,Crítica
2025-10-20 19:30:00,Pump_2,189310002,1.642,1.384,1.219,0.05347730723907182,True,Crítica
2025-10-20 20:00:00,Pump_2,189310002,1.648,1.394,1.216,0.05284583567441305,True,Crítica
2025-10-20 20:30:00,Pump_2,189310002,1.653,1.38,1.225,0.05294267756638638,True,Crítica
2025-10-20 21:00:00,Pump_2,189310002,1.643,1.394,1.228,0.05324470299855303,True,Crítica
2025-10-20 21:30:00,Pump_2,189310002,1.658,1.384,1.227,0.05333021925277156,True,Crítica
2025-10-20 22:00:00,Pump_2,189310002,1.641,1.389,1.224,0.05344829722765014,True,Crítica
2025-10-20 22:30:00,Pump_2,189310002,1.64,1.393,1.221,0.05344639887827648,True,Crítica
2025-10-20 23:00:00,Pump_2,189310002,1.641,1.396,1.229,0.05325287449829844,True,Crítica
2025-10-20 23:30:00,Pump_2,189310002,1.645,1.385,1.226,0.05331328779344239,True,Crítica
2025-10-21 00:00:00,Pump_2,189310002,1.64,1.395,1.215,0.053395107180915856,True,Crítica
2025-10-21 00:30:00,Pump_2,189310002,1.652,1.388,1.219,0.05331242385898939,True,Crítica
2025-10-21 01:00:00,Pump_2,189310002,1.649,1.39,1.232,0.05336581897596357,True,Crítica
2025-10-21 01:30:00,Pump_2,189310002,1.632,1.394,1.218,0.0535117311812409,True,Crítica
2025-10-21 02:00:00,Pump_2,189310002,1.646,1.405,1.232,0.053472747197018715,True,Crítica
2025-10-21 02:30:00,Pump_2,189310002,1.632,1.406,1.233,0.053595124934268684,True,Crítica
2025-10-21 03:00:00,Pump_2,189310002,1.642,1.391,1.218,0.053653263225980886,True,Crítica
2025-10-21 03:30:00,Pump_2,189310002,1.639,1.403,1.233,0.05340141320888541,True,Crítica
2025-10-21 04:00:00,Pump_2,189310002,1.64,1.406,1.226,0.053439459701249414,True,Crítica
2025-10-21 04:30:00,Pump_2,189310002,1.633,1.407,1.224,0.05355269364087141,True,Crítica
2025-10-21 05:00:00,Pump_2,189310002,1.642,1.399,1.236,0.053456458963784606,True,Crítica
2025-10-21 05:30:00,Pump_2,189310002,1.638,1.41,1.224,0.053619081265913277,True,Crítica
2025-10-21 06:00:00,Pump_2,189310002,1.625,1.41,1.224,0.053686847803151284,True,Crítica
2025-10-21 06:30:00,Pump_2,189310002,1.636,1.396,1.237,0.05350012961135983,True,Crítica
2025-10-21 07:00:00,Pump_2,189310002,1.636,1.399,1.225,0.05368695026067971,True,Crítica
2025-10-21 07:30:00,Pump_2,189310002,1.627,1.405,1.23,0.05375208812196278,True,Crítica
2025-10-21 08:00:00,Pump_2,189310002,1.639,1.397,1.238,0.0537310486573062,True,Crítica
2025-10-21 08:30:00,Pump_2,189310002,1.639,1.408,1.231,0.05372554747161746,True,Crítica
2025-10-21 09:00:00,Pump_2,189310002,1.634,1.4,1.227,0.05377877100982648,True,Crítica
2025-10-21 09:30:00,Pump_2,189310002,1.631,1.41,1.229,0.0537350626250678,True,Crítica
2025-10-21 10:00:00,Pump_2,189310002,1.63,1.419,1.241,0.053711138933443425,True,Crítica
2025-10-21 10:30:00,Pump_2,189310002,1.635,1.419,1.235,0.053927924289702917,True,Crítica
2025-10-21 11:00:00,Pump_2,189310002,1.631,1.413,1.228,0.05404701082110354,True,Crítica
2025-10-21 11:30:00,Pump_2,189310002,1.623,1.411,1.24,0.05401284477080082,True,Crítica
2025-10-21 12:00:00,Pump_2,189310002,1.625,1.417,1.236,0.054057428466799146,True,Crítica
2025-10-21 12:30:00,Pump_2,189310002,1.618,1.406,1.244,0.05417641594433764,True,Crítica
2025-10-21 13:00:00,Pump_2,189310002,1.627,1.41,1.239,0.054225420132426295,True,Crítica
2025-10-21 13:30:00,Pump_2,189310002,1.614,1.425,1.237,0.054246188602741226,True,Crítica
2025-10-21 14:00:00,Pump_2,189310002,1.613,1.415,1.234,0.05445277410637462,True,Crítica
2025-10-21 14:30:00,Pump_2,189310002,1.616,1.423,1.249,0.05422206366665736,True,Crítica
2025-10-21 15:00:00,Pump_2,189310002,1.611,1.421,1.237,0.05433982372802018,True,Crítica
2025-10-21 15:30:00,Pump_2,189310002,1.623,1.42,1.238,0.054423777864176924,True,Crítica
2025-10-21 16:00:00,Pump_2,189310002,1.621,1.424,1.234,0.05444428337610578,True,Crítica
2025-10-21 16:30:00,Pump_2,189310002,1.611,1.422,1.242,0.05442352375953677,True,Crítica
2025-10-21 17:00:00,Pump_2,189310002,1.627,1.429,1.242,0.05439248419940457,True,Crítica
2025-10-21 17:30:00,Pump_2,189310002,1.614,1.416,1.244,0.054428313910681744,True,Crítica
2025-10-21 18:00:00,Pump_2,189310002,1.628,1.418,1.253,0.054354191933797,True,Crítica
2025-10-21 18:30:00,Pump_2,189310002,1.622,1.431,1.251,0.054579130286779146,True,Crítica
2025-10-21 19:00:00,Pump_2,189310002,1.61,1.427,1.245,0.05474908724425445,True,Crítica
2025-10-21 19:30:00,Pump_2,189310002,1.628,1.427,1.256,0.054829737711580846,True,Crítica
2025-10-21 20:00:00,Pump_2,189310002,1.622,1.417,1.242,0.055150553673611914,True,Crítica
2025-10-21 20:30:00,Pump_2,189310002,1.617,1.432,1.25,0.055172139154322015,True,Crítica
2025-10-21 21:00:00,Pump_2,189310002,1.631,1.414,1.251,0.05530582739554947,True,Crítica
2025-10-21 21:30:00,Pump_2,189310002,1.62,1.422,1.259,0.05553096894226611,True,Crítica
2025-10-21 22:00:00,Pump_2,189310002,1.627,1.429,1.249,0.05572475048107909,True,Crítica
2025-10-21 22:30:00,Pump_2,189310002,1.617,1.415,1.243,0.05577294117345964,True,Crítica
2025-10-21 23:00:00,Pump_2,189310002,1.623,1.415,1.245,0.0556303684871445,True,Crítica
2025-10-21 23:30:00,Pump_2,189310002,1.632,1.419,1.26,0.05570022574323688,True,Crítica
2025-10-22 00:00:00,Pump_2,189310002,1.622,1.424,1.261,0.055953561650508465,True,Crítica
2025-10-22 00:30:00,Pump_2,189310002,1.632,1.418,1.25,0.056164134397824035,True,Crítica
2025-10-22 01:00:00,Pump_2,189310002,1.626,1.429,1.263,0.056362340183622996,True,Crítica
2025-10-22 01:30:00,Pump_2,189310002,1.629,1.424,1.264,0.05666361172947609,True,Crítica
2025-10-22 02:00:00,Pump_2,189310002,1.625,1.425,1.252,0.056977958092620996,True,Crítica
2025-10-22 02:30:00,Pump_2,189310002,1.628,1.433,1.255,0.057271214095329065,True,Crítica
2025-10-22 03:00:00,Pump_2,189310002,1.632,1.431,1.262,0.05747605283846607,True,Crítica
2025-10-22 03:30:00,Pump_2,189310002,1.635,1.416,1.263,0.057897751327386664,True,Crítica
2025-10-22 04:00:00,Pump_2,189310002,1.622,1.433,1.267,0.05814609701609122,True,Crítica
2025-10-22 04:30:00,Pump_2,189310002,1.625,1.434,1.266,0.05848168929604211,True,Crítica
2025-10-22 05:00:00,Pump_2,189310002,1.636,1.415,1.265,0.05886174654328036,True,Crítica
2025-10-22 05:30:00,Pump_2,189310002,2.047,1.421,1.252,0.05900798109139406,True,Crítica
2025-10-22 06:00:00,Pump_2,189310002,1.635,1.417,1.262,0.062259310451689406,True,Crítica
2025-10-22 06:30:00,Pump_2,189310002,1.631,1.417,1.262,0.0623789375625677,True,Crítica
2025-10-22 07:00:00,Pump_2,189310002,1.644,1.432,1.258,0.06243757007310158,True,Crítica
2025-10-22 07:30:00,Pump_2,189310002,1.628,1.434,1.265,0.06283892929894391,True,Crítica
2025-10-22 08:00:00,Pump_2,189310002,1.641,1.416,1.269,0.06296765462974332,True,Crítica
2025-10-22 08:30:00,Pump_2,189310002,1.903,1.419,1.268,0.06332753808213362,True,Crítica
2025-10-22 09:00:00,Pump_2,189310002,1.648,1.419,1.261,0.0655005545485904,True,Crítica
2025-10-22 09:30:00,Pump_2,189310002,1.639,1.42,1.261,0.06580268608598049,True,Crítica
2025-10-22 10:00:00,Pump_2,189310002,1.638,1.42,1.274,0.06602205025751985,True,Crítica
2025-10-22 10:30:00,Pump_2,189310002,1.637,1.432,1.276,0.0662954372381001,True,Crítica
2025-10-22 11:00:00,Pump_2,189310002,1.639,1.432,1.277,0.06693997351866254,True,Crítica
2025-10-22 11:30:00,Pump_2,189310002,1.637,1.433,1.262,0.06755864691410567,True,Crítica
2025-10-22 12:00:00,Pump_2,189310002,1.633,1.423,1.269,0.06784290376931189,True,Crítica
2025-10-22 12:30:00,Pump_2,189310002,1.647,1.425,1.264,0.06808903457524337,True,Crítica
2025-10-22 13:00:00,Pump_2,189310002,1.647,1.43,1.273,0.06841677608810418,True,Crítica
2025-10-22 13:30:00,Pump_2,189310002,1.653,1.425,1.272,0.06868917888621734,True,Crítica
2025-10-22 14:00:00,Pump_2,189310002,1.653,1.421,1.266,0.06894838086546089,True,Crítica
2025-10-22 14:30:00,Pump_2,189310002,1.636,1.426,1.276,0.06927189517631122,True,Crítica
2025-10-22 15:00:00,Pump_2,189310002,1.653,1.424,1.269,0.06936581515681521,True,Crítica
2025-10-22 15:30:00,Pump_2,189310002,1.657,1.422,1.279,0.06944569316859023,True,Crítica
2025-10-22 16:00:00,Pump_2,189310002,1.657,1.432,1.284,0.0698260344223999,True,Crítica
2025-10-22 16:30:00,Pump_2,189310002,1.655,1.432,1.278,0.07016134763082356,True,Crítica
2025-10-22 17:00:00,Pump_2,189310002,1.65,1.432,1.283,0.07042204743786355,True,Crítica
2025-10-22 17:30:00,Pump_2,189310002,1.643,1.436,1.287,0.07084935317119272,True,Crítica
2025-10-22 18:00:00,Pump_2,189310002,1.655,1.424,1.283,0.0675958535649931,True,Crítica
2025-10-22 18:30:00,Pump_2,189310002,1.651,1.432,1.27,0.06792198104238752,True,Crítica
2025-10-22 19:00:00,Pump_2,189310002,1.653,1.421,1.284,0.06821403563237892,True,Crítica
2025-10-22 19:30:00,Pump_2,189310002,1.643,1.418,1.289,0.06838776895119761,True,Crítica
2025-10-22 20:00:00,Pump_2,189310002,1.651,1.422,1.274,0.06863714510747891,True,Crítica
2025-10-22 20:30:00,Pump_2,189310002,1.651,1.417,1.283,0.06881480462576033,True,Crítica
2025-10-22 21:00:00,Pump_2,189310002,1.649,1.435,1.288,0.06693465597945707,True,Crítica
2025-10-22 21:30:00,Pump_2,189310002,1.662,1.437,1.291,0.0672684099582354,True,Crítica
2025-10-22 22:00:00,Pump_2,189310002,1.646,1.418,1.276,0.06780102295716037,True,Crítica
2025-10-22 22:30:00,Pump_2,189310002,1.651,1.419,1.282,0.06788960104157159,True,Crítica
2025-10-22 23:00:00,Pump_2,189310002,1.651,1.423,1.28,0.06796621331493419,True,Crítica
2025-10-22 23:30:00,Pump_2,189310002,1.65,1.424,1.294,0.06802066163950854,True,Crítica
2025-10-23 00:00:00,Pump_2,189310002,1.649,1.423,1.291,0.06829614179437435,True,Crítica
2025-10-23 00:30:00,Pump_2,189310002,1.666,1.43,1.283,0.06859894655753547,True,Crítica
2025-10-23 01:00:00,Pump_2,189310002,1.654,1.43,1.289,0.06891436256300944,True,Crítica
2025-10-23 01:30:00,Pump_2,189310002,1.657,1.437,1.294,0.069088245137322,True,Crítica
2025-10-23 02:00:00,Pump_2,189310002,1.657,1.421,1.294,0.06937366366215818,True,Crítica
2025-10-23 02:30:00,Pump_2,189310002,1.655,1.428,1.298,0.06960945072837638,True,Crítica
2025-10-23 03:00:00,Pump_2,189310002,1.672,1.433,1.3,0.06994812184655813,True,Crítica
2025-10-23 03:30:00,Pump_2,189310002,1.653,1.432,1.299,0.07038251202083194,True,Crítica
2025-10-23 04:00:00,Pump_2,189310002,1.665,1.428,1.289,0.07057341612001318,True,Crítica
2025-10-23 04:30:00,Pump_2,189310002,1.671,1.43,1.284,0.07062235364912325,True,Crítica
2025-10-23 05:00:00,Pump_2,189310002,1.672,1.434,1.284,0.07076501429628292,True,Crítica
2025-10-23 05:30:00,Pump_2,189310002,1.657,1.438,1.284,0.0709415825303654,True,Crítica
2025-10-23 06:00:00,Pump_2,189310002,1.674,1.434,1.302,0.07103840347578344,True,Crítica
2025-10-23 06:30:00,Pump_2,189310002,1.662,1.42,1.302,0.07139091044833819,True,Crítica
2025-10-23 07:00:00,Pump_2,189310002,1.675,1.434,1.288,0.0716415212409438,True,Crítica
2025-10-23 07:30:00,Pump_2,189310002,1.659,1.437,1.299,0.0719138770547308,True,Crítica
2025-10-23 08:00:00,Pump_2,189310002,1.67,1.424,1.298,0.07222631806857366,True,Crítica
2025-10-23 08:30:00,Pump_2,189310002,1.666,1.423,1.29,0.0725620149526839,True,Crítica
2025-10-23 09:00:00,Pump_2,189310002,1.673,1.439,1.299,0.07275697720885664,True,Crítica
2025-10-23 09:30:00,Pump_2,189310002,1.678,1.439,1.303,0.07305606269386655,True,Crítica
2025-10-23 10:00:00,Pump_2,189310002,1.668,1.428,1.291,0.07328632821315915,True,Crítica
2025-10-23 10:30:00,Pump_2,189310002,1.664,1.43,1.309,0.07363096560090893,True,Crítica
2025-10-23 11:00:00,Pump_2,189310002,1.665,1.437,1.295,0.07401409293472104,True,Crítica
2025-10-23 11:30:00,Pump_2,189310002,1.664,1.434,1.302,0.07433732721165333,True,Crítica
2025-10-23 12:00:00,Pump_2,189310002,1.68,1.429,1.308,0.07457435672319253,True,Crítica
2025-10-23 12:30:00,Pump_2,189310002,1.675,1.44,1.311,0.07498593398670063,True,Crítica
2025-10-23 13:00:00,Pump_2,189310002,1.674,1.431,1.303,0.07535012355388426,True,Crítica
2025-10-23 13:30:00,Pump_2,189310002,1.685,1.44,1.308,0.07562270602752492,True,Crítica
2025-10-23 14:00:00,Pump_2,189310002,1.682,1.435,1.301,0.07597067211610328,True,Crítica
2025-10-23 14:30:00,Pump_2,189310002,1.677,1.422,1.302,0.07632180806439913,True,Crítica
2025-10-23 15:00:00,Pump_2,189310002,1.678,1.422,1.31,0.0765177366131706,True,Crítica
2025-10-23 15:30:00,Pump_2,189310002,1.684,1.424,1.304,0.07659204117529565,True,Crítica
2025-10-23 16:00:00,Pump_2,189310002,1.674,1.434,1.308,0.07682162681960875,True,Crítica
2025-10-23 16:30:00,Pump_2,189310002,1.685,1.424,1.31,0.07704334546130241,True,Crítica
2025-10-23 17:00:00,Pump_2,189310002,1.676,1.436,1.31,0.07728207796661511,True,Crítica
2025-10-23 17:30:00,Pump_2,189310002,1.68,1.43,1.307,0.07749530334239199,True,Crítica
2025-10-23 18:00:00,Pump_2,189310002,1.686,1.439,1.313,0.07777107067699325,True,Crítica
2025-10-23 18:30:00,Pump_2,189310002,1.682,1.428,1.312,0.07798934010649186,True,Crítica
2025-10-23 19:00:00,Pump_2,189310002,1.673,1.422,1.312,0.07830121748202222,True,Crítica
2025-10-23 19:30:00,Pump_2,189310002,1.691,1.428,1.306,0.07842111068871743,True,Crítica
2025-10-23 20:00:00,Pump_2,189310002,1.686,1.422,1.321,0.0786587890701781,True,Crítica
2025-10-23 20:30:00,Pump_2,189310002,1.685,1.434,1.312,0.07901246846485059,True,Crítica
2025-10-23 21:00:00,Pump_2,189310002,1.694,1.436,1.305,0.07941771788710514,True,Crítica
2025-10-23 21:30:00,Pump_2,189310002,1.678,1.439,1.309,0.07958138111587439,True,Crítica
2025-10-23 22:00:00,Pump_2,189310002,1.683,1.426,1.318,0.07961453929287123,True,Crítica
2025-10-23 22:30:00,Pump_2,189310002,1.682,1.438,1.32,0.07991575452296673,True,Crítica
2025-10-23 23:00:00,Pump_2,189310002,1.692,1.427,1.309,0.08021712221061764,True,Crítica
2025-10-23 23:30:00,Pump_2,189310002,1.695,1.427,1.314,0.08041747668524328,True,Crítica
2025-10-24 00:00:00,Pump_2,189310002,1.681,1.433,1.323,0.08065480440821819,True,Crítica
2025-10-24 00:30:00,Pump_2,189310002,1.681,1.424,1.326,0.080778020084931,True,Crítica
2025-10-24 01:00:00,Pump_2,189310002,1.692,1.437,1.319,0.08082577954133852,True,Crítica
2025-10-24 01:30:00,Pump_2,189310002,1.689,1.421,1.321,0.0811270017270493,True,Crítica
2025-10-24 02:00:00,Pump_2,189310002,1.686,1.436,1.321,0.08116395710987592,True,Crítica
2025-10-24 02:30:00,Pump_2,189310002,1.686,1.428,1.313,0.08135134594580465,True,Crítica
2025-10-24 03:00:00,Pump_2,189310002,1.699,1.42,1.316,0.0815526400773127,True,Crítica
2025-10-24 03:30:00,Pump_2,189310002,1.681,1.422,1.321,0.08181550862904821,True,Crítica
2025-10-24 04:00:00,Pump_2,189310002,1.698,1.422,1.318,0.08193939697467768,True,Crítica
2025-10-24 04:30:00,Pump_2,189310002,1.682,1.424,1.324,0.08211959765551036,True,Crítica
2025-10-24 05:00:00,Pump_2,189310002,1.684,1.422,1.314,0.08221244253370544,True,Crítica
2025-10-24 05:30:00,Pump_2,189310002,1.685,1.435,1.321,0.08221047428633918,True,Crítica
2025-10-24 06:00:00,Pump_2,189310002,1.696,1.43,1.328,0.08238890387738189,True,Crítica
2025-10-24 06:30:00,Pump_2,189310002,1.699,1.418,1.313,0.08249450836237891,True,Crítica
2025-10-24 07:00:00,Pump_2,189310002,1.701,1.432,1.32,0.08265824824270214,True,Crítica
2025-10-24 07:30:00,Pump_2,189310002,1.686,1.418,1.32,0.083048194550283,True,Crítica
2025-10-24 08:00:00,Pump_2,189310002,1.693,1.421,1.314,0.08311277067073843,True,Crítica
2025-10-24 08:30:00,Pump_2,189310002,1.699,1.432,1.323,0.083193288515695,True,Crítica
2025-10-24 09:00:00,Pump_2,189310002,1.695,1.426,1.324,0.08332103153447555,True,Crítica
2025-10-24 09:30:00,Pump_2,189310002,1.696,1.42,1.325,0.08331117463884657,True,Crítica
2025-10-24 10:00:00,Pump_2,189310002,1.694,1.432,1.32,0.08342317883253446,True,Crítica
2025-10-24 10:30:00,Pump_2,189310002,1.686,1.424,1.322,0.08356461689999514,True,Crítica
2025-10-24 11:00:00,Pump_2,189310002,1.699,1.432,1.337,0.08346622567155579,True,Crítica
2025-10-24 11:30:00,Pump_2,189310002,1.696,1.424,1.33,0.08373385381959318,True,Crítica
2025-10-24 12:00:00,Pump_2,189310002,1.695,1.428,1.321,0.08379993066151824,True,Crítica
2025-10-24 12:30:00,Pump_2,189310002,1.704,1.433,1.325,0.08384310089965488,True,Crítica
2025-10-24 13:00:00,Pump_2,189310002,1.701,1.42,1.336,0.08409775812917346,True,Crítica
2025-10-24 13:30:00,Pump_2,189310002,1.692,1.428,1.331,0.08418644920417889,True,Crítica
2025-10-24 14:00:00,Pump_2,189310002,1.707,1.428,1.331,0.08435653993403627,True,Crítica
2025-10-24 14:30:00,Pump_2,189310002,1.698,1.426,1.332,0.08452910917550344,True,Crítica
2025-10-24 15:00:00,Pump_2,189310002,1.695,1.427,1.336,0.08474711852924438,True,Crítica
2025-10-24 15:30:00,Pump_2,189310002,1.694,1.418,1.339,0.08491385324896374,True,Crítica
2025-10-24 16:00:00,Pump_2,189310002,1.701,1.421,1.34,0.08518151800923551,True,Crítica
2025-10-24 16:30:00,Pump_2,189310002,1.696,1.431,1.333,0.08534127824991578,True,Crítica
2025-10-24 17:00:00,Pump_2,189310002,1.703,1.42,1.333,0.08556305227547065,True,Crítica
2025-10-24 17:30:00,Pump_2,189310002,1.695,1.912,1.342,0.08583747238178877,True,Crítica
2025-10-24 18:00:00,Pump_2,189310002,1.694,1.422,1.325,0.08971572209198271,True,Crítica
2025-10-24 18:30:00,Pump_2,189310002,1.7,1.427,1.333,0.08969793245641866,True,Crítica
2025-10-24 19:00:00,Pump_2,189310002,1.7,1.414,1.328,0.0899645331083848,True,Crítica
2025-10-24 19:30:00,Pump_2,189310002,1.705,1.414,1.325,0.0900484460225264,True,Crítica
2025-10-24 20:00:00,Pump_2,189310002,1.699,1.413,1.341,0.09048588215361966,True,Crítica
2025-10-24 20:30:00,Pump_2,189310002,1.712,1.418,1.344,0.09101172000332185,True,Crítica
2025-10-24 21:00:00,Pump_2,189310002,1.7,1.429,1.34,0.09142499153665785,True,Crítica
2025-10-24 21:30:00,Pump_2,189310002,1.7,1.427,1.332,0.09178074284569608,True,Crítica
2025-10-24 22:00:00,Pump_2,189310002,1.696,1.415,1.339,0.09220640185903113,True,Crítica
2025-10-24 22:30:00,Pump_2,189310002,1.701,1.425,1.346,0.09263202101918162,True,Crítica
2025-10-24 23:00:00,Pump_2,189310002,1.703,1.424,1.344,0.09329690664509366,True,Crítica
2025-10-24 23:30:00,Pump_2,189310002,1.712,1.417,1.333,0.09366595977960714,True,Crítica
2025-10-25 00:00:00,Pump_2,189310002,1.698,1.415,1.332,0.09424763922090978,True,Crítica
2025-10-25 00:30:00,Pump_2,189310002,1.704,1.423,1.332,0.09468383881833853,True,Crítica
2025-10-25 01:00:00,Pump_2,189310002,1.709,1.42,1.33,0.09496987857620172,True,Crítica
2025-10-25 01:30:00,Pump_2,189310002,1.71,1.43,1.347,0.09551697223070638,True,Crítica
2025-10-25 02:00:00,Pump_2,189310002,1.702,1.414,1.344,0.09609269498841821,True,Crítica
2025-10-25 02:30:00,Pump_2,189310002,1.707,1.418,1.349,0.09647543576382632,True,Crítica
2025-10-25 03:00:00,Pump_2,189310002,1.716,1.423,1.34,0.09682543640623867,True,Crítica
2025-10-25 03:30:00,Pump_2,189310002,1.701,1.424,1.351,0.09711229956620195,True,Crítica
2025-10-25 04:00:00,Pump_2,189310002,1.706,1.417,1.339,0.09749656823596932,True,Crítica
2025-10-25 04:30:00,Pump_2,189310002,1.72,1.413,1.35,0.09741848646920927,True,Crítica
2025-10-25 05:00:00,Pump_2,189310002,1.719,1.41,1.34,0.09731414110801478,True,Crítica
2025-10-25 05:30:00,Pump_2,189310002,1.711,1.417,1.344,0.09701252918555103,True,Crítica
2025-10-25 06:00:00,Pump_2,189310002,1.707,1.425,1.352,0.0888346338204637,True,Crítica
2025-10-25 06:30:00,Pump_2,189310002,1.704,1.411,1.339,0.08913615540279902,True,Crítica
2025-10-25 07:00:00,Pump_2,189310002,1.712,1.412,1.573,0.08917043836609209,True,Crítica
2025-10-25 07:30:00,Pump_2,189310002,1.71,1.408,1.339,0.0912857156573498,True,Crítica
2025-10-25 08:00:00,Pump_2,189310002,1.715,1.419,1.34,0.09147618891514525,True,Crítica
2025-10-25 08:30:00,Pump_2,189310002,1.711,1.425,1.346,0.09165871311267404,True,Crítica
2025-10-25 09:00:00,Pump_2,189310002,1.707,1.408,1.353,0.09169526361873867,True,Crítica
2025-10-25 09:30:00,Pump_2,189310002,1.713,1.419,1.349,0.0917812251236233,True,Crítica
2025-10-25 10:00:00,Pump_2,189310002,1.71,1.408,1.342,0.09188470114991032,True,Crítica
2025-10-25 10:30:00,Pump_2,189310002,1.722,1.426,1.347,0.09212169603214564,True,Crítica
2025-10-25 11:00:00,Pump_2,189310002,2.183,1.424,1.35,0.09228147949236779,True,Crítica
2025-10-25 11:30:00,Pump_2,189310002,1.719,1.424,1.344,0.09585544095631099,True,Crítica
2025-10-25 12:00:00,Pump_2,189310002,1.723,1.421,1.355,0.09600579572153396,True,Crítica
2025-10-25 12:30:00,Pump_2,189310002,1.713,1.411,1.352,0.09643190009431613,True,Crítica
2025-10-25 13:00:00,Pump_2,189310002,1.718,1.414,1.342,0.09662696830491817,True,Crítica
2025-10-25 13:30:00,Pump_2,189310002,1.708,1.412,1.35,0.09674393988012128,True,Crítica
2025-10-25 14:00:00,Pump_2,189310002,1.716,1.406,1.357,0.096650846487302,True,Crítica
2025-10-25 14:30:00,Pump_2,189310002,1.715,1.416,1.345,0.09699152105011652,True,Crítica
2025-10-25 15:00:00,Pump_2,189310002,1.727,1.413,1.356,0.09705569380371311,True,Crítica
2025-10-25 15:30:00,Pump_2,189310002,1.716,1.42,1.362,0.09717885676563458,True,Crítica
2025-10-25 16:00:00,Pump_2,189310002,1.725,1.408,1.359,0.09737739246533253,True,Crítica
2025-10-25 16:30:00,Pump_2,189310002,1.718,1.411,1.363,0.09771786687492987,True,Crítica
2025-10-25 17:00:00,Pump_2,189310002,1.715,1.411,1.358,0.09783143892291736,True,Crítica
2025-10-25 17:30:00,Pump_2,189310002,1.723,1.416,1.348,0.0979754388119212,True,Crítica
2025-10-25 18:00:00,Pump_2,189310002,1.718,1.41,1.365,0.09800460053169412,True,Crítica
2025-10-25 18:30:00,Pump_2,189310002,1.724,1.418,1.36,0.09808852500998959,True,Crítica
2025-10-25 19:00:00,Pump_2,189310002,1.719,1.417,1.361,0.09839801569376189,True,Crítica
2025-10-25 19:30:00,Pump_2,189310002,1.721,1.421,1.359,0.09782963498437519,True,Crítica
2025-10-25 20:00:00,Pump_2,189310002,1.73,1.413,1.35,0.09816064954666179,True,Crítica
2025-10-25 20:30:00,Pump_2,189310002,1.732,1.407,1.363,0.09830284382846492,True,Crítica
2025-10-25 21:00:00,Pump_2,189310002,1.723,1.417,1.362,0.09855613610073378,True,Crítica
2025-10-25 21:30:00,Pump_2,189310002,1.731,1.405,1.35,0.09899190889692316,True,Crítica
2025-10-25 22:00:00,Pump_2,189310002,1.723,1.404,1.356,0.09925801293109261,True,Crítica
2025-10-25 22:30:00,Pump_2,189310002,1.724,1.421,1.36,0.09970382693587714,True,Crítica
2025-10-25 23:00:00,Pump_2,189310002,1.737,1.421,1.364,0.09952914724046608,True,Crítica
2025-10-25 23:30:00,Pump_2,189310002,1.737,1.412,1.361,0.09464102310872781,True,Crítica
2025-10-26 00:00:00,Pump_2,189310002,1.724,1.411,1.361,0.09473975517546218,True,Crítica
2025-10-26 00:30:00,Pump_2,189310002,1.725,1.403,1.357,0.09467177352947873,True,Crítica
2025-10-26 01:00:00,Pump_2,189310002,1.728,1.413,1.354,0.09492381902385699,True,Crítica
2025-10-26 01:30:00,Pump_2,189310002,1.731,1.416,1.356,0.09503531822500377,True,Crítica
2025-10-26 02:00:00,Pump_2,189310002,1.721,1.416,1.352,0.0952540768778652,True,Crítica
2025-10-26 02:30:00,Pump_2,189310002,1.732,1.413,1.638,0.09530290862458049,True,Crítica
2025-10-26 03:00:00,Pump_2,189310002,1.726,1.4,1.364,0.09771302573447202,True,Crítica
2025-10-26 03:30:00,Pump_2,189310002,1.726,1.419,1.366,0.09784429285063223,True,Crítica
2025-10-26 04:00:00,Pump_2,189310002,1.739,1.403,1.361,0.09790638029100909,True,Crítica
2025-10-26 04:30:00,Pump_2,189310002,1.738,1.418,1.354,0.09817067593552403,True,Crítica
2025-10-26 05:00:00,Pump_2,189310002,1.742,1.411,1.357,0.09832218559846224,True,Crítica
2025-10-26 05:30:00,Pump_2,189310002,1.735,1.409,1.361,0.09856439987268091,True,Crítica
2025-10-26 06:00:00,Pump_2,189310002,1.731,1.403,1.364,0.09869314325933269,True,Crítica
2025-10-26 06:30:00,Pump_2,189310002,1.737,1.4,1.366,0.09890399888434254,True,Crítica
2025-10-26 07:00:00,Pump_2,189310002,1.737,1.401,1.357,0.09901089408638516,True,Crítica
2025-10-26 07:30:00,Pump_2,189310002,1.742,1.409,1.366,0.09912591951201792,True,Crítica
2025-10-26 08:00:00,Pump_2,189310002,1.734,1.415,1.356,0.09917855598631319,True,Crítica
2025-10-26 08:30:00,Pump_2,189310002,1.745,1.408,1.358,0.09910458730539036,True,Crítica
2025-10-26 09:00:00,Pump_2,189310002,1.746,1.398,1.375,0.09921315171506517,True,Crítica
2025-10-26 09:30:00,Pump_2,189310002,1.743,1.402,1.374,0.09952830674859024,True,Crítica
2025-10-26 10:00:00,Pump_2,189310002,1.749,1.412,1.374,0.09987087541104775,True,Crítica
2025-10-26 10:30:00,Pump_2,189310002,1.744,1.407,1.358,0.10025621788344354,True,Crítica
2025-10-26 11:00:00,Pump_2,189310002,1.747,1.408,1.364,0.1002012205384971,True,Crítica
2025-10-26 11:30:00,Pump_2,189310002,1.74,1.412,1.375,0.10006298154905309,True,Crítica
2025-10-26 12:00:00,Pump_2,189310002,1.754,1.397,1.364,0.10006588138814847,True,Crítica
2025-10-26 12:30:00,Pump_2,189310002,1.747,1.392,1.375,0.10029703449283428,True,Crítica
2025-10-26 13:00:00,Pump_2,189310002,1.742,1.397,1.377,0.10064358815951653,True,Crítica
2025-10-26 13:30:00,Pump_2,189310002,1.751,1.406,1.363,0.10067618949611211,True,Crítica
2025-10-26 14:00:00,Pump_2,189310002,1.743,1.399,1.365,0.1005821505528942,True,Crítica
2025-10-26 14:30:00,Pump_2,189310002,1.749,1.392,1.379,0.10071023798301283,True,Crítica
2025-10-26 15:00:00,Pump_2,189310002,1.748,1.397,1.365,0.1002720880013188,True,Crítica
2025-10-26 15:30:00,Pump_2,189310002,1.744,1.406,1.377,0.10070774696471693,True,Crítica
2025-10-26 16:00:00,Pump_2,189310002,1.758,1.629,1.362,0.10081738210341702,True,Crítica
2025-10-26 16:30:00,Pump_2,189310002,1.743,1.402,1.373,0.1026820542372478,True,Crítica
2025-10-26 17:00:00,Pump_2,189310002,1.76,1.406,1.362,0.1026624698049284,True,Crítica
2025-10-26 17:30:00,Pump_2,189310002,1.756,1.392,1.368,0.10272556802459662,True,Crítica
2025-10-26 18:00:00,Pump_2,189310002,1.757,1.399,1.368,0.10307076496250364,True,Crítica
2025-10-26 18:30:00,Pump_2,189310002,1.749,1.404,1.372,0.10355992223466044,True,Crítica
2025-10-26 19:00:00,Pump_2,189310002,1.752,1.407,1.371,0.10396450256251506,True,Crítica
2025-10-26 19:30:00,Pump_2,189310002,1.76,1.393,1.371,0.1043376050358267,True,Crítica
2025-10-26 20:00:00,Pump_2,189310002,1.767,1.404,1.367,0.10463203834369843,True,Crítica
2025-10-26 20:30:00,Pump_2,189310002,1.765,1.388,1.382,0.10481972056027519,True,Crítica
2025-10-26 21:00:00,Pump_2,189310002,1.765,1.39,1.364,0.10529711897371853,True,Crítica
2025-10-26 21:30:00,Pump_2,189310002,1.767,1.394,1.38,0.10579021772078828,True,Crítica
2025-10-26 22:00:00,Pump_2,189310002,1.755,1.397,1.375,0.10642180600111656,True,Crítica
2025-10-26 22:30:00,Pump_2,189310002,1.762,1.404,1.377,0.1066417857757619,True,Crítica
2025-10-26 23:00:00,Pump_2,189310002,1.756,1.398,1.381,0.10700820742274653,True,Crítica
2025-10-26 23:30:00,Pump_2,189310002,1.759,1.395,1.381,0.10722446475387414,True,Crítica
2025-10-27 00:00:00,Pump_2,189310002,1.756,1.385,1.377,0.10747887591581515,True,Crítica
2025-10-27 00:30:00,Pump_2,189310002,1.758,1.402,1.382,0.10789558898123243,True,Crítica
2025-10-27 01:00:00,Pump_2,189310002,1.772,1.392,1.378,0.10844655720906209,True,Crítica
2025-10-27 01:30:00,Pump_2,189310002,1.764,1.389,1.378,0.10901118830140885,True,Crítica
2025-10-27 02:00:00,Pump_2,189310002,1.769,1.393,1.383,0.10922885935418286,True,Crítica
2025-10-27 02:30:00,Pump_2,189310002,1.772,1.387,1.375,0.10964723940820047,True,Crítica
2025-10-27 03:00:00,Pump_2,189310002,1.764,1.386,1.381,0.1100495935605495,True,Crítica
2025-10-27 03:30:00,Pump_2,189310002,1.773,1.395,1.37,0.11034559090779612,True,Crítica
2025-10-27 04:00:00,Pump_2,189310002,1.761,1.385,1.373,0.11023083402939822,True,Crítica
2025-10-27 04:30:00,Pump_2,189310002,1.769,1.389,1.373,0.10586820693302605,True,Crítica
2025-10-27 05:00:00,Pump_2,189310002,1.772,1.396,1.374,0.10606151256602862,True,Crítica
2025-10-27 05:30:00,Pump_2,189310002,1.777,1.393,1.38,0.1061235497140991,True,Crítica
2025-10-27 06:00:00,Pump_2,189310002,1.767,1.392,1.386,0.1065092731737952,True,Crítica
2025-10-27 06:30:00,Pump_2,189310002,1.772,1.382,1.371,0.1067109758150668,True,Crítica
2025-10-27 07:00:00,Pump_2,189310002,1.766,1.397,1.608,0.10682898368568312,True,Crítica
2025-10-27 07:30:00,Pump_2,189310002,1.769,1.381,1.373,0.10861914514521837,True,Crítica
2025-10-27 08:00:00,Pump_2,189310002,1.77,1.382,1.383,0.10865893211781129,True,Crítica
2025-10-27 08:30:00,Pump_2,189310002,1.77,1.396,1.389,0.10853746184756677,True,Crítica
2025-10-27 09:00:00,Pump_2,189310002,1.776,1.388,1.384,0.10878077844835349,True,Crítica
2025-10-27 09:30:00,Pump_2,189310002,1.786,1.385,1.371,0.10905662374399315,True,Crítica
2025-10-27 10:00:00,Pump_2,189310002,1.768,1.392,1.376,0.10917487511256686,True,Crítica
2025-10-27 10:30:00,Pump_2,189310002,1.774,1.394,1.386,0.10919044568454958,True,Crítica
2025-10-27 11:00:00,Pump_2,189310002,1.771,1.379,1.377,0.10916019302229651,True,Crítica
2025-10-27 11:30:00,Pump_2,189310002,1.778,1.384,1.386,0.10918375599711094,True,Crítica
2025-10-27 12:00:00,Pump_2,189310002,1.771,1.391,1.381,0.10941482279288721,True,Crítica
2025-10-27 12:30:00,Pump_2,189310002,1.788,1.384,1.374,0.10970278712582598,True,Crítica
2025-10-27 13:00:00,Pump_2,189310002,1.776,1.392,1.377,0.10972325511793228,True,Crítica
2025-10-27 13:30:00,Pump_2,189310002,1.786,1.383,1.378,0.10973038030161397,True,Crítica
2025-10-27 14:00:00,Pump_2,189310002,1.791,1.384,1.392,0.10994624652141932,True,Crítica
2025-10-27 14:30:00,Pump_2,189310002,1.786,1.391,1.376,0.11016297654672387,True,Crítica
2025-10-27 15:00:00,Pump_2,189310002,1.779,1.386,1.39,0.11034479677213414,True,Crítica
2025-10-27 15:30:00,Pump_2,189310002,1.793,1.38,1.377,0.11056691066996023,True,Crítica
2025-10-27 16:00:00,Pump_2,189310002,1.793,1.377,1.382,0.11060802523705665,True,Crítica
2025-10-27 16:30:00,Pump_2,189310002,1.785,1.386,1.378,0.11102633610401116,True,Crítica
2025-10-27 17:00:00,Pump_2,189310002,1.786,1.372,1.38,0.11103831164777873,True,Crítica
2025-10-27 17:30:00,Pump_2,189310002,1.784,1.377,1.391,0.11096731802340815,True,Crítica
2025-10-27 18:00:00,Pump_2,189310002,1.783,1.374,1.378,0.11078516104430997,True,Crítica
2025-10-27 18:30:00,Pump_2,189310002,1.789,1.375,1.394,0.11071012318813142,True,Crítica
2025-10-27 19:00:00,Pump_2,189310002,1.784,1.373,1.396,0.11087574885192657,True,Crítica
2025-10-27 19:30:00,Pump_2,189310002,1.785,1.371,1.39,0.11072244342240883,True,Crítica
2025-10-27 20:00:00,Pump_2,189310002,1.791,1.378,1.395,0.11122254673062731,True,Crítica
2025-10-27 20:30:00,Pump_2,189310002,1.801,1.376,1.381,0.1116320729713633,True,Crítica
2025-10-27 21:00:00,Pump_2,189310002,1.787,1.377,1.387,0.11169538653375809,True,Crítica
2025-10-27 21:30:00,Pump_2,189310002,1.803,1.379,1.38,0.11191902375804245,True,Crítica
2025-10-27 22:00:00,Pump_2,189310002,1.792,1.374,1.391,0.11214161904035118,True,Crítica
2025-10-27 22:30:00,Pump_2,189310002,1.803,1.383,1.384,0.11226961275578463,True,Crítica
2025-10-27 23:00:00,Pump_2,189310002,1.804,1.387,1.396,0.1122785782176452,True,Crítica
2025-10-27 23:30:00,Pump_2,189310002,1.792,1.368,1.392,0.11278125782386213,True,Crítica
2025-10-28 00:00:00,Pump_2,189310002,1.793,1.372,1.387,0.11302880154075155,True,Crítica
2025-10-28 00:30:00,Pump_2,189310002,1.802,1.369,1.39,0.11325748995826003,True,Crítica
2025-10-28 01:00:00,Pump_2,189310002,1.801,1.372,1.386,0.11342836461808489,True,Crítica
2025-10-28 01:30:00,Pump_2,189310002,1.797,1.384,1.384,0.11352613141219924,True,Crítica
2025-10-28 02:00:00,Pump_2,189310002,1.795,1.367,1.386,0.11363038729914655,True,Crítica
2025-10-28 02:30:00,Pump_2,189310002,1.812,1.369,1.401,0.11370613858899306,True,Crítica
2025-10-28 03:00:00,Pump_2,189310002,1.801,1.368,1.392,0.1138711534499691,True,Crítica
2025-10-28 03:30:00,Pump_2,189310002,1.804,1.378,1.388,0.11400987313255904,True,Crítica
2025-10-28 04:00:00,Pump_2,189310002,1.804,1.378,1.39,0.11417807585919798,True,Crítica
2025-10-28 04:30:00,Pump_2,189310002,1.815,1.385,1.399,0.11427299216486118,True,Crítica
2025-10-28 05:00:00,Pump_2,189310002,1.809,1.369,1.393,0.11438031005342733,True,Crítica
2025-10-28 05:30:00,Pump_2,189310002,1.817,1.379,1.393,0.11469811795144619,True,Crítica
2025-10-28 06:00:00,Pump_2,189310002,1.806,1.369,1.992,0.11498195027295427,True,Crítica
2025-10-28 06:30:00,Pump_2,189310002,1.809,1.68,1.395,0.12012676999544498,True,Crítica
2025-10-28 07:00:00,Pump_2,189310002,1.812,1.38,1.401,0.12241647760006152,True,Crítica
2025-10-28 07:30:00,Pump_2,189310002,1.806,1.374,1.396,0.12279128781520414,True,Crítica
2025-10-28 08:00:00,Pump_2,189310002,1.82,1.376,1.39,0.12315334427626595,True,Crítica
2025-10-28 08:30:00,Pump_2,189310002,1.81,1.376,1.393,0.1234827979403977,True,Crítica
2025-10-28 09:00:00,Pump_2,189310002,1.817,1.369,1.396,0.12372357630556158,True,Crítica
2025-10-28 09:30:00,Pump_2,189310002,1.812,1.37,1.399,0.12424629756239394,True,Crítica
2025-10-28 10:00:00,Pump_2,189310002,1.822,1.381,1.404,0.12465996265662883,True,Crítica
2025-10-28 10:30:00,Pump_2,189310002,1.823,1.369,1.393,0.12529731297179433,True,Crítica
2025-10-28 11:00:00,Pump_2,189310002,1.813,1.376,1.393,0.12572486121108659,True,Crítica
2025-10-28 11:30:00,Pump_2,189310002,1.824,1.371,1.386,0.12598847343118608,True,Crítica
2025-10-28 12:00:00,Pump_2,189310002,1.808,1.38,1.405,0.12665307767178474,True,Crítica
2025-10-28 12:30:00,Pump_2,189310002,1.818,1.371,1.388,0.12728189255438982,True,Crítica
2025-10-28 13:00:00,Pump_2,189310002,1.814,1.383,1.392,0.12782896236582944,True,Crítica
2025-10-28 13:30:00,Pump_2,189310002,1.829,1.366,1.4,0.12828148491618796,True,Crítica
2025-10-28 14:00:00,Pump_2,189310002,1.828,1.367,1.394,0.1290037907001623,True,Crítica
2025-10-28 14:30:00,Pump_2,189310002,1.813,1.377,1.405,0.1297017054947785,True,Crítica
2025-10-28 15:00:00,Pump_2,189310002,1.826,1.374,1.398,0.12998985580582378,True,Crítica
2025-10-28 15:30:00,Pump_2,189310002,1.82,1.382,1.395,0.13031759917134386,True,Crítica
2025-10-28 16:00:00,Pump_2,189310002,1.823,1.366,1.4,0.130235018636473,True,Crítica
2025-10-28 16:30:00,Pump_2,189310002,1.826,1.378,1.39,0.1301084186316493,True,Crítica
2025-10-28 17:00:00,Pump_2,189310002,1.833,1.376,1.389,0.12946459201758762,True,Crítica
2025-10-28 17:30:00,Pump_2,189310002,1.825,1.38,1.4,0.1288646647886954,True,Crítica
2025-10-28 18:00:00,Pump_2,189310002,1.821,1.371,1.39,0.128119681304632,True,Crítica
2025-10-28 18:30:00,Pump_2,189310002,1.831,1.375,1.401,0.12656140486575124,True,Crítica
2025-10-28 19:00:00,Pump_2,189310002,1.825,1.367,1.389,0.12046789764945715,True,Crítica
2025-10-28 19:30:00,Pump_2,189310002,1.825,1.374,1.405,0.12050098082436984,True,Crítica
2025-10-28 20:00:00,Pump_2,189310002,1.823,1.363,1.391,0.1207513047366814,True,Crítica
2025-10-28 20:30:00,Pump_2,189310002,1.84,1.379,1.408,0.12081895466943864,True,Crítica
2025-10-28 21:00:00,Pump_2,189310002,1.826,1.364,1.395,0.12112526063613253,True,Crítica
2025-10-28 21:30:00,Pump_2,189310002,1.827,1.381,1.397,0.12133652534718041,True,Crítica
2025-10-28 22:00:00,Pump_2,189310002,1.828,1.366,1.399,0.12143387865298176,True,Crítica
2025-10-28 22:30:00,Pump_2,189310002,1.842,1.363,1.397,0.12146907961998266,True,Crítica
2025-10-28 23:00:00,Pump_2,189310002,1.828,1.374,1.41,0.12173570552823658,True,Crítica
2025-10-28 23:30:00,Pump_2,189310002,1.84,1.365,1.393,0.12199512377531889,True,Crítica
2025-10-29 00:00:00,Pump_2,189310002,1.837,1.376,1.396,0.12217503611566993,True,Crítica
2025-10-29 00:30:00,Pump_2,189310002,1.84,1.372,1.404,0.12237462163143355,True,Crítica
2025-10-29 01:00:00,Pump_2,189310002,1.836,1.37,1.409,0.12264370017234189,True,Crítica
2025-10-29 01:30:00,Pump_2,189310002,1.829,1.378,1.404,0.12281844111003032,True,Crítica
2025-10-29 02:00:00,Pump_2,189310002,1.845,1.369,1.406,0.12285460867861071,True,Crítica
2025-10-29 02:30:00,Pump_2,189310002,1.837,1.38,1.406,0.12309765851664069,True,Crítica
2025-10-29 03:00:00,Pump_2,189310002,1.845,1.363,1.398,0.12331648948660126,True,Crítica
2025-10-29 03:30:00,Pump_2,189310002,1.846,1.375,1.4,0.12351606339549427,True,Crítica
2025-10-29 04:00:00,Pump_2,189310002,1.839,1.373,1.41,0.12362170927105101,True,Crítica
2025-10-29 04:30:00,Pump_2,189310002,1.84,1.372,1.393,0.12387007461501054,True,Crítica
2025-10-29 05:00:00,Pump_2,189310002,1.843,1.379,1.393,0.1239627953923956,True,Crítica
2025-10-29 05:30:00,Pump_2,189310002,1.853,1.368,1.409,0.12394569578132453,True,Crítica
2025-10-29 06:00:00,Pump_2,189310002,1.853,1.378,1.397,0.12419313212306173,True,Crítica
2025-10-29 06:30:00,Pump_2,189310002,1.847,1.368,1.4,0.1244311538564091,True,Crítica
2025-10-29 07:00:00,Pump_2,189310002,1.849,1.36,1.413,0.12458311401531323,True,Crítica
2025-10-29 07:30:00,Pump_2,189310002,1.839,1.373,1.41,0.1250407161729237,True,Crítica
2025-10-29 08:00:00,Pump_2,189310002,1.846,1.363,1.396,0.1252497332652126,True,Crítica
2025-10-29 08:30:00,Pump_2,189310002,1.851,1.369,1.397,0.12555170485900352,True,Crítica
2025-10-29 09:00:00,Pump_2,189310002,1.859,1.371,1.4,0.12560835525696187,True,Crítica
2025-10-29 09:30:00,Pump_2,189310002,1.853,1.375,1.41,0.1259436883651637,True,Crítica
2025-10-29 10:00:00,Pump_2,189310002,1.862,1.361,1.409,0.12613172501078224,True,Crítica
2025-10-29 10:30:00,Pump_2,189310002,1.856,1.363,1.409,0.12659694996433885,True,Crítica
2025-10-29 11:00:00,Pump_2,189310002,1.847,1.369,1.412,0.12688372676669676,True,Crítica
2025-10-29 11:30:00,Pump_2,189310002,1.846,1.373,1.413,0.1270938241901798,True,Crítica
2025-10-29 12:00:00,Pump_2,189310002,1.863,1.367,1.413,0.127262261234479,True,Crítica
2025-10-29 12:30:00,Pump_2,189310002,1.862,1.361,1.402,0.12753471174259415,True,Crítica
2025-10-29 13:00:00,Pump_2,189310002,1.858,1.375,1.417,0.1277265322854907,True,Crítica
2025-10-29 13:30:00,Pump_2,189310002,1.86,1.362,1.414,0.1279305883739286,True,Crítica
2025-10-29 14:00:00,Pump_2,189310002,1.855,1.365,1.41,0.12829081545168136,True,Crítica
2025-10-29 14:30:00,Pump_2,189310002,1.867,1.364,1.416,0.12843494238403794,True,Crítica
2025-10-29 15:00:00,Pump_2,189310002,1.852,1.378,1.408,0.12869474671753756,True,Crítica
2025-10-29 15:30:00,Pump_2,189310002,1.859,1.371,1.407,0.12877277351557603,True,Crítica
2025-10-29 16:00:00,Pump_2,189310002,1.863,1.366,1.415,0.12885411044754896,True,Crítica
2025-10-29 16:30:00,Pump_2,189310002,1.861,1.365,1.418,0.12914097929289475,True,Crítica
2025-10-29 17:00:00,Pump_2,189310002,1.857,1.37,1.412,0.12946401922289544,True,Crítica
2025-10-29 17:30:00,Pump_2,189310002,1.867,1.374,1.416,0.12959396089189562,True,Crítica
2025-10-29 18:00:00,Pump_2,189310002,1.873,1.368,1.403,0.12973614230681432,True,Crítica
2025-10-29 18:30:00,Pump_2,189310002,1.861,1.361,1.405,0.1298253012332653,True,Crítica
2025-10-29 19:00:00,Pump_2,189310002,1.865,1.358,1.416,0.13002273960036362,True,Crítica
2025-10-29 19:30:00,Pump_2,189310002,1.874,1.371,1.412,0.13034259371132342,True,Crítica
2025-10-29 20:00:00,Pump_2,189310002,1.872,1.367,1.403,0.13062642007063024,True,Crítica
2025-10-29 20:30:00,Pump_2,189310002,1.87,1.375,1.41,0.1308917050768493,True,Crítica
2025-10-29 21:00:00,Pump_2,189310002,1.874,1.371,1.402,0.1310441004001687,True,Crítica
2025-10-29 21:30:00,Pump_2,189310002,1.865,1.365,1.418,0.1310905911954998,True,Crítica
2025-10-29 22:00:00,Pump_2,189310002,1.871,1.364,1.419,0.1312370051723938,True,Crítica
2025-10-29 22:30:00,Pump_2,189310002,1.88,1.372,1.402,0.13144944990811316,True,Crítica
2025-10-29 23:00:00,Pump_2,189310002,1.866,1.374,1.414,0.13155924460250407,True,Crítica
2025-10-29 23:30:00,Pump_2,189310002,1.877,1.37,1.412,0.13167663546493472,True,Crítica
2025-10-30 00:00:00,Pump_2,189310002,1.873,1.359,1.413,0.13187784416388795,True,Crítica
2025-10-30 00:30:00,Pump_2,189310002,1.868,1.374,1.417,0.1320363912970425,True,Crítica
2025-10-30 01:00:00,Pump_2,189310002,1.873,1.371,1.419,0.13215093125370425,True,Crítica
2025-10-30 01:30:00,Pump_2,189310002,1.87,1.372,1.416,0.13223386905614715,True,Crítica
2025-10-30 02:00:00,Pump_2,189310002,1.881,1.362,1.419,0.13233503467262497,True,Crítica
2025-10-30 02:30:00,Pump_2,189310002,1.869,1.367,1.415,0.13266929262636648,True,Crítica
2025-10-30 03:00:00,Pump_2,189310002,1.87,1.373,1.41,0.13269314246887814,True,Crítica
2025-10-30 03:30:00,Pump_2,189310002,1.867,1.37,1.415,0.13269172900859807,True,Crítica
2025-10-30 04:00:00,Pump_2,189310002,1.878,1.366,1.409,0.13275563964383286,True,Crítica
2025-10-30 04:30:00,Pump_2,189310002,1.87,1.375,1.415,0.13285561734418444,True,Crítica
2025-10-30 05:00:00,Pump_2,189310002,1.869,1.372,1.417,0.13290339411658308,True,Crítica
2025-10-30 05:30:00,Pump_2,189310002,1.881,1.375,1.41,0.1330235221144391,True,Crítica
2025-10-30 06:00:00,Pump_2,189310002,1.873,1.376,1.426,0.1330604030597821,True,Crítica
2025-10-30 06:30:00,Pump_2,189310002,1.87,1.361,1.416,0.13321366920406458,True,Crítica
2025-10-30 07:00:00,Pump_2,189310002,1.866,1.366,1.423,0.13348768574939912,True,Crítica
2025-10-30 07:30:00,Pump_2,189310002,1.883,1.361,1.42,0.13368605148818347,True,Crítica
2025-10-30 08:00:00,Pump_2,189310002,1.871,1.374,1.424,0.1338909489208618,True,Crítica
2025-10-30 08:30:00,Pump_2,189310002,1.873,1.365,1.423,0.13401237308980563,True,Crítica
2025-10-30 09:00:00,Pump_2,189310002,1.863,1.377,1.423,0.13414258044871877,True,Crítica
2025-10-30 09:30:00,Pump_2,189310002,1.883,1.36,1.434,0.1341351711436295,True,Crítica
2025-10-30 10:00:00,Pump_2,189310002,1.87,1.359,1.433,0.13452367625313974,True,Crítica
2025-10-30 10:30:00,Pump_2,189310002,1.865,1.376,1.429,0.13476427508443647,True,Crítica
2025-10-30 11:00:00,Pump_2,189310002,1.877,1.378,1.429,0.13475472306733113,True,Crítica
2025-10-30 11:30:00,Pump_2,189310002,1.872,1.369,1.43,0.134868672896573,True,Crítica
2025-10-30 12:00:00,Pump_2,189310002,1.874,1.376,1.422,0.13496838802006478,True,Crítica
2025-10-30 12:30:00,Pump_2,189310002,1.871,1.37,1.435,0.1350509927198427,True,Crítica
2025-10-30 13:00:00,Pump_2,189310002,1.877,1.378,1.436,0.13520135211798967,True,Crítica
2025-10-30 13:30:00,Pump_2,189310002,1.878,1.369,1.428,0.13533334680684672,True,Crítica
2025-10-30 14:00:00,Pump_2,189310002,1.881,1.362,1.438,0.1355163411034839,True,Crítica
2025-10-30 14:30:00,Pump_2,189310002,1.87,1.376,1.425,0.13581482446914417,True,Crítica
2025-10-30 15:00:00,Pump_2,189310002,1.872,1.365,1.436,0.1359017444156769,True,Crítica
2025-10-30 15:30:00,Pump_2,189310002,1.869,1.38,1.435,0.1361468139736547,True,Crítica
2025-10-30 16:00:00,Pump_2,189310002,1.866,1.375,1.437,0.13627285261448505,True,Crítica
2025-10-30 16:30:00,Pump_2,189310002,1.863,1.364,1.424,0.13637716664986235,True,Crítica
2025-10-30 17:00:00,Pump_2,189310002,1.868,1.379,1.442,0.13641460342181594,True,Crítica
2025-10-30 17:30:00,Pump_2,189310002,1.877,1.375,1.434,0.13654920724653585,True,Crítica
2025-10-30 18:00:00,Pump_2,189310002,1.866,1.371,1.43,0.1366263796527627,True,Crítica
2025-10-30 18:30:00,Pump_2,189310002,1.877,1.374,1.439,0.13662970735263347,True,Crítica
2025-10-30 19:00:00,Pump_2,189310002,1.862,1.377,1.439,0.1369131266663507,True,Crítica
2025-10-30 19:30:00,Pump_2,189310002,1.863,1.363,1.438,0.1370337817903452,True,Crítica
2025-10-30 20:00:00,Pump_2,189310002,1.871,1.37,1.431,0.13714082630863464,True,Crítica
2025-10-30 20:30:00,Pump_2,189310002,1.872,1.368,1.444,0.137200476376938,True,Crítica
2025-10-30 21:00:00,Pump_2,189310002,1.867,1.371,1.445,0.13741998620627197,True,Crítica
2025-10-30 21:30:00,Pump_2,189310002,1.868,1.375,1.437,0.13760008475962138,True,Crítica
2025-10-30 22:00:00,Pump_2,189310002,1.863,1.372,1.436,0.1375853938286653,True,Crítica
2025-10-30 22:30:00,Pump_2,189310002,1.858,1.366,1.438,0.13765005022152446,True,Crítica
2025-10-30 23:00:00,Pump_2,189310002,1.867,1.372,1.436,0.13768926364436082,True,Crítica
2025-10-30 23:30:00,Pump_2,189310002,1.865,1.383,1.451,0.13762925262985665,True,Crítica
2025-10-31 00:00:00,Pump_2,189310002,1.863,1.376,1.44,0.1376864529223108,True,Crítica
2025-10-31 00:30:00,Pump_2,189310002,1.865,1.367,1.436,0.13765626752120422,True,Crítica
2025-10-31 01:00:00,Pump_2,189310002,1.859,1.377,1.454,0.13768862253970723,True,Crítica
2025-10-31 01:30:00,Pump_2,189310002,1.866,1.37,1.447,0.13766022256707147,True,Crítica
2025-10-31 02:00:00,Pump_2,189310002,1.869,1.375,1.457,0.13774493529697365,True,Crítica
2025-10-31 02:30:00,Pump_2,189310002,1.863,1.368,1.44,0.1378645568686352,True,Crítica
2025-10-31 03:00:00,Pump_2,189310002,1.855,1.368,1.445,0.1379084042495281,True,Crítica
2025-10-31 03:30:00,Pump_2,189310002,1.873,1.379,1.448,0.1379170819546301,True,Crítica
2025-10-31 04:00:00,Pump_2,189310002,1.873,1.369,1.455,0.1379457833481328,True,Crítica
2025-10-31 04:30:00,Pump_2,189310002,1.855,1.374,1.448,0.1381662606209383,True,Crítica
2025-10-31 05:00:00,Pump_2,189310002,1.863,1.374,1.457,0.138276064436644,True,Crítica
2025-10-31 05:30:00,Pump_2,189310002,1.861,1.377,1.443,0.13833240860632703,True,Crítica
2025-10-31 06:00:00,Pump_2,189310002,1.855,1.37,1.442,0.13821568586086225,True,Crítica
2025-10-31 06:30:00,Pump_2,189310002,1.856,1.382,1.457,0.13822601848942342,True,Crítica
2025-10-31 07:00:00,Pump_2,189310002,1.859,1.378,1.447,0.13814089538462768,True,Crítica
2025-10-31 07:30:00,Pump_2,189310002,1.853,1.386,1.453,0.1381557003121578,True,Crítica
2025-10-31 08:00:00,Pump_2,189310002,1.853,1.381,1.448,0.13819463758752187,True,Crítica
2025-10-31 08:30:00,Pump_2,189310002,1.861,1.376,1.454,0.13813020151264485,True,Crítica
2025-10-31 09:00:00,Pump_2,189310002,1.864,1.376,1.451,0.13817165758075636,True,Crítica
2025-10-31 09:30:00,Pump_2,189310002,1.863,1.372,1.451,0.1382368965182442,True,Crítica
2025-10-31 10:00:00,Pump_2,189310002,1.861,1.376,1.45,0.13831169877454125,True,Crítica
2025-10-31 10:30:00,Pump_2,189310002,1.857,1.383,1.464,0.1383915377953325,True,Crítica
2025-10-31 11:00:00,Pump_2,189310002,1.87,1.388,1.458,0.13860703817382064,True,Crítica
2025-10-31 11:30:00,Pump_2,189310002,1.87,1.388,1.461,0.1386662090378455,True,Crítica
2025-10-31 12:00:00,Pump_2,189310002,1.863,1.373,1.456,0.13863342993804645,True,Crítica
2025-10-31 12:30:00,Pump_2,189310002,1.867,1.385,1.462,0.13875865896321019,True,Crítica
2025-10-31 13:00:00,Pump_2,189310002,1.853,1.383,1.463,0.138913405283704,True,Crítica
2025-10-31 13:30:00,Pump_2,189310002,1.859,1.38,1.468,0.13895137148662273,True,Crítica
2025-10-31 14:00:00,Pump_2,189310002,1.86,1.374,1.692,0.13910167300104773,True,Crítica
2025-10-31 14:30:00,Pump_2,189310002,1.853,1.383,1.458,0.14103845985141802,True,Crítica
2025-10-31 15:00:00,Pump_2,189310002,1.853,1.381,1.469,0.1410807522797535,True,Crítica
2025-10-31 15:30:00,Pump_2,189310002,1.863,1.385,1.469,0.14129177974066598,True,Crítica
2025-10-31 16:00:00,Pump_2,189310002,1.867,1.372,1.469,0.14131506057768928,True,Crítica
2025-10-31 16:30:00,Pump_2,189310002,1.851,1.374,1.465,0.14150731567739838,True,Crítica
2025-10-31 17:00:00,Pump_2,189310002,1.861,1.372,1.473,0.14169446911765737,True,Crítica
2025-10-31 17:30:00,Pump_2,189310002,1.853,1.388,1.471,0.14194212129972675,True,Crítica
2025-10-31 18:00:00,Pump_2,189310002,1.86,1.38,1.464,0.14203142907608424,True,Crítica
2025-10-31 18:30:00,Pump_2,189310002,1.85,1.374,1.478,0.14226334923942338,True,Crítica
2025-10-31 19:00:00,Pump_2,189310002,1.848,1.373,1.468,0.1425192614346313,True,Crítica
2025-10-31 19:30:00,Pump_2,189310002,1.852,1.383,1.474,0.14265643532627467,True,Crítica
2025-10-31 20:00:00,Pump_2,189310002,1.862,1.377,1.466,0.14276525443106294,True,Crítica
2025-10-31 20:30:00,Pump_2,189310002,1.866,1.379,1.482,0.14301457881665908,True,Crítica
2025-10-31 21:00:00,Pump_2,189310002,1.849,1.382,1.471,0.1433350208842479,True,Crítica
2025-10-31 21:30:00,Pump_2,189310002,1.859,1.384,1.464,0.14336830381581375,True,Crítica
2025-10-31 22:00:00,Pump_2,189310002,1.861,1.39,1.474,0.14339906210035616,True,Crítica
2025-10-31 22:30:00,Pump_2,189310002,1.856,1.383,1.469,0.1435021751176464,True,Crítica
2025-10-31 23:00:00,Pump_2,189310002,1.864,1.385,1.468,0.1435227141808041,True,Crítica
2025-10-31 23:30:00,Pump_2,189310002,1.852,1.383,1.482,0.1432239057192209,True,Crítica
2025-11-01 00:00:00,Pump_2,189310002,1.849,1.38,1.468,0.142924216127381,True,Crítica
2025-11-01 00:30:00,Pump_2,189310002,1.86,1.375,1.476,0.14268008870123694,True,Crítica
2025-11-01 01:00:00,Pump_2,189310002,1.855,1.387,1.472,0.14235584155838563,True,Crítica
2025-11-01 01:30:00,Pump_2,189310002,1.864,1.386,1.472,0.14203230678258238,True,Crítica
2025-11-01 02:00:00,Pump_2,189310002,1.862,1.381,1.472,0.1418475338264366,True,Crítica
2025-11-01 02:30:00,Pump_2,189310002,1.847,1.38,1.476,0.14149367077563899,True,Crítica
2025-11-01 03:00:00,Pump_2,189310002,1.847,1.392,1.487,0.1415619716148689,True,Crítica
2025-11-01 03:30:00,Pump_2,189310002,1.855,1.391,1.483,0.14159927158436,True,Crítica
2025-11-01 04:00:00,Pump_2,189310002,1.861,1.379,1.484,0.14150750396056944,True,Crítica
2025-11-01 04:30:00,Pump_2,189310002,1.851,1.386,1.483,0.14163831007592476,True,Crítica
2025-11-01 05:00:00,Pump_2,189310002,1.849,1.373,1.478,0.1418788830092247,True,Crítica
2025-11-01 05:30:00,Pump_2,189310002,1.856,1.373,1.486,0.14195202935945728,True,Crítica
2025-11-01 06:00:00,Pump_2,189310002,1.866,1.372,1.481,0.14206718070061108,True,Crítica
2025-11-01 06:30:00,Pump_2,189310002,1.85,1.385,1.496,0.14229021905428835,True,Crítica
2025-11-01 07:00:00,Pump_2,189310002,1.859,1.377,1.481,0.14254138679733844,True,Crítica
2025-11-01 07:30:00,Pump_2,189310002,1.868,1.382,1.48,0.14282637946992857,True,Crítica
2025-11-01 08:00:00,Pump_2,189310002,1.869,1.375,1.498,0.1430249348097185,True,Crítica
2025-11-01 08:30:00,Pump_2,189310002,1.858,1.375,1.498,0.1433586494903453,True,Crítica
2025-11-01 09:00:00,Pump_2,189310002,1.859,1.372,1.491,0.14352960516934546,True,Crítica
2025-11-01 09:30:00,Pump_2,189310002,1.854,1.368,1.499,0.14393593081006795,True,Crítica
2025-11-01 10:00:00,Pump_2,189310002,1.855,1.371,1.486,0.14417704891145466,True,Crítica
2025-11-01 10:30:00,Pump_2,189310002,1.868,1.368,1.503,0.14415679292506148,True,Crítica
2025-11-01 11:00:00,Pump_2,189310002,1.857,1.38,1.504,0.14456102313390376,True,Crítica
2025-11-01 11:30:00,Pump_2,189310002,1.873,1.382,1.49,0.14465975179325916,True,Crítica
2025-11-01 12:00:00,Pump_2,189310002,1.859,1.377,1.503,0.14489215311657444,True,Crítica
2025-11-01 12:30:00,Pump_2,189310002,1.866,1.379,1.505,0.14529711358975897,True,Crítica
2025-11-01 13:00:00,Pump_2,189310002,1.87,1.377,1.493,0.14560918565780312,True,Crítica
2025-11-01 13:30:00,Pump_2,189310002,1.862,1.377,1.493,0.1457124131788859,True,Crítica
2025-11-01 14:00:00,Pump_2,189310002,1.858,1.369,1.506,0.14564163482146603,True,Crítica
2025-11-01 14:30:00,Pump_2,189310002,1.861,1.376,1.493,0.14596091778377923,True,Crítica
2025-11-01 15:00:00,Pump_2,189310002,1.867,1.379,1.492,0.14629538126878186,True,Crítica
2025-11-01 15:30:00,Pump_2,189310002,1.874,1.374,1.498,0.1462318318016803,True,Crítica
2025-11-01 16:00:00,Pump_2,189310002,1.877,1.373,1.507,0.14634076511865476,True,Crítica
2025-11-01 16:30:00,Pump_2,189310002,1.88,1.37,1.498,0.1466276288582753,True,Crítica
2025-11-01 17:00:00,Pump_2,189310002,1.865,1.369,1.507,0.14685083522164177,True,Crítica
2025-11-01 17:30:00,Pump_2,189310002,1.88,1.368,1.499,0.14724302614811086,True,Crítica
2025-11-01 18:00:00,Pump_2,189310002,1.868,1.38,1.513,0.14768204972233445,True,Crítica
2025-11-01 18:30:00,Pump_2,189310002,1.878,1.374,1.505,0.1478426882207367,True,Crítica
2025-11-01 19:00:00,Pump_2,189310002,1.872,1.379,1.501,0.14810570911516727,True,Crítica
2025-11-01 19:30:00,Pump_2,189310002,1.866,1.377,1.515,0.1482582221310712,True,Crítica
2025-11-01 20:00:00,Pump_2,189310002,1.877,1.361,1.512,0.1482912837691418,True,Crítica
2025-11-01 20:30:00,Pump_2,189310002,1.886,1.368,1.507,0.148576308716467,True,Crítica
2025-11-01 21:00:00,Pump_2,189310002,1.867,1.364,1.519,0.14896832876068966,True,Crítica
2025-11-01 21:30:00,Pump_2,189310002,1.874,1.362,1.505,0.14934798390737938,True,Crítica
2025-11-01 22:00:00,Pump_2,189310002,1.882,1.367,1.507,0.1497402362868254,True,Crítica
2025-11-01 22:30:00,Pump_2,189310002,1.879,1.368,1.508,0.15015656016023415,True,Crítica
2025-11-01 23:00:00,Pump_2,189310002,1.877,1.373,1.522,0.15041164505084847,True,Crítica
2025-11-01 23:30:00,Pump_2,189310002,1.875,1.357,1.519,0.15070683763933643,True,Crítica
2025-11-02 00:00:00,Pump_2,189310002,1.88,1.362,1.514,0.15087431728300146,True,Crítica
2025-11-02 00:30:00,Pump_2,189310002,1.873,1.367,1.519,0.15121622067736512,True,Crítica
2025-11-02 01:00:00,Pump_2,189310002,1.881,1.358,1.521,0.15139668657503746,True,Crítica
2025-11-02 01:30:00,Pump_2,189310002,1.887,1.356,1.51,0.1517095828676222,True,Crítica
2025-11-02 02:00:00,Pump_2,189310002,1.875,1.364,1.514,0.15207212834675704,True,Crítica
2025-11-02 02:30:00,Pump_2,189310002,1.888,1.372,1.513,0.1524185902147209,True,Crítica
2025-11-02 03:00:00,Pump_2,189310002,1.874,1.36,1.523,0.1526963645191862,True,Crítica
2025-11-02 03:30:00,Pump_2,189310002,1.894,1.371,1.524,0.1528954425717533,True,Crítica
2025-11-02 04:00:00,Pump_2,189310002,1.894,1.361,1.518,0.1531366235208268,True,Crítica
2025-11-02 04:30:00,Pump_2,189310002,1.89,1.366,1.525,0.153353334450091,True,Crítica
2025-11-02 05:00:00,Pump_2,189310002,1.896,1.359,1.53,0.15353033775126598,True,Crítica
2025-11-02 05:30:00,Pump_2,189310002,1.878,1.361,1.523,0.15406775037482662,True,Crítica
2025-11-02 06:00:00,Pump_2,189310002,1.892,1.358,1.529,0.15414424978153538,True,Crítica
2025-11-02 06:30:00,Pump_2,189310002,1.887,1.352,1.52,0.15442813631119157,True,Crítica
2025-11-02 07:00:00,Pump_2,189310002,1.897,1.369,1.536,0.1546386168415093,True,Crítica
2025-11-02 07:30:00,Pump_2,189310002,1.898,1.363,1.528,0.15483867729322418,True,Crítica
2025-11-02 08:00:00,Pump_2,189310002,1.886,1.362,1.535,0.1551178434334111,True,Crítica
2025-11-02 08:30:00,Pump_2,189310002,1.886,1.365,1.54,0.15540890077752967,True,Crítica
2025-11-02 09:00:00,Pump_2,189310002,1.885,1.36,1.541,0.15556746170279917,True,Crítica
2025-11-02 09:30:00,Pump_2,189310002,1.898,1.367,1.534,0.15599501767204765,True,Crítica
2025-11-02 10:00:00,Pump_2,189310002,1.888,1.348,1.538,0.15633794345902993,True,Crítica
2025-11-02 10:30:00,Pump_2,189310002,1.886,1.359,1.537,0.15665067499680152,True,Crítica
2025-11-02 11:00:00,Pump_2,189310002,1.896,1.353,1.534,0.15687512051777214,True,Crítica
2025-11-02 11:30:00,Pump_2,189310002,1.893,1.349,1.538,0.15715952756973792,True,Crítica
2025-11-02 12:00:00,Pump_2,189310002,1.891,1.361,1.542,0.15762888182766568,True,Crítica
2025-11-02 12:30:00,Pump_2,189310002,1.901,1.365,1.532,0.1579358608718546,True,Crítica
2025-11-02 13:00:00,Pump_2,189310002,1.892,1.364,1.54,0.15825496465265979,True,Crítica
2025-11-02 13:30:00,Pump_2,189310002,1.901,1.352,1.542,0.158532183802939,True,Crítica
2025-11-02 14:00:00,Pump_2,189310002,1.902,1.353,1.536,0.1589039647567816,True,Crítica
2025-11-02 14:30:00,Pump_2,189310002,1.903,1.356,1.533,0.1592933234172708,True,Crítica
2025-11-02 15:00:00,Pump_2,189310002,1.909,1.344,1.547,0.1594238746766495,True,Crítica
2025-11-02 15:30:00,Pump_2,189310002,1.907,1.362,1.543,0.16002512626962345,True,Crítica
2025-11-02 16:00:00,Pump_2,189310002,1.905,1.343,1.536,0.16014437093238518,True,Crítica
2025-11-02 16:30:00,Pump_2,189310002,1.909,1.343,1.546,0.16038668364858152,True,Crítica
2025-11-02 17:00:00,Pump_2,189310002,1.898,1.356,1.553,0.16074419795294348,True,Crítica
2025-11-02 17:30:00,Pump_2,189310002,1.913,1.343,1.539,0.16094186504930866,True,Crítica
2025-11-02 18:00:00,Pump_2,189310002,1.913,1.357,1.547,0.16142068201069645,True,Crítica
2025-11-02 18:30:00,Pump_2,189310002,1.895,1.352,1.541,0.16168935453670003,True,Crítica
2025-11-02 19:00:00,Pump_2,189310002,1.904,1.354,1.556,0.1618759259168176,True,Crítica
2025-11-02 19:30:00,Pump_2,189310002,1.898,1.353,1.551,0.1619882448859121,True,Crítica
2025-11-02 20:00:00,Pump_2,189310002,1.902,1.342,1.545,0.16204085186236286,True,Crítica
2025-11-02 20:30:00,Pump_2,189310002,1.905,1.352,1.554,0.16229505820908635,True,Crítica
2025-11-02 21:00:00,Pump_2,189310002,1.901,1.34,1.559,0.16255506003038278,True,Crítica
2025-11-02 21:30:00,Pump_2,189310002,1.902,1.352,1.548,0.16295546827756,True,Crítica
2025-11-02 22:00:00,Pump_2,189310002,1.905,1.345,1.563,0.16299607864727447,True,Crítica
2025-11-02 22:30:00,Pump_2,189310002,1.901,1.352,1.549,0.16345210952724776,True,Crítica
2025-11-02 23:00:00,Pump_2,189310002,1.912,1.346,1.563,0.16365512408247915,True,Crítica
2025-11-02 23:30:00,Pump_2,189310002,1.906,1.338,1.552,0.1640001831599398,True,Crítica
2025-11-03 00:00:00,Pump_2,189310002,1.914,1.349,1.555,0.16429882331381016,True,Crítica
2025-11-03 00:30:00,Pump_2,189310002,1.906,1.345,1.563,0.16453696455289166,True,Crítica
2025-11-03 01:00:00,Pump_2,189310002,1.91,1.348,1.558,0.16467240792030427,True,Crítica
2025-11-03 01:30:00,Pump_2,189310002,1.919,1.353,1.558,0.1648881190810775,True,Crítica
2025-11-03 02:00:00,Pump_2,189310002,1.916,1.347,1.571,0.16510412067817398,True,Crítica
2025-11-03 02:30:00,Pump_2,189310002,1.913,1.349,1.558,0.16542528984843383,True,Crítica
2025-11-03 03:00:00,Pump_2,189310002,1.906,1.345,1.568,0.16556847942406738,True,Crítica
2025-11-03 03:30:00,Pump_2,189310002,1.912,1.333,1.567,0.1657548597124521,True,Crítica
2025-11-03 04:00:00,Pump_2,189310002,1.917,1.339,1.556,0.16597944889503743,True,Crítica
2025-11-03 04:30:00,Pump_2,189310002,1.911,1.351,1.572,0.16623805637001865,True,Crítica
2025-11-03 05:00:00,Pump_2,189310002,1.915,1.345,1.558,0.16641955008938258,True,Crítica
2025-11-03 05:30:00,Pump_2,189310002,1.913,1.347,1.562,0.1666074780894764,True,Crítica
2025-11-03 06:00:00,Pump_2,189310002,1.915,1.34,1.568,0.16668080654920844,True,Crítica
2025-11-03 06:30:00,Pump_2,189310002,1.908,1.336,1.573,0.16676402862216555,True,Crítica
2025-11-03 07:00:00,Pump_2,189310002,1.92,1.335,1.564,0.1671093902062158,True,Crítica
2025-11-03 07:30:00,Pump_2,189310002,1.916,1.343,1.562,0.16734950243603705,True,Crítica
2025-11-03 08:00:00,Pump_2,189310002,1.911,1.338,1.559,0.16757012632341145,True,Crítica
2025-11-03 08:30:00,Pump_2,189310002,1.925,1.349,1.567,0.16777082036290902,True,Crítica
2025-11-03 09:00:00,Pump_2,189310002,1.912,1.356,1.56,0.16795523525891506,True,Crítica
2025-11-03 09:30:00,Pump_2,189310002,1.912,1.342,1.561,0.16805530693311135,True,Crítica
2025-11-03 10:00:00,Pump_2,189310002,1.908,1.357,1.561,0.16817456537593026,True,Crítica
2025-11-03 10:30:00,Pump_2,189310002,1.908,1.349,1.567,0.16815834842089467,True,Crítica
2025-11-03 11:00:00,Pump_2,189310002,1.915,1.347,1.569,0.1682560660925684,True,Crítica
2025-11-03 11:30:00,Pump_2,189310002,1.914,1.353,1.556,0.1683310406311083,True,Crítica
2025-11-03 12:00:00,Pump_2,189310002,1.915,1.359,1.56,0.1683583105257292,True,Crítica
2025-11-03 12:30:00,Pump_2,189310002,1.917,1.353,1.56,0.1682008448130191,True,Crítica
2025-11-03 13:00:00,Pump_2,189310002,1.907,1.35,1.564,0.16822071639263328,True,Crítica
2025-11-03 13:30:00,Pump_2,189310002,1.917,1.355,1.556,0.16814973606107297,True,Crítica
2025-11-03 14:00:00,Pump_2,189310002,1.911,1.353,1.549,0.16791706941184323,True,Crítica
2025-11-03 14:30:00,Pump_2,189310002,2.29,1.364,1.564,0.16768906076893714,True,Crítica
2025-11-03 15:00:00,Pump_2,189310002,1.91,1.366,1.554,0.17039176330301326,True,Crítica
2025-11-03 15:30:00,Pump_2,189310002,1.91,1.363,1.549,0.17030764844430346,True,Crítica
2025-11-03 16:00:00,Pump_2,189310002,1.922,1.356,1.564,0.17023232271154756,True,Crítica
2025-11-03 16:30:00,Pump_2,189310002,1.904,1.364,1.549,0.1703357014334815,True,Crítica
2025-11-03 17:00:00,Pump_2,189310002,1.913,1.355,1.559,0.17015066056490089,True,Crítica
2025-11-03 17:30:00,Pump_2,189310002,1.902,1.355,1.562,0.17021262782701427,True,Crítica
2025-11-03 18:00:00,Pump_2,189310002,1.908,1.369,1.55,0.17026113112801436,True,Crítica
2025-11-03 18:30:00,Pump_2,189310002,1.907,1.362,1.562,0.170207383622747,True,Crítica
2025-11-03 19:00:00,Pump_2,189310002,1.906,1.363,1.547,0.17042014644355694,True,Crítica
2025-11-03 19:30:00,Pump_2,189310002,1.902,1.367,1.547,0.1703780328941817,True,Crítica
2025-11-03 20:00:00,Pump_2,189310002,1.909,1.369,1.556,0.17027591051093952,True,Crítica
2025-11-03 20:30:00,Pump_2,189310002,1.914,1.362,1.547,0.17036162035562324,True,Crítica
2025-11-03 21:00:00,Pump_2,189310002,1.913,1.363,1.553,0.17022115139920432,True,Crítica
2025-11-03 21:30:00,Pump_2,189310002,1.904,1.375,1.558,0.17022287906280228,True,Crítica
2025-11-03 22:00:00,Pump_2,189310002,1.909,1.379,1.555,0.17018007843142166,True,Crítica
2025-11-03 22:30:00,Pump_2,189310002,1.909,1.378,1.558,0.17006561053124403,True,Crítica
2025-11-03 23:00:00,Pump_2,189310002,1.91,1.366,1.559,0.17002002737838903,True,Crítica
2025-11-03 23:30:00,Pump_2,189310002,1.912,1.375,1.556,0.17001813645942912,True,Crítica
2025-11-04 00:00:00,Pump_2,189310002,1.907,1.629,1.543,0.16996049114537637,True,Crítica
2025-11-04 00:30:00,Pump_2,189310002,1.909,1.374,1.54,0.17150730995359942,True,Crítica
2025-11-04 01:00:00,Pump_2,189310002,1.908,1.372,1.552,0.17139573379423528,True,Crítica
2025-11-04 01:30:00,Pump_2,189310002,1.908,1.37,1.552,0.17152185198229924,True,Crítica
2025-11-04 02:00:00,Pump_2,189310002,1.899,1.381,1.548,0.17158869386619424,True,Crítica
2025-11-04 02:30:00,Pump_2,189310002,1.908,1.38,1.556,0.17157193867002787,True,Crítica
2025-11-04 03:00:00,Pump_2,189310002,1.915,1.389,1.552,0.1676748942391516,True,Crítica
2025-11-04 03:30:00,Pump_2,189310002,1.907,1.378,1.555,0.1677051359978945,True,Crítica
2025-11-04 04:00:00,Pump_2,189310002,1.898,1.388,1.551,0.167835652968834,True,Crítica
2025-11-04 04:30:00,Pump_2,189310002,1.914,1.377,1.536,0.1677107845604063,True,Crítica
2025-11-04 05:00:00,Pump_2,189310002,1.904,1.382,1.551,0.16787798883314992,True,Crítica
2025-11-04 05:30:00,Pump_2,189310002,1.912,1.387,1.552,0.16802157167878665,True,Crítica
2025-11-04 06:00:00,Pump_2,189310002,1.907,1.389,1.553,0.16834318028873624,True,Crítica
2025-11-04 06:30:00,Pump_2,189310002,1.908,1.378,1.543,0.16854008412189161,True,Crítica
2025-11-04 07:00:00,Pump_2,189310002,1.91,1.392,1.546,0.16881020705405797,True,Crítica
2025-11-04 07:30:00,Pump_2,189310002,1.914,1.396,1.542,0.16907261213848215,True,Crítica
2025-11-04 08:00:00,Pump_2,189310002,1.913,1.382,1.539,0.16934628590440123,True,Crítica
2025-11-04 08:30:00,Pump_2,189310002,1.909,1.395,1.541,0.16960825643551905,True,Crítica
2025-11-04 09:00:00,Pump_2,189310002,1.908,1.397,1.545,0.1697493638516127,True,Crítica
2025-11-04 09:30:00,Pump_2,189310002,1.915,1.386,1.544,0.16986652913893963,True,Crítica
2025-11-04 10:00:00,Pump_2,189310002,1.898,1.396,1.542,0.17009830145339253,True,Crítica
2025-11-04 10:30:00,Pump_2,189310002,1.896,1.398,1.533,0.170001508503287,True,Crítica
2025-11-04 11:00:00,Pump_2,189310002,1.911,1.385,1.544,0.16972818314667115,True,Crítica
2025-11-04 11:30:00,Pump_2,189310002,1.907,1.403,1.548,0.1698172800326111,True,Crítica
2025-11-04 12:00:00,Pump_2,189310002,1.896,1.397,1.533,0.16944924469094685,True,Crítica
2025-11-04 12:30:00,Pump_2,189310002,1.913,1.394,1.545,0.16409251957263626,True,Crítica
2025-11-04 13:00:00,Pump_2,189310002,1.913,1.396,1.543,0.16415397143424168,True,Crítica
2025-11-04 13:30:00,Pump_2,189310002,1.902,1.403,1.53,0.1641926545046043,True,Crítica
2025-11-04 14:00:00,Pump_2,189310002,1.912,1.394,1.544,0.16400633256761277,True,Crítica
2025-11-04 14:30:00,Pump_2,189310002,1.897,1.396,1.534,0.16417241296586846,True,Crítica
2025-11-04 15:00:00,Pump_2,189310002,1.908,1.404,1.531,0.16398155748928042,True,Crítica
2025-11-04 15:30:00,Pump_2,189310002,1.894,1.41,1.541,0.16368435784467558,True,Crítica
2025-11-04 16:00:00,Pump_2,189310002,1.901,1.404,1.529,0.16351351905504208,True,Crítica
2025-11-04 16:30:00,Pump_2,189310002,1.908,1.397,1.535,0.1633708676845885,True,Crítica
2025-11-04 17:00:00,Pump_2,189310002,1.905,1.401,1.542,0.16331824019678742,True,Crítica
2025-11-04 17:30:00,Pump_2,189310002,1.902,1.405,1.525,0.16333692733908542,True,Crítica
2025-11-04 18:00:00,Pump_2,189310002,1.905,1.414,1.531,0.1630680564864224,True,Crítica
2025-11-04 18:30:00,Pump_2,189310002,1.9,1.397,1.541,0.16295468021753967,True,Crítica
2025-11-04 19:00:00,Pump_2,189310002,1.908,1.415,1.527,0.1630675898037058,True,Crítica
2025-11-04 19:30:00,Pump_2,189310002,1.897,1.406,1.522,0.16283910322223022,True,Crítica
2025-11-04 20:00:00,Pump_2,189310002,1.896,1.412,1.531,0.1624924586336101,True,Crítica
2025-11-04 20:30:00,Pump_2,189310002,1.902,1.418,1.528,0.16234115267769406,True,Crítica
2025-11-04 21:00:00,Pump_2,189310002,1.897,1.404,1.539,0.16208366718239114,True,Crítica
2025-11-04 21:30:00,Pump_2,189310002,1.899,1.414,1.535,0.16195553216563108,True,Crítica
2025-11-04 22:00:00,Pump_2,189310002,1.894,1.422,1.524,0.16182339517765737,True,Crítica
2025-11-04 22:30:00,Pump_2,189310002,2.386,1.422,1.535,0.16162245361680458,True,Crítica
2025-11-04 23:00:00,Pump_2,189310002,1.908,1.406,1.535,0.16535071916810637,True,Crítica
2025-11-04 23:30:00,Pump_2,189310002,1.89,1.409,1.527,0.1653789635784833,True,Crítica
2025-11-05 00:00:00,Pump_2,189310002,1.893,1.412,1.532,0.16500830545480077,True,Crítica
2025-11-05 00:30:00,Pump_2,189310002,1.902,1.412,1.529,0.16499050196724763,True,Crítica
2025-11-05 01:00:00,Pump_2,189310002,1.89,1.423,1.525,0.16497759090379352,True,Crítica
2025-11-05 01:30:00,Pump_2,189310002,1.895,1.415,1.528,0.1647318178796794,True,Crítica
2025-11-05 02:00:00,Pump_2,189310002,1.907,1.414,1.52,0.16458136255154537,True,Crítica
2025-11-05 02:30:00,Pump_2,189310002,1.892,1.423,1.526,0.1645905734023626,True,Crítica
2025-11-05 03:00:00,Pump_2,189310002,1.89,1.413,1.515,0.1646978221894824,True,Crítica
2025-11-05 03:30:00,Pump_2,189310002,1.902,1.628,1.517,0.16446703024082282,True,Crítica
2025-11-05 04:00:00,Pump_2,189310002,1.903,1.425,1.524,0.16583747811602717,True,Crítica
2025-11-05 04:30:00,Pump_2,189310002,1.905,1.419,1.528,0.16581321114155914,True,Crítica
2025-11-05 05:00:00,Pump_2,189310002,1.889,1.417,1.527,0.16593112224504702,True,Crítica
2025-11-05 05:30:00,Pump_2,189310002,1.899,1.426,1.531,0.16598682270309092,True,Crítica
2025-11-05 06:00:00,Pump_2,189310002,1.9,1.431,1.524,0.16598324747019644,True,Crítica
2025-11-05 06:30:00,Pump_2,189310002,1.896,1.42,1.521,0.16589578949887038,True,Crítica
2025-11-05 07:00:00,Pump_2,189310002,1.903,1.437,1.524,0.16585935570838928,True,Crítica
2025-11-05 07:30:00,Pump_2,189310002,1.899,1.431,1.524,0.16583021843766468,True,Crítica
2025-11-05 08:00:00,Pump_2,189310002,1.9,1.437,1.527,0.16599206664338043,True,Crítica
2025-11-05 08:30:00,Pump_2,189310002,1.898,1.43,1.525,0.16599165737517688,True,Crítica
2025-11-05 09:00:00,Pump_2,189310002,1.896,1.428,1.514,0.16599633680422574,True,Crítica
2025-11-05 09:30:00,Pump_2,189310002,1.892,1.43,1.52,0.16609321166886945,True,Crítica
2025-11-05 10:00:00,Pump_2,189310002,1.889,1.434,1.518,0.16609989681759918,True,Crítica
2025-11-05 10:30:00,Pump_2,189310002,1.895,1.438,1.521,0.16594613880744,True,Crítica
2025-11-05 11:00:00,Pump_2,189310002,1.899,1.424,1.513,0.16171417903568047,True,Crítica
2025-11-05 11:30:00,Pump_2,189310002,1.909,1.435,1.514,0.16175218963624255,True,Crítica
2025-11-05 12:00:00,Pump_2,189310002,1.891,1.431,1.524,0.1620057409976667,True,Crítica
2025-11-05 12:30:00,Pump_2,189310002,1.909,1.425,1.512,0.16226910779317824,True,Crítica
2025-11-05 13:00:00,Pump_2,189310002,1.91,1.419,1.521,0.16247715451526756,True,Crítica
2025-11-05 13:30:00,Pump_2,189310002,1.898,1.434,1.509,0.1627381316107697,True,Crítica
2025-11-05 14:00:00,Pump_2,189310002,1.895,1.425,1.508,0.16291679975006682,True,Crítica
2025-11-05 14:30:00,Pump_2,189310002,1.912,1.434,2.08,0.16287350702599088,True,Crítica
2025-11-05 15:00:00,Pump_2,189310002,1.904,1.436,1.509,0.1674558551960674,True,Crítica
2025-11-05 15:30:00,Pump_2,189310002,1.906,1.42,1.507,0.16744855115942994,True,Crítica
2025-11-05 16:00:00,Pump_2,189310002,1.911,1.418,1.514,0.16405562901292242,True,Crítica
2025-11-05 16:30:00,Pump_2,189310002,1.898,1.424,1.514,0.16412687020333877,True,Crítica
2025-11-05 17:00:00,Pump_2,189310002,1.901,1.736,1.509,0.16409637964274093,True,Crítica
2025-11-05 17:30:00,Pump_2,189310002,1.91,1.418,1.512,0.16650522189429798,True,Crítica
2025-11-05 18:00:00,Pump_2,189310002,1.917,1.423,1.518,0.16660966061505253,True,Crítica
2025-11-05 18:30:00,Pump_2,189310002,1.909,1.433,1.506,0.1667506928077717,True,Crítica
2025-11-05 19:00:00,Pump_2,189310002,1.916,1.421,1.516,0.16684625084487936,True,Crítica
2025-11-05 19:30:00,Pump_2,189310002,1.905,1.432,1.503,0.16691239008658432,True,Crítica
2025-11-05 20:00:00,Pump_2,189310002,1.903,1.418,1.499,0.16685574556850233,True,Crítica
2025-11-05 20:30:00,Pump_2,189310002,1.913,1.421,1.504,0.16676794535157902,True,Crítica
2025-11-05 21:00:00,Pump_2,189310002,1.907,1.43,1.507,0.1669139694155452,True,Crítica
2025-11-05 21:30:00,Pump_2,189310002,1.906,1.429,1.498,0.16705435817026387,True,Crítica
2025-11-05 22:00:00,Pump_2,189310002,1.908,1.433,1.499,0.16712174633224264,True,Crítica
2025-11-05 22:30:00,Pump_2,189310002,1.916,1.415,1.51,0.16721066501167509,True,Crítica
2025-11-05 23:00:00,Pump_2,189310002,1.916,1.433,1.508,0.1674134618163469,True,Crítica
2025-11-05 23:30:00,Pump_2,189310002,1.918,1.416,1.513,0.16766117692456775,True,Crítica
2025-11-06 00:00:00,Pump_2,189310002,1.918,1.432,1.494,0.16777643899289668,True,Crítica
2025-11-06 00:30:00,Pump_2,189310002,1.919,1.417,1.495,0.16771025789569777,True,Crítica
2025-11-06 01:00:00,Pump_2,189310002,1.915,1.426,1.494,0.16775883480104203,True,Crítica
2025-11-06 01:30:00,Pump_2,189310002,1.911,1.424,1.499,0.1677085865859943,True,Crítica
2025-11-06 02:00:00,Pump_2,189310002,1.914,1.432,1.496,0.16745377504870776,True,Crítica
2025-11-06 02:30:00,Pump_2,189310002,1.925,1.425,1.502,0.1672357680003475,True,Crítica
2025-11-06 03:00:00,Pump_2,189310002,1.921,1.417,1.508,0.16520926986289872,True,Crítica
2025-11-06 03:30:00,Pump_2,189310002,1.915,1.43,1.493,0.16529503909548224,True,Crítica
2025-11-06 04:00:00,Pump_2,189310002,1.912,1.426,1.499,0.16535664345858836,True,Crítica
2025-11-06 04:30:00,Pump_2,189310002,1.913,1.431,1.501,0.1653496052162818,True,Crítica
2025-11-06 05:00:00,Pump_2,189310002,1.913,1.431,1.498,0.16502853290498057,True,Crítica
2025-11-06 05:30:00,Pump_2,189310002,1.912,1.415,1.496,0.15920239334930972,True,Crítica
2025-11-06 06:00:00,Pump_2,189310002,1.927,1.422,1.504,0.1592946579554041,True,Crítica
2025-11-06 06:30:00,Pump_2,189310002,1.927,1.423,1.49,0.15933820572835286,True,Crítica
2025-11-06 07:00:00,Pump_2,189310002,1.922,1.42,1.493,0.1591972483924913,True,Crítica
2025-11-06 07:30:00,Pump_2,189310002,1.925,1.425,1.487,0.15923313888421736,True,Crítica
2025-11-06 08:00:00,Pump_2,189310002,1.927,1.426,1.494,0.15922740960526233,True,Crítica
2025-11-06 08:30:00,Pump_2,189310002,1.928,1.419,1.501,0.15952244044687502,True,Crítica
2025-11-06 09:00:00,Pump_2,189310002,1.917,1.427,1.492,0.1597406455583793,True,Crítica
2025-11-06 09:30:00,Pump_2,189310002,1.917,1.419,1.487,0.1595944630000751,True,Crítica
2025-11-06 10:00:00,Pump_2,189310002,1.915,1.424,1.502,0.15947956950592465,True,Crítica
2025-11-06 10:30:00,Pump_2,189310002,1.924,1.415,1.492,0.15938200263284477,True,Crítica
2025-11-06 11:00:00,Pump_2,189310002,1.918,1.42,1.485,0.15951306012361538,True,Crítica
2025-11-06 11:30:00,Pump_2,189310002,1.931,1.411,1.501,0.159247435086602,True,Crítica
2025-11-06 12:00:00,Pump_2,189310002,1.936,1.427,1.495,0.15954954653089798,True,Crítica
2025-11-06 12:30:00,Pump_2,189310002,1.92,1.429,1.499,0.1595729340640376,True,Crítica
2025-11-06 13:00:00,Pump_2,189310002,1.918,1.422,1.49,0.1597085485914753,True,Crítica
2025-11-06 13:30:00,Pump_2,189310002,1.927,1.421,1.495,0.15968065111680077,True,Crítica
2025-11-06 14:00:00,Pump_2,189310002,1.937,1.427,1.481,0.1597842264394337,True,Crítica
2025-11-06 14:30:00,Pump_2,189310002,1.937,1.426,1.483,0.15970018924402635,True,Crítica
2025-11-06 15:00:00,Pump_2,189310002,1.928,1.412,1.484,0.15966485367136793,True,Crítica
2025-11-06 15:30:00,Pump_2,189310002,1.924,1.409,1.482,0.1597778839453663,True,Crítica
2025-11-06 16:00:00,Pump_2,189310002,1.931,1.422,1.49,0.15968181220194064,True,Crítica
2025-11-06 16:30:00,Pump_2,189310002,1.926,1.42,1.484,0.1596123256618861,True,Crítica
2025-11-06 17:00:00,Pump_2,189310002,1.933,1.427,1.479,0.15938607001791422,True,Crítica
2025-11-06 17:30:00,Pump_2,189310002,1.938,1.42,1.486,0.1591917725492929,True,Crítica
2025-11-06 18:00:00,Pump_2,189310002,1.929,1.426,1.495,0.15947787889718879,True,Crítica
2025-11-06 18:30:00,Pump_2,189310002,1.935,1.413,1.484,0.1594853712133012,True,Crítica
2025-11-06 19:00:00,Pump_2,189310002,1.935,1.416,1.483,0.15954855516884148,True,Crítica
2025-11-06 19:30:00,Pump_2,189310002,1.93,1.427,1.489,0.15964333183699006,True,Crítica
2025-11-06 20:00:00,Pump_2,189310002,1.931,1.415,1.486,0.15956148729677835,True,Crítica
2025-11-06 20:30:00,Pump_2,189310002,1.929,1.407,1.478,0.15947201001863703,True,Crítica
2025-11-06 21:00:00,Pump_2,189310002,1.926,1.411,1.475,0.15945770205015083,True,Crítica
2025-11-06 21:30:00,Pump_2,189310002,1.935,1.423,1.49,0.15928273428570672,True,Crítica
2025-11-06 22:00:00,Pump_2,189310002,1.927,1.408,1.489,0.15942247278038868,True,Crítica
2025-11-06 22:30:00,Pump_2,189310002,1.928,1.409,1.482,0.1595038616549303,True,Crítica
2025-11-06 23:00:00,Pump_2,189310002,1.938,1.42,1.475,0.15958688332415266,True,Crítica
2025-11-06 23:30:00,Pump_2,189310002,1.943,1.412,1.483,0.1596357295697991,True,Crítica
2025-11-07 00:00:00,Pump_2,189310002,1.933,1.408,1.485,0.15984513674652157,True,Crítica
2025-11-07 00:30:00,Pump_2,189310002,1.941,1.414,1.475,0.1597661224748233,True,Crítica
2025-11-07 01:00:00,Pump_2,189310002,1.936,1.418,1.485,0.1596835849572446,True,Crítica
2025-11-07 01:30:00,Pump_2,189310002,1.93,1.42,1.472,0.15974720226265288,True,Crítica
2025-11-07 02:00:00,Pump_2,189310002,1.948,1.425,1.484,0.15952183568473055,True,Crítica
2025-11-07 02:30:00,Pump_2,189310002,1.94,1.424,1.478,0.15933278611468815,True,Crítica
2025-11-07 03:00:00,Pump_2,189310002,1.935,1.412,1.479,0.15907549439879964,True,Crítica
2025-11-07 03:30:00,Pump_2,189310002,1.94,1.41,1.484,0.15931096769698344,True,Crítica
2025-11-07 04:00:00,Pump_2,189310002,1.944,1.407,1.481,0.15969369111724013,True,Crítica
2025-11-07 04:30:00,Pump_2,189310002,1.95,1.414,1.474,0.15978624049320564,True,Crítica
2025-11-07 05:00:00,Pump_2,189310002,1.943,1.41,1.479,0.15986825576568928,True,Crítica
2025-11-07 05:30:00,Pump_2,189310002,1.945,1.409,1.468,0.15975878958039175,True,Crítica
2025-11-07 06:00:00,Pump_2,189310002,1.946,1.417,1.474,0.15963000559018617,True,Crítica
2025-11-07 06:30:00,Pump_2,189310002,1.944,1.405,1.478,0.1594374768624437,True,Crítica
2025-11-07 07:00:00,Pump_2,189310002,1.94,1.406,1.479,0.15954916259492377,True,Crítica
2025-11-07 07:30:00,Pump_2,189310002,1.954,1.414,1.477,0.15958375549393655,True,Crítica
2025-11-07 08:00:00,Pump_2,189310002,1.95,1.416,1.48,0.15938373276939133,True,Crítica
2025-11-07 08:30:00,Pump_2,189310002,1.941,1.412,1.469,0.15946846236225312,True,Crítica
2025-11-07 09:00:00,Pump_2,189310002,1.951,1.423,1.462,0.15961870610837733,True,Crítica
2025-11-07 09:30:00,Pump_2,189310002,1.948,1.408,1.465,0.15959324021039661,True,Crítica
2025-11-07 10:00:00,Pump_2,189310002,1.952,1.411,1.462,0.15936768785356298,True,Crítica
2025-11-07 10:30:00,Pump_2,189310002,1.943,1.417,1.47,0.15950220644089638,True,Crítica
2025-11-07 11:00:00,Pump_2,189310002,1.949,1.423,1.471,0.159562934903355,True,Crítica
2025-11-07 11:30:00,Pump_2,189310002,1.953,1.409,1.465,0.15933196338909678,True,Crítica
2025-11-07 12:00:00,Pump_2,189310002,1.935,1.41,1.461,0.15945248836554832,True,Crítica
2025-11-07 12:30:00,Pump_2,189310002,1.951,1.406,1.472,0.1595477873197157,True,Crítica
2025-11-07 13:00:00,Pump_2,189310002,1.948,1.411,1.463,0.15971941750908433,True,Crítica
2025-11-07 13:30:00,Pump_2,189310002,1.938,1.422,1.472,0.15959470265130615,True,Crítica
2025-11-07 14:00:00,Pump_2,189310002,1.951,1.414,1.471,0.15938480985121717,True,Crítica
2025-11-07 14:30:00,Pump_2,189310002,1.951,1.408,1.467,0.15901686797081283,True,Crítica
2025-11-07 15:00:00,Pump_2,189310002,1.936,1.414,1.459,0.15874964840405373,True,Crítica
2025-11-07 15:30:00,Pump_2,189310002,1.933,1.41,1.47,0.15851832591743553,True,Crítica
2025-11-07 16:00:00,Pump_2,189310002,1.945,1.416,1.466,0.15842521669119178,True,Crítica
2025-11-07 16:30:00,Pump_2,189310002,1.948,1.404,1.468,0.1583735337276302,True,Crítica
2025-11-07 17:00:00,Pump_2,189310002,1.948,1.411,1.462,0.15833817605593184,True,Crítica
2025-11-07 17:30:00,Pump_2,189310002,1.937,1.421,1.463,0.15829874715183742,True,Crítica
2025-11-07 18:00:00,Pump_2,189310002,1.933,1.42,1.464,0.15805890446188278,True,Crítica
2025-11-07 18:30:00,Pump_2,189310002,1.944,1.419,1.468,0.157670640992043,True,Crítica
2025-11-07 19:00:00,Pump_2,189310002,1.946,1.41,1.461,0.1577747593731922,True,Crítica
2025-11-07 19:30:00,Pump_2,189310002,1.93,1.411,1.465,0.1578846659457906,True,Crítica
2025-11-07 20:00:00,Pump_2,189310002,1.94,1.418,1.464,0.15766535963041894,True,Crítica
2025-11-07 20:30:00,Pump_2,189310002,1.929,1.416,1.468,0.15741190003745154,True,Crítica
2025-11-07 21:00:00,Pump_2,189310002,1.929,1.413,1.455,0.15728280634144898,True,Crítica
2025-11-07 21:30:00,Pump_2,189310002,1.929,1.418,1.469,0.15696019243267012,True,Crítica
2025-11-07 22:00:00,Pump_2,189310002,1.943,1.422,1.468,0.15696234760523917,True,Crítica
2025-11-07 22:30:00,Pump_2,189310002,1.938,1.416,1.456,0.1569023977227751,True,Crítica
2025-11-07 23:00:00,Pump_2,189310002,1.936,1.407,1.46,0.1565980885812021,True,Crítica
2025-11-07 23:30:00,Pump_2,189310002,1.928,1.415,1.457,0.15628006708003525,True,Crítica
2025-11-08 00:00:00,Pump_2,189310002,1.935,1.415,1.464,0.15605722040375075,True,Crítica
2025-11-08 00:30:00,Pump_2,189310002,1.931,1.411,1.468,0.15614011493061009,True,Crítica
2025-11-08 01:00:00,Pump_2,189310002,1.928,1.406,1.461,0.15615073213720557,True,Crítica
2025-11-08 01:30:00,Pump_2,189310002,1.926,1.402,1.468,0.1560762479153235,True,Crítica
2025-11-08 02:00:00,Pump_2,189310002,1.94,1.416,1.464,0.15583043539105146,True,Crítica
2025-11-08 02:30:00,Pump_2,189310002,1.931,1.41,1.468,0.15570028418128368,True,Crítica
2025-11-08 03:00:00,Pump_2,189310002,1.924,1.404,1.455,0.155713831167139,True,Crítica
2025-11-08 03:30:00,Pump_2,189310002,1.938,1.984,1.455,0.15565331189521783,True,Crítica
2025-11-08 04:00:00,Pump_2,189310002,1.934,1.421,1.469,0.15990277158817776,True,Crítica
2025-11-08 04:30:00,Pump_2,189310002,1.933,1.412,1.454,0.1599085471217956,True,Crítica
2025-11-08 05:00:00,Pump_2,189310002,1.924,1.414,1.467,0.16006904316514742,True,Crítica
2025-11-08 05:30:00,Pump_2,189310002,1.928,1.405,1.463,0.16017618227818847,True,Crítica
2025-11-08 06:00:00,Pump_2,189310002,1.939,1.413,1.466,0.16021110759775362,True,Crítica
2025-11-08 06:30:00,Pump_2,189310002,1.934,1.411,1.462,0.1602744744038493,True,Crítica
2025-11-08 07:00:00,Pump_2,189310002,1.936,1.411,1.45,0.16027191230577686,True,Crítica
2025-11-08 07:30:00,Pump_2,189310002,1.933,1.419,1.455,0.1604823708928435,True,Crítica
2025-11-08 08:00:00,Pump_2,189310002,1.937,1.401,1.453,0.16073761112660392,True,Crítica
2025-11-08 08:30:00,Pump_2,189310002,1.936,1.419,1.458,0.1609387659925321,True,Crítica
2025-11-08 09:00:00,Pump_2,189310002,1.931,1.412,1.453,0.16126854373379063,True,Crítica
2025-11-08 09:30:00,Pump_2,189310002,1.923,1.404,1.452,0.16176443033688442,True,Crítica
2025-11-08 10:00:00,Pump_2,189310002,1.918,1.409,1.461,0.1620637578154708,True,Crítica
2025-11-08 10:30:00,Pump_2,189310002,1.931,1.413,1.454,0.16221960278611539,True,Crítica
2025-11-08 11:00:00,Pump_2,189310002,1.924,1.415,1.458,0.16268013922937483,True,Crítica
2025-11-08 11:30:00,Pump_2,189310002,1.922,1.406,1.461,0.1632094668288192,True,Crítica
2025-11-08 12:00:00,Pump_2,189310002,1.932,1.416,1.464,0.16386239654508236,True,Crítica
2025-11-08 12:30:00,Pump_2,189310002,1.927,1.414,1.452,0.1644444928332311,True,Crítica
2025-11-08 13:00:00,Pump_2,189310002,1.921,1.406,1.452,0.16487149852290284,True,Crítica
2025-11-08 13:30:00,Pump_2,189310002,1.934,1.405,1.453,0.16526857162194875,True,Crítica
2025-11-08 14:00:00,Pump_2,189310002,1.918,1.408,1.447,0.1656051587431825,True,Crítica
2025-11-08 14:30:00,Pump_2,189310002,1.933,1.403,1.447,0.16539886833145623,True,Crítica
2025-11-08 15:00:00,Pump_2,189310002,1.914,1.416,1.458,0.16527763742255722,True,Crítica
2025-11-08 15:30:00,Pump_2,189310002,1.929,1.418,1.459,0.16471758210871534,True,Crítica
2025-11-08 16:00:00,Pump_2,189310002,1.919,1.414,1.461,0.15321962686279478,True,Crítica
2025-11-08 16:30:00,Pump_2,189310002,1.93,1.403,1.453,0.15284699831880383,True,Crítica
2025-11-08 17:00:00,Pump_2,189310002,1.914,1.415,1.459,0.15275016081481865,True,Crítica
2025-11-08 17:30:00,Pump_2,189310002,1.93,1.404,1.446,0.15254608395928482,True,Crítica
2025-11-08 18:00:00,Pump_2,189310002,1.926,1.417,1.448,0.15265255500961547,True,Crítica
2025-11-08 18:30:00,Pump_2,189310002,1.926,1.411,1.452,0.15241934348832575,True,Crítica
2025-11-08 19:00:00,Pump_2,189310002,1.919,1.411,1.46,0.15237430655920509,True,Crítica
2025-11-08 19:30:00,Pump_2,189310002,1.929,1.414,1.46,0.15222420055666022,True,Crítica
2025-11-08 20:00:00,Pump_2,189310002,1.919,1.407,1.451,0.15208114064585074,True,Crítica
2025-11-08 20:30:00,Pump_2,189310002,1.914,1.414,1.445,0.15215222901263997,True,Crítica
2025-11-08 21:00:00,Pump_2,189310002,1.923,1.41,1.442,0.1516006675453735,True,Crítica
2025-11-08 21:30:00,Pump_2,189310002,1.925,1.413,1.45,0.15141585888247733,True,Crítica
2025-11-08 22:00:00,Pump_2,189310002,1.924,1.406,1.445,0.1515602561543439,True,Crítica
2025-11-08 22:30:00,Pump_2,189310002,1.927,1.419,1.451,0.15155961098098725,True,Crítica
2025-11-08 23:00:00,Pump_2,189310002,1.909,1.419,1.453,0.15136824097930676,True,Crítica
2025-11-08 23:30:00,Pump_2,189310002,1.909,1.407,1.453,0.15112731889403713,True,Crítica
2025-11-09 00:00:00,Pump_2,189310002,1.906,1.414,1.455,0.15111789639201317,True,Crítica
2025-11-09 00:30:00,Pump_2,189310002,1.922,1.405,1.457,0.1507083809334095,True,Crítica
2025-11-09 01:00:00,Pump_2,189310002,1.924,1.404,1.442,0.15062790304329576,True,Crítica
2025-11-09 01:30:00,Pump_2,189310002,1.923,1.414,1.453,0.15069579457825363,True,Crítica
2025-11-09 02:00:00,Pump_2,189310002,1.918,1.416,1.45,0.150687753735753,True,Crítica
2025-11-09 02:30:00,Pump_2,189310002,1.917,1.403,1.448,0.1507779604397403,True,Crítica
2025-11-09 03:00:00,Pump_2,189310002,1.922,1.406,1.454,0.15088549444167476,True,Crítica
2025-11-09 03:30:00,Pump_2,189310002,1.921,1.404,1.448,0.15085509528478494,True,Crítica
2025-11-09 04:00:00,Pump_2,189310002,1.914,1.418,1.453,0.15055852624006016,True,Crítica
2025-11-09 04:30:00,Pump_2,189310002,1.922,1.412,1.449,0.15041008792664878,True,Crítica
2025-11-09 05:00:00,Pump_2,189310002,1.904,1.412,1.455,0.1504186691437844,True,Crítica
2025-11-09 05:30:00,Pump_2,189310002,1.914,1.412,1.438,0.1502658764072076,True,Crítica
2025-11-09 06:00:00,Pump_2,189310002,1.909,1.408,1.447,0.15019571849377947,True,Crítica
2025-11-09 06:30:00,Pump_2,189310002,1.908,1.413,1.442,0.1499834335860908,True,Crítica
2025-11-09 07:00:00,Pump_2,189310002,1.912,1.412,1.445,0.14976817045780638,True,Crítica
2025-11-09 07:30:00,Pump_2,189310002,1.914,1.412,1.444,0.149591332530708,True,Crítica
2025-11-09 08:00:00,Pump_2,189310002,1.91,1.411,1.446,0.14935196665757428,True,Crítica
2025-11-09 08:30:00,Pump_2,189310002,1.907,1.417,1.451,0.1493379315537309,True,Crítica
2025-11-09 09:00:00,Pump_2,189310002,1.903,1.41,1.438,0.14929035357620254,True,Crítica
2025-11-09 09:30:00,Pump_2,189310002,1.912,1.406,1.442,0.14913635221666338,True,Crítica
2025-11-09 10:00:00,Pump_2,189310002,1.905,1.403,1.434,0.1490292399655262,True,Crítica
2025-11-09 10:30:00,Pump_2,189310002,1.91,1.416,1.444,0.14891826682827417,True,Crítica
2025-11-09 11:00:00,Pump_2,189310002,1.903,1.403,1.435,0.14848775562905522,True,Crítica
2025-11-09 11:30:00,Pump_2,189310002,1.914,1.399,1.443,0.14818792855737734,True,Crítica
2025-11-09 12:00:00,Pump_2,189310002,1.898,1.402,1.453,0.14820779804242037,True,Crítica
2025-11-09 12:30:00,Pump_2,189310002,1.915,1.402,1.444,0.14810216478646562,True,Crítica
2025-11-09 13:00:00,Pump_2,189310002,1.913,1.804,1.445,0.14820423099562818,True,Crítica
2025-11-09 13:30:00,Pump_2,189310002,1.897,1.412,1.443,0.1511923517047214,True,Crítica
2025-11-09 14:00:00,Pump_2,189310002,1.913,1.416,1.444,0.1508059368722859,True,Crítica
2025-11-09 14:30:00,Pump_2,189310002,1.902,1.407,1.444,0.15062195621661434,True,Crítica
2025-11-09 15:00:00,Pump_2,189310002,1.896,1.407,1.46,0.15068077358251658,True,Crítica
2025-11-09 15:30:00,Pump_2,189310002,1.897,1.401,1.46,0.1508020473976167,True,Crítica
2025-11-09 16:00:00,Pump_2,189310002,1.906,1.406,1.455,0.15104586875693193,True,Crítica
2025-11-09 16:30:00,Pump_2,189310002,1.903,1.416,1.448,0.15106702479892364,True,Crítica
2025-11-09 17:00:00,Pump_2,189310002,1.894,1.402,1.455,0.1510415324808004,True,Crítica
2025-11-09 17:30:00,Pump_2,189310002,1.896,1.408,1.448,0.15117817550973853,True,Crítica
2025-11-09 18:00:00,Pump_2,189310002,1.904,1.402,1.461,0.1513423344728878,True,Crítica
2025-11-09 18:30:00,Pump_2,189310002,1.889,1.415,1.447,0.15178706190822921,True,Crítica
2025-11-09 19:00:00,Pump_2,189310002,1.893,1.403,1.463,0.1518782007607416,True,Crítica
2025-11-09 19:30:00,Pump_2,189310002,1.888,1.403,1.463,0.15221011650773075,True,Crítica
2025-11-09 20:00:00,Pump_2,189310002,1.895,1.402,1.454,0.15261981052266257,True,Crítica
2025-11-09 20:30:00,Pump_2,189310002,1.897,1.402,1.462,0.15298209365529036,True,Crítica
2025-11-09 21:00:00,Pump_2,189310002,1.886,1.401,1.461,0.15336405893529978,True,Crítica
2025-11-09 21:30:00,Pump_2,189310002,1.904,1.413,1.461,0.15392120471522638,True,Crítica
2025-11-09 22:00:00,Pump_2,189310002,1.899,1.409,1.459,0.15448407201088588,True,Crítica
2025-11-09 22:30:00,Pump_2,189310002,1.9,1.411,1.464,0.15500784666937395,True,Crítica
2025-11-09 23:00:00,Pump_2,189310002,1.894,1.413,1.458,0.1553374177218464,True,Crítica
2025-11-09 23:30:00,Pump_2,189310002,1.886,1.406,1.46,0.15562175049968666,True,Crítica
2025-11-10 00:00:00,Pump_2,189310002,1.896,1.41,1.459,0.15565181014449017,True,Crítica
2025-11-10 00:30:00,Pump_2,189310002,1.886,1.415,1.46,0.1557176772632188,True,Crítica
2025-11-10 01:00:00,Pump_2,189310002,1.895,1.411,1.47,0.1552426808093703,True,Crítica
2025-11-10 01:30:00,Pump_2,189310002,1.898,1.4,1.474,0.14749561856588056,True,Crítica
2025-11-10 02:00:00,Pump_2,189310002,1.896,1.407,1.48,0.1476776333618787,True,Crítica
2025-11-10 02:30:00,Pump_2,189310002,1.888,1.415,1.463,0.14763141481600284,True,Crítica
2025-11-10 03:00:00,Pump_2,189310002,1.882,1.403,1.472,0.1475301389213398,True,Crítica
2025-11-10 03:30:00,Pump_2,189310002,1.88,1.408,1.472,0.14762123793523457,True,Crítica
2025-11-10 04:00:00,Pump_2,189310002,1.883,1.415,1.484,0.1477796440365877,True,Crítica
2025-11-10 04:30:00,Pump_2,189310002,1.889,1.403,1.485,0.14773692222859788,True,Crítica
2025-11-10 05:00:00,Pump_2,189310002,1.876,1.399,1.473,0.14780302642003984,True,Crítica
2025-11-10 05:30:00,Pump_2,189310002,1.894,1.409,1.485,0.14795372826818365,True,Crítica
2025-11-10 06:00:00,Pump_2,189310002,1.892,1.399,1.469,0.14822529735008377,True,Crítica
2025-11-10 06:30:00,Pump_2,189310002,1.891,1.417,1.473,0.14831238550313666,True,Crítica
2025-11-10 07:00:00,Pump_2,189310002,1.879,1.405,1.471,0.1482210465799045,True,Crítica
2025-11-10 07:30:00,Pump_2,189310002,1.892,1.404,1.477,0.14824234710052941,True,Crítica
2025-11-10 08:00:00,Pump_2,189310002,1.881,1.404,1.491,0.14846275173812237,True,Crítica
2025-11-10 08:30:00,Pump_2,189310002,1.882,1.417,1.49,0.14872583985309712,True,Crítica
2025-11-10 09:00:00,Pump_2,189310002,1.882,1.398,1.484,0.14895453397765823,True,Crítica
2025-11-10 09:30:00,Pump_2,189310002,1.882,1.409,1.481,0.14934842067362408,True,Crítica
2025-11-10 10:00:00,Pump_2,189310002,1.879,1.411,1.495,0.14930948238492545,True,Crítica
2025-11-10 10:30:00,Pump_2,189310002,1.878,1.408,1.479,0.14944163507578165,True,Crítica
2025-11-10 11:00:00,Pump_2,189310002,2.366,1.412,1.481,0.1493073560561332,True,Crítica
2025-11-10 11:30:00,Pump_2,189310002,1.876,1.417,1.489,0.1529319074562235,True,Crítica
2025-11-10 12:00:00,Pump_2,189310002,1.868,1.413,1.498,0.15307997589056513,True,Crítica
2025-11-10 12:30:00,Pump_2,189310002,1.873,1.414,1.492,0.15311142954161708,True,Crítica
2025-11-10 13:00:00,Pump_2,189310002,1.878,1.406,1.492,0.15295366905101734,True,Crítica
2025-11-10 13:30:00,Pump_2,189310002,1.876,1.405,1.49,0.1530088922682924,True,Crítica
2025-11-10 14:00:00,Pump_2,189310002,1.867,1.4,1.501,0.1532007562365226,True,Crítica
2025-11-10 14:30:00,Pump_2,189310002,1.866,1.399,1.493,0.15320336909351884,True,Crítica
2025-11-10 15:00:00,Pump_2,189310002,1.867,1.405,1.491,0.15323758094382237,True,Crítica
2025-11-10 15:30:00,Pump_2,189310002,1.88,1.416,1.492,0.15343582706924927,True,Crítica
2025-11-10 16:00:00,Pump_2,189310002,1.877,1.4,1.5,0.153459813517028,True,Crítica
2025-11-10 16:30:00,Pump_2,189310002,1.879,1.408,1.498,0.15339047207456388,True,Crítica
2025-11-10 17:00:00,Pump_2,189310002,1.877,1.414,1.505,0.15363217083846903,True,Crítica
2025-11-10 17:30:00,Pump_2,189310002,1.865,1.407,1.505,0.1539482809387163,True,Crítica
2025-11-10 18:00:00,Pump_2,189310002,1.864,1.404,1.504,0.15395304732217163,True,Crítica
2025-11-10 18:30:00,Pump_2,189310002,1.865,1.409,1.501,0.15409967585133,True,Crítica
2025-11-10 19:00:00,Pump_2,189310002,1.87,1.415,1.505,0.15385309766720948,True,Crítica
2025-11-10 19:30:00,Pump_2,189310002,1.873,1.409,1.5,0.15397247632520975,True,Crítica
2025-11-10 20:00:00,Pump_2,189310002,1.857,1.413,1.502,0.15404066288208595,True,Crítica
2025-11-10 20:30:00,Pump_2,189310002,1.858,1.408,1.508,0.15385510564868277,True,Crítica
2025-11-10 21:00:00,Pump_2,189310002,1.873,1.417,1.502,0.1536976486566943,True,Crítica
2025-11-10 21:30:00,Pump_2,189310002,1.857,1.414,1.513,0.15395079743325177,True,Crítica
2025-11-10 22:00:00,Pump_2,189310002,1.867,1.401,1.511,0.15404293374735895,True,Crítica
2025-11-10 22:30:00,Pump_2,189310002,1.868,1.415,1.51,0.15427066593644978,True,Crítica
2025-11-10 23:00:00,Pump_2,189310002,1.861,1.41,1.505,0.15448924811919046,True,Crítica
2025-11-10 23:30:00,Pump_2,189310002,1.867,1.405,1.511,0.1501222557068044,True,Crítica
2025-11-11 00:00:00,Pump_2,189310002,1.869,1.405,1.503,0.15001998372670375,True,Crítica
2025-11-11 00:30:00,Pump_2,189310002,1.866,1.416,1.511,0.14997899419082394,True,Crítica
2025-11-11 01:00:00,Pump_2,189310002,1.851,1.414,1.513,0.14984299884959087,True,Crítica
2025-11-11 01:30:00,Pump_2,189310002,1.868,1.415,1.509,0.14968000598066672,True,Crítica
2025-11-11 02:00:00,Pump_2,189310002,1.864,1.402,1.513,0.14966791445247424,True,Crítica
2025-11-11 02:30:00,Pump_2,189310002,1.858,1.414,1.519,0.1500019795645105,True,Crítica
2025-11-11 03:00:00,Pump_2,189310002,1.863,1.415,1.523,0.15028337841096795,True,Crítica
2025-11-11 03:30:00,Pump_2,189310002,1.851,1.398,1.516,0.15039372225837133,True,Crítica
2025-11-11 04:00:00,Pump_2,189310002,1.865,1.412,1.514,0.1502808771243942,True,Crítica
2025-11-11 04:30:00,Pump_2,189310002,1.858,1.41,1.523,0.15040233816779075,True,Crítica
2025-11-11 05:00:00,Pump_2,189310002,1.857,1.406,1.516,0.15035903754761448,True,Crítica
2025-11-11 05:30:00,Pump_2,189310002,1.855,1.399,1.52,0.15019906774604055,True,Crítica
2025-11-11 06:00:00,Pump_2,189310002,1.846,1.398,1.531,0.15040623015982513,True,Crítica
2025-11-11 06:30:00,Pump_2,189310002,1.845,1.416,1.53,0.15067838192507596,True,Crítica
2025-11-11 07:00:00,Pump_2,189310002,1.851,1.416,1.533,0.15073616279388247,True,Crítica
2025-11-11 07:30:00,Pump_2,189310002,1.856,1.654,1.517,0.1506554984353858,True,Crítica
2025-11-11 08:00:00,Pump_2,189310002,1.854,1.412,1.523,0.15243843998177514,True,Crítica
2025-11-11 08:30:00,Pump_2,189310002,1.851,1.399,1.534,0.15253933915098228,True,Crítica
2025-11-11 09:00:00,Pump_2,189310002,2.055,1.414,1.525,0.15285775721370148,True,Crítica
2025-11-11 09:30:00,Pump_2,189310002,1.849,1.405,1.531,0.15411494900350797,True,Crítica
2025-11-11 10:00:00,Pump_2,189310002,1.845,1.399,1.524,0.15425667269339968,True,Crítica
2025-11-11 10:30:00,Pump_2,189310002,1.852,1.408,1.538,0.15448065641178463,True,Crítica
2025-11-11 11:00:00,Pump_2,189310002,1.844,1.397,1.529,0.15454842509133612,True,Crítica
2025-11-11 11:30:00,Pump_2,189310002,1.844,1.415,1.528,0.1547793254161166,True,Crítica
2025-11-11 12:00:00,Pump_2,189310002,1.839,1.412,1.535,0.1549426851953863,True,Crítica
2025-11-11 12:30:00,Pump_2,189310002,1.843,1.407,1.534,0.15510355046893737,True,Crítica
2025-11-11 13:00:00,Pump_2,189310002,1.838,1.4,1.534,0.15511226794165084,True,Crítica
2025-11-11 13:30:00,Pump_2,189310002,1.843,1.406,1.541,0.1553029767546227,True,Crítica
2025-11-11 14:00:00,Pump_2,189310002,1.836,1.4,1.544,0.1554441043980872,True,Crítica
2025-11-11 14:30:00,Pump_2,189310002,1.839,1.411,1.535,0.1558343866594324,True,Crítica
2025-11-11 15:00:00,Pump_2,189310002,1.84,1.408,1.545,0.1558082860592745,True,Crítica
2025-11-11 15:30:00,Pump_2,189310002,1.847,1.415,1.535,0.15598863845794497,True,Crítica
2025-11-11 16:00:00,Pump_2,189310002,1.84,1.399,1.547,0.15648848335711008,True,Crítica
2025-11-11 16:30:00,Pump_2,189310002,1.838,1.417,1.538,0.1566733390261299,True,Crítica
2025-11-11 17:00:00,Pump_2,189310002,1.856,1.401,1.547,0.15663997605791938,True,Crítica
2025-11-11 17:30:00,Pump_2,189310002,1.855,1.402,1.532,0.1569952543408602,True,Crítica
2025-11-11 18:00:00,Pump_2,189310002,1.854,1.407,1.55,0.15739337833352338,True,Crítica
2025-11-11 18:30:00,Pump_2,189310002,1.839,1.415,1.549,0.1578358935948612,True,Crítica
2025-11-11 19:00:00,Pump_2,189310002,1.856,1.4,1.549,0.15766297734891316,True,Crítica
2025-11-11 19:30:00,Pump_2,189310002,1.845,1.413,1.539,0.1575221748170565,True,Crítica
2025-11-11 20:00:00,Pump_2,189310002,1.857,1.419,1.546,0.1526686765634924,True,Crítica
2025-11-11 20:30:00,Pump_2,189310002,1.854,1.404,1.551,0.15270764504553516,True,Crítica
2025-11-11 21:00:00,Pump_2,189310002,1.857,1.418,1.54,0.152971251841215,True,Crítica
2025-11-11 21:30:00,Pump_2,189310002,1.848,1.415,1.542,0.15079136392740802,True,Crítica
2025-11-11 22:00:00,Pump_2,189310002,1.857,1.41,1.537,0.1508542826059557,True,Crítica
2025-11-11 22:30:00,Pump_2,189310002,1.857,1.419,1.55,0.15109187553166653,True,Crítica
2025-11-11 23:00:00,Pump_2,189310002,1.853,1.417,1.537,0.15124080632831463,True,Crítica
2025-11-11 23:30:00,Pump_2,189310002,1.846,1.412,1.543,0.15146158100072027,True,Crítica
2025-11-12 00:00:00,Pump_2,189310002,1.854,1.417,1.54,0.15147105247971338,True,Crítica
2025-11-12 00:30:00,Pump_2,189310002,1.842,1.402,1.549,0.15161002009358393,True,Crítica
2025-11-12 01:00:00,Pump_2,189310002,1.857,1.407,1.559,0.15176727452530997,True,Crítica
2025-11-12 01:30:00,Pump_2,189310002,1.854,1.414,1.548,0.15220353849208934,True,Crítica
2025-11-12 02:00:00,Pump_2,189310002,1.845,1.419,1.556,0.15238749691461054,True,Crítica
2025-11-12 02:30:00,Pump_2,189310002,1.856,1.408,1.544,0.15269203765161266,True,Crítica
2025-11-12 03:00:00,Pump_2,189310002,1.849,1.413,1.56,0.15279070720519008,True,Crítica
2025-11-12 03:30:00,Pump_2,189310002,1.844,1.409,1.542,0.1529580818355459,True,Crítica
2025-11-12 04:00:00,Pump_2,189310002,1.844,1.406,1.557,0.15282955496908482,True,Crítica
2025-11-12 04:30:00,Pump_2,189310002,1.86,1.41,1.547,0.1531085023484338,True,Crítica
2025-11-12 05:00:00,Pump_2,189310002,1.846,1.42,1.551,0.15327319168776357,True,Crítica
2025-11-12 05:30:00,Pump_2,189310002,1.855,1.41,1.564,0.15336617314849818,True,Crítica
2025-11-12 06:00:00,Pump_2,189310002,1.86,1.412,1.564,0.153629454018074,True,Crítica
2025-11-12 06:30:00,Pump_2,189310002,1.852,1.406,1.553,0.15381787236868258,True,Crítica
2025-11-12 07:00:00,Pump_2,189310002,1.847,1.413,1.555,0.15395330998258794,True,Crítica
2025-11-12 07:30:00,Pump_2,189310002,1.849,1.411,1.551,0.1540710178111014,True,Crítica
2025-11-12 08:00:00,Pump_2,189310002,1.847,1.418,1.552,0.15417390599468395,True,Crítica
2025-11-12 08:30:00,Pump_2,189310002,1.845,1.421,1.556,0.1540799688660781,True,Crítica
2025-11-12 09:00:00,Pump_2,189310002,1.856,1.419,1.551,0.15422801058325605,True,Crítica
2025-11-12 09:30:00,Pump_2,189310002,1.843,1.421,1.557,0.15423107761603183,True,Crítica
2025-11-12 10:00:00,Pump_2,189310002,1.857,1.414,1.549,0.1543074190427055,True,Crítica
2025-11-12 10:30:00,Pump_2,189310002,1.859,1.418,1.562,0.15433242468314456,True,Crítica
2025-11-12 11:00:00,Pump_2,189310002,2.363,1.413,1.567,0.15430583066048237,True,Crítica
2025-11-12 11:30:00,Pump_2,189310002,1.854,1.41,1.556,0.15818957174769382,True,Crítica
2025-11-12 12:00:00,Pump_2,189310002,1.844,1.42,1.553,0.15834118744945966,True,Crítica
2025-11-12 12:30:00,Pump_2,189310002,1.858,1.415,1.564,0.15834453365988807,True,Crítica
2025-11-12 13:00:00,Pump_2,189310002,1.86,1.418,1.562,0.15871717202570115,True,Crítica
2025-11-12 13:30:00,Pump_2,189310002,1.846,1.42,1.554,0.1588608733818736,True,Crítica
2025-11-12 14:00:00,Pump_2,189310002,1.858,1.409,1.562,0.15885734213753194,True,Crítica
2025-11-12 14:30:00,Pump_2,189310002,1.85,1.41,1.558,0.15896798183852834,True,Crítica
2025-11-12 15:00:00,Pump_2,189310002,1.86,1.41,1.564,0.1591097820253323,True,Crítica
2025-11-12 15:30:00,Pump_2,189310002,1.845,1.424,1.555,0.15931232454774108,True,Crítica
2025-11-12 16:00:00,Pump_2,189310002,1.859,1.421,1.57,0.1595844145795327,True,Crítica
2025-11-12 16:30:00,Pump_2,189310002,1.861,1.425,1.563,0.16001397947172166,True,Crítica
2025-11-12 17:00:00,Pump_2,189310002,1.857,1.427,1.559,0.16023649367091344,True,Crítica
2025-11-12 17:30:00,Pump_2,189310002,1.854,1.42,1.576,0.16041979646933624,True,Crítica
2025-11-12 18:00:00,Pump_2,189310002,1.852,1.426,1.558,0.16066606395597646,True,Crítica
2025-11-12 18:30:00,Pump_2,189310002,1.861,1.411,1.571,0.16075762989209444,True,Crítica
2025-11-12 19:00:00,Pump_2,189310002,1.862,1.428,1.569,0.16121849455117576,True,Crítica
2025-11-12 19:30:00,Pump_2,189310002,1.861,1.415,1.561,0.16160254365002003,True,Crítica
2025-11-12 20:00:00,Pump_2,189310002,1.862,1.418,1.572,0.16186803437545128,True,Crítica
2025-11-12 20:30:00,Pump_2,189310002,1.849,1.419,1.566,0.16210836157736142,True,Crítica
2025-11-12 21:00:00,Pump_2,189310002,1.858,1.417,1.579,0.16216293793207162,True,Crítica
2025-11-12 21:30:00,Pump_2,189310002,1.852,1.42,1.572,0.1623230281949994,True,Crítica
2025-11-12 22:00:00,Pump_2,189310002,1.853,1.431,1.939,0.16243897301822874,True,Crítica
2025-11-12 22:30:00,Pump_2,189310002,1.866,1.414,1.562,0.16556119887884158,True,Crítica
2025-11-12 23:00:00,Pump_2,189310002,1.864,1.426,1.575,0.16563403471726823,True,Crítica
2025-11-12 23:30:00,Pump_2,189310002,1.847,1.429,1.566,0.16136224224626153,True,Crítica
2025-11-13 00:00:00,Pump_2,189310002,1.856,1.427,1.571,0.16147318412556347,True,Crítica
2025-11-13 00:30:00,Pump_2,189310002,1.863,1.416,1.582,0.16172571001896552,True,Crítica
2025-11-13 01:00:00,Pump_2,189310002,1.854,1.418,1.573,0.16189402330969788,True,Crítica
2025-11-13 01:30:00,Pump_2,189310002,1.848,1.43,1.572,0.1619325851543465,True,Crítica
2025-11-13 02:00:00,Pump_2,189310002,1.857,1.415,1.575,0.16216504896989095,True,Crítica
2025-11-13 02:30:00,Pump_2,189310002,1.855,1.428,1.584,0.16228690645348395,True,Crítica
2025-11-13 03:00:00,Pump_2,189310002,1.863,1.423,1.568,0.16264699983546116,True,Crítica
2025-11-13 03:30:00,Pump_2,189310002,1.868,1.431,1.571,0.16276966640201632,True,Crítica
2025-11-13 04:00:00,Pump_2,189310002,1.864,1.415,1.581,0.1631058643546102,True,Crítica
2025-11-13 04:30:00,Pump_2,189310002,1.859,1.422,1.571,0.16318024419319987,True,Crítica
2025-11-13 05:00:00,Pump_2,189310002,1.854,1.435,1.578,0.16321277048821323,True,Crítica
2025-11-13 05:30:00,Pump_2,189310002,1.856,1.428,1.575,0.1634133943436021,True,Crítica
2025-11-13 06:00:00,Pump_2,189310002,1.854,1.43,1.588,0.16346550891856726,True,Crítica
2025-11-13 06:30:00,Pump_2,189310002,1.853,1.429,1.581,0.16375883835462438,True,Crítica
2025-11-13 07:00:00,Pump_2,189310002,1.867,1.431,1.577,0.16389654695722286,True,Crítica
2025-11-13 07:30:00,Pump_2,189310002,1.849,1.433,1.572,0.16403732887849218,True,Crítica
2025-11-13 08:00:00,Pump_2,189310002,1.866,1.419,1.583,0.1641873208572009,True,Crítica
2025-11-13 08:30:00,Pump_2,189310002,1.858,1.424,1.579,0.16433729817146855,True,Crítica
2025-11-13 09:00:00,Pump_2,189310002,1.852,1.432,1.577,0.16458596422685687,True,Crítica
2025-11-13 09:30:00,Pump_2,189310002,1.866,1.418,1.593,0.16467615533988533,True,Crítica
2025-11-13 10:00:00,Pump_2,189310002,1.852,1.429,1.58,0.16497757903147459,True,Crítica
2025-11-13 10:30:00,Pump_2,189310002,1.853,1.421,1.575,0.16188091909558175,True,Crítica
2025-11-13 11:00:00,Pump_2,189310002,1.862,1.434,1.577,0.16192554018338448,True,Crítica
2025-11-13 11:30:00,Pump_2,189310002,1.856,1.42,1.575,0.16198653838945207,True,Crítica
2025-11-13 12:00:00,Pump_2,189310002,1.857,1.434,1.586,0.16206256970961241,True,Crítica
2025-11-13 12:30:00,Pump_2,189310002,1.863,1.436,1.578,0.16223991589546807,True,Crítica
2025-11-13 13:00:00,Pump_2,189310002,1.856,1.432,1.587,0.16233523205124092,True,Crítica
2025-11-13 13:30:00,Pump_2,189310002,1.854,1.889,1.582,0.16255262998094988,True,Crítica
2025-11-13 14:00:00,Pump_2,189310002,1.86,2.016,1.594,0.1661238892494169,True,Crítica
2025-11-13 14:30:00,Pump_2,189310002,1.859,1.438,2.093,0.17079135287394376,True,Crítica
2025-11-13 15:00:00,Pump_2,189310002,1.87,1.429,1.595,0.17498476519037376,True,Crítica
2025-11-13 15:30:00,Pump_2,189310002,1.867,1.44,1.581,0.17530090936249293,True,Crítica
2025-11-13 16:00:00,Pump_2,189310002,1.854,1.421,1.581,0.17545396586190462,True,Crítica
2025-11-13 16:30:00,Pump_2,189310002,1.86,1.439,1.589,0.17549072052560877,True,Crítica
2025-11-13 17:00:00,Pump_2,189310002,1.873,1.429,1.596,0.1758183404187404,True,Crítica
2025-11-13 17:30:00,Pump_2,189310002,1.868,1.435,1.592,0.17609474753760063,True,Crítica
2025-11-13 18:00:00,Pump_2,189310002,1.866,1.44,1.591,0.17639847636153888,True,Crítica
2025-11-13 18:30:00,Pump_2,189310002,1.857,1.427,1.587,0.17660036385731426,True,Crítica
2025-11-13 19:00:00,Pump_2,189310002,1.869,1.437,1.582,0.1767852374073565,True,Crítica
2025-11-13 19:30:00,Pump_2,189310002,1.864,1.425,1.59,0.17698115072024048,True,Crítica
2025-11-13 20:00:00,Pump_2,189310002,1.866,1.439,1.583,0.17743380401821293,True,Crítica
2025-11-13 20:30:00,Pump_2,189310002,1.863,1.433,1.585,0.17791861536137965,True,Crítica
2025-11-13 21:00:00,Pump_2,189310002,1.859,1.445,1.593,0.1786378788598254,True,Crítica
2025-11-13 21:30:00,Pump_2,189310002,1.871,1.443,1.579,0.17955279126211054,True,Crítica
2025-11-13 22:00:00,Pump_2,189310002,1.869,1.441,1.586,0.18050955579208738,True,Crítica
2025-11-13 22:30:00,Pump_2,189310002,1.878,1.441,1.584,0.1817546600957372,True,Crítica
2025-11-13 23:00:00,Pump_2,189310002,1.874,1.433,1.587,0.1829535407275954,True,Crítica
2025-11-13 23:30:00,Pump_2,189310002,1.865,1.437,1.577,0.18386555678582697,True,Crítica
2025-11-14 00:00:00,Pump_2,189310002,1.868,1.436,1.595,0.18447798484371714,True,Crítica
2025-11-14 00:30:00,Pump_2,189310002,1.877,1.439,1.59,0.18474963000759065,True,Crítica
2025-11-14 01:00:00,Pump_2,189310002,1.862,1.434,1.584,0.1844421918361413,True,Crítica
2025-11-14 01:30:00,Pump_2,189310002,1.869,1.442,1.584,0.18349733582492941,True,Crítica
2025-11-14 02:00:00,Pump_2,189310002,1.87,1.445,1.595,0.17508007890591004,True,Crítica
2025-11-14 02:30:00,Pump_2,189310002,1.882,1.435,1.585,0.17164139594699915,True,Crítica
2025-11-14 03:00:00,Pump_2,189310002,2.3,1.449,1.595,0.1673983874497075,True,Crítica
2025-11-14 03:30:00,Pump_2,189310002,1.879,1.449,1.584,0.17066577184328377,True,Crítica
2025-11-14 04:00:00,Pump_2,189310002,1.868,1.445,1.594,0.1708616485761508,True,Crítica
2025-11-14 04:30:00,Pump_2,189310002,1.872,1.443,1.582,0.17122368922729925,True,Crítica
2025-11-14 05:00:00,Pump_2,189310002,1.867,1.444,1.578,0.17128326784039674,True,Crítica
2025-11-14 05:30:00,Pump_2,189310002,1.881,1.438,1.585,0.17118323075913933,True,Crítica
2025-11-14 06:00:00,Pump_2,189310002,1.866,1.449,1.593,0.1712286446369606,True,Crítica
2025-11-14 06:30:00,Pump_2,189310002,1.883,1.438,1.58,0.17130172667332344,True,Crítica
2025-11-14 07:00:00,Pump_2,189310002,1.878,1.448,1.589,0.17148476757235775,True,Crítica
2025-11-14 07:30:00,Pump_2,189310002,1.882,1.449,1.58,0.1716782732782574,True,Crítica
2025-11-14 08:00:00,Pump_2,189310002,1.884,1.443,1.581,0.17187175735634536,True,Crítica
2025-11-14 08:30:00,Pump_2,189310002,1.878,1.436,1.586,0.17200897335026907,True,Crítica
2025-11-14 09:00:00,Pump_2,189310002,1.882,1.445,1.59,0.1721295220971823,True,Crítica
2025-11-14 09:30:00,Pump_2,189310002,1.872,1.442,1.592,0.17226735162028436,True,Crítica
2025-11-14 10:00:00,Pump_2,189310002,1.885,1.446,1.593,0.1723750155470594,True,Crítica
2025-11-14 10:30:00,Pump_2,189310002,1.876,1.449,1.577,0.17258148268583165,True,Crítica
2025-11-14 11:00:00,Pump_2,189310002,1.87,1.454,1.576,0.17257194740027337,True,Crítica
2025-11-14 11:30:00,Pump_2,189310002,1.887,1.441,1.583,0.1725991376962535,True,Crítica
2025-11-14 12:00:00,Pump_2,189310002,1.876,1.442,1.579,0.17283864915465497,True,Crítica
2025-11-14 12:30:00,Pump_2,189310002,1.885,1.445,1.58,0.17279997559463453,True,Crítica
2025-11-14 13:00:00,Pump_2,189310002,1.883,1.457,1.592,0.1728147870511639,True,Crítica
2025-11-14 13:30:00,Pump_2,189310002,1.876,1.459,1.579,0.17318622301753367,True,Crítica
2025-11-14 14:00:00,Pump_2,189310002,1.877,1.449,1.925,0.17331697653260422,True,Crítica
2025-11-14 14:30:00,Pump_2,189310002,1.884,1.443,1.578,0.17602460707524176,True,Crítica
2025-11-14 15:00:00,Pump_2,189310002,1.886,1.456,1.591,0.17601945587792528,True,Crítica
2025-11-14 15:30:00,Pump_2,189310002,1.887,1.454,1.582,0.17308242146039615,True,Crítica
2025-11-14 16:00:00,Pump_2,189310002,1.882,1.446,1.582,0.17317492269091062,True,Crítica
2025-11-14 16:30:00,Pump_2,189310002,1.88,1.451,1.587,0.17318316196412006,True,Crítica
2025-11-14 17:00:00,Pump_2,189310002,1.879,1.455,1.579,0.17334146092110414,True,Crítica
2025-11-14 17:30:00,Pump_2,189310002,1.876,1.452,1.586,0.17352278626413115,True,Crítica
2025-11-14 18:00:00,Pump_2,189310002,1.889,1.447,1.957,0.17358928489597014,True,Crítica
2025-11-14 18:30:00,Pump_2,189310002,1.889,1.449,1.587,0.17665363029137315,True,Crítica
2025-11-14 19:00:00,Pump_2,189310002,1.893,1.458,1.584,0.17682738256189343,True,Crítica
2025-11-14 19:30:00,Pump_2,189310002,1.89,1.455,1.584,0.17697409891225563,True,Crítica
2025-11-14 20:00:00,Pump_2,189310002,1.886,1.449,1.575,0.1771177182568855,True,Crítica
2025-11-14 20:30:00,Pump_2,189310002,1.898,1.458,1.581,0.1771250292877583,True,Crítica
2025-11-14 21:00:00,Pump_2,189310002,1.883,1.456,1.582,0.17737371327646503,True,Crítica
2025-11-14 21:30:00,Pump_2,189310002,1.882,1.449,1.58,0.177387815670595,True,Crítica
2025-11-14 22:00:00,Pump_2,189310002,1.892,1.467,1.579,0.17739463640649344,True,Crítica
2025-11-14 22:30:00,Pump_2,189310002,1.882,1.463,1.591,0.17747590557048293,True,Crítica
2025-11-14 23:00:00,Pump_2,189310002,1.891,1.463,1.588,0.17773967657715106,True,Crítica
2025-11-14 23:30:00,Pump_2,189310002,1.884,1.458,1.587,0.17807251456631643,True,Crítica
2025-11-15 00:00:00,Pump_2,189310002,1.901,1.463,1.581,0.17821297544431536,True,Crítica
2025-11-15 00:30:00,Pump_2,189310002,1.883,1.463,1.588,0.17858629335238035,True,Crítica
2025-11-15 01:00:00,Pump_2,189310002,1.888,1.455,1.584,0.17880562923810767,True,Crítica
2025-11-15 01:30:00,Pump_2,189310002,1.899,1.452,1.571,0.1788119436169361,True,Crítica
2025-11-15 02:00:00,Pump_2,189310002,1.893,1.458,1.584,0.1789210434884778,True,Crítica
2025-11-15 02:30:00,Pump_2,189310002,1.892,1.46,1.573,0.17611739889945952,True,Crítica
2025-11-15 03:00:00,Pump_2,189310002,1.901,1.462,1.582,0.17625164131472554,True,Crítica
2025-11-15 03:30:00,Pump_2,189310002,1.902,1.467,1.589,0.17634125475849197,True,Crítica
2025-11-15 04:00:00,Pump_2,189310002,1.898,1.469,1.581,0.17662561984533054,True,Crítica
2025-11-15 04:30:00,Pump_2,189310002,1.896,1.467,1.578,0.17692687642830077,True,Crítica
2025-11-15 05:00:00,Pump_2,189310002,1.897,1.456,1.578,0.17712620648141392,True,Crítica
2025-11-15 05:30:00,Pump_2,189310002,1.903,1.468,1.576,0.1773091375739048,True,Crítica
2025-11-15 06:00:00,Pump_2,189310002,1.891,1.468,1.586,0.17758397787946442,True,Crítica
2025-11-15 06:30:00,Pump_2,189310002,1.9,1.467,1.582,0.17450324250881422,True,Crítica
2025-11-15 07:00:00,Pump_2,189310002,1.9,1.457,1.578,0.17465384658827196,True,Crítica
2025-11-15 07:30:00,Pump_2,189310002,1.905,1.457,1.573,0.17464093600531394,True,Crítica
2025-11-15 08:00:00,Pump_2,189310002,1.901,1.473,1.59,0.17466209371661068,True,Crítica
2025-11-15 08:30:00,Pump_2,189310002,1.892,1.46,1.571,0.17505361771908617,True,Crítica
2025-11-15 09:00:00,Pump_2,189310002,1.903,1.471,1.573,0.17494044077189272,True,Crítica
2025-11-15 09:30:00,Pump_2,189310002,1.891,1.472,1.585,0.17511691155270537,True,Crítica
2025-11-15 10:00:00,Pump_2,189310002,1.894,1.475,1.585,0.17537695945819362,True,Crítica
2025-11-15 10:30:00,Pump_2,189310002,1.907,1.465,1.579,0.17551420632027193,True,Crítica
2025-11-15 11:00:00,Pump_2,189310002,1.894,1.469,1.58,0.17561129776647533,True,Crítica
2025-11-15 11:30:00,Pump_2,189310002,1.899,1.463,1.577,0.17561095639275312,True,Crítica
2025-11-15 12:00:00,Pump_2,189310002,1.91,1.473,1.576,0.17566324532487287,True,Crítica
2025-11-15 12:30:00,Pump_2,189310002,1.896,1.47,1.582,0.17576210849852314,True,Crítica
2025-11-15 13:00:00,Pump_2,189310002,1.895,1.467,1.585,0.17584928961355917,True,Crítica
2025-11-15 13:30:00,Pump_2,189310002,1.903,1.471,1.571,0.1759741682205368,True,Crítica
2025-11-15 14:00:00,Pump_2,189310002,1.904,1.471,1.58,0.1761285313987382,True,Crítica
2025-11-15 14:30:00,Pump_2,189310002,1.909,1.483,1.588,0.17625786343712146,True,Crítica
2025-11-15 15:00:00,Pump_2,189310002,1.896,1.481,1.579,0.17666982522908897,True,Crítica
2025-11-15 15:30:00,Pump_2,189310002,1.898,1.474,1.573,0.176745675909904,True,Crítica
2025-11-15 16:00:00,Pump_2,189310002,1.897,1.48,1.568,0.17663649872576062,True,Crítica
2025-11-15 16:30:00,Pump_2,189310002,1.908,1.467,1.579,0.17660980835128243,True,Crítica
2025-11-15 17:00:00,Pump_2,189310002,1.906,1.485,1.587,0.17670400192455965,True,Crítica
2025-11-15 17:30:00,Pump_2,189310002,1.908,1.473,1.581,0.17703927814088838,True,Crítica
2025-11-15 18:00:00,Pump_2,189310002,1.914,1.471,1.587,0.1771544109308829,True,Crítica
2025-11-15 18:30:00,Pump_2,189310002,1.911,1.483,1.573,0.17734228445071784,True,Crítica
2025-11-15 19:00:00,Pump_2,189310002,1.913,1.472,1.583,0.17745982182176473,True,Crítica
2025-11-15 19:30:00,Pump_2,189310002,1.909,1.483,1.573,0.17768203218590414,True,Crítica
2025-11-15 20:00:00,Pump_2,189310002,1.906,1.469,1.573,0.1778867771364659,True,Crítica
2025-11-15 20:30:00,Pump_2,189310002,1.906,1.474,1.575,0.17775065350083283,True,Crítica
2025-11-15 21:00:00,Pump_2,189310002,1.899,1.486,1.584,0.17797420161667685,True,Crítica
2025-11-15 21:30:00,Pump_2,189310002,1.903,1.474,1.591,0.17814857435358344,True,Crítica
2025-11-15 22:00:00,Pump_2,189310002,1.899,1.48,1.575,0.17829153269630366,True,Crítica
2025-11-15 22:30:00,Pump_2,189310002,1.908,1.478,1.58,0.1782799068201474,True,Crítica
2025-11-15 23:00:00,Pump_2,189310002,1.895,1.484,1.583,0.17837429696892618,True,Crítica
2025-11-15 23:30:00,Pump_2,189310002,1.906,1.477,1.591,0.17850311542340924,True,Crítica
2025-11-16 00:00:00,Pump_2,189310002,1.904,1.468,1.594,0.17874841681356918,True,Crítica
2025-11-16 00:30:00,Pump_2,189310002,1.909,1.473,1.579,0.1788070298026321,True,Crítica
2025-11-16 01:00:00,Pump_2,189310002,1.903,1.482,1.591,0.17888528624626704,True,Crítica
2025-11-16 01:30:00,Pump_2,189310002,1.901,1.487,1.583,0.17908231229958782,True,Crítica
2025-11-16 02:00:00,Pump_2,189310002,1.901,1.483,1.593,0.17928057275769652,True,Crítica
2025-11-16 02:30:00,Pump_2,189310002,1.897,1.485,1.587,0.1794446910643899,True,Crítica
2025-11-16 03:00:00,Pump_2,189310002,1.889,1.487,1.585,0.17937011052794993,True,Crítica
2025-11-16 03:30:00,Pump_2,189310002,1.892,1.487,1.592,0.17941857974191264,True,Crítica
2025-11-16 04:00:00,Pump_2,189310002,1.889,1.473,1.59,0.17962380560323588,True,Crítica
2025-11-16 04:30:00,Pump_2,189310002,1.894,1.478,1.583,0.17970199361467618,True,Crítica
2025-11-16 05:00:00,Pump_2,189310002,1.89,1.481,1.601,0.17969967055692448,True,Crítica
2025-11-16 05:30:00,Pump_2,189310002,1.887,1.47,1.593,0.179672232554884,True,Crítica
2025-11-16 06:00:00,Pump_2,189310002,1.899,1.47,1.587,0.17958219508963447,True,Crítica
2025-11-16 06:30:00,Pump_2,189310002,1.901,1.476,1.594,0.17944722647079078,True,Crítica
2025-11-16 07:00:00,Pump_2,189310002,1.89,1.482,1.6,0.1795009612434144,True,Crítica
2025-11-16 07:30:00,Pump_2,189310002,1.891,1.475,1.605,0.17953096059705287,True,Crítica
2025-11-16 08:00:00,Pump_2,189310002,1.888,1.477,1.589,0.17960767906172992,True,Crítica
2025-11-16 08:30:00,Pump_2,189310002,1.899,1.482,1.594,0.1796552086990502,True,Crítica
2025-11-16 09:00:00,Pump_2,189310002,1.884,1.472,1.588,0.17981623453876935,True,Crítica
2025-11-16 09:30:00,Pump_2,189310002,1.882,1.471,1.601,0.17964616381937423,True,Crítica
2025-11-16 10:00:00,Pump_2,189310002,1.882,1.479,1.597,0.1795375419193179,True,Crítica
2025-11-16 10:30:00,Pump_2,189310002,1.895,1.486,1.6,0.1795905314154354,True,Crítica
2025-11-16 11:00:00,Pump_2,189310002,1.891,1.491,1.599,0.17971925809491662,True,Crítica
2025-11-16 11:30:00,Pump_2,189310002,1.879,1.49,1.597,0.17987988872690008,True,Crítica
2025-11-16 12:00:00,Pump_2,189310002,1.881,1.482,1.598,0.17982120380398892,True,Crítica
2025-11-16 12:30:00,Pump_2,189310002,1.887,1.475,1.602,0.1797668231918571,True,Crítica
2025-11-16 13:00:00,Pump_2,189310002,1.881,1.485,1.607,0.17980526998578072,True,Crítica
2025-11-16 13:30:00,Pump_2,189310002,1.886,1.473,1.601,0.17980344268134912,True,Crítica
2025-11-16 14:00:00,Pump_2,189310002,1.893,1.486,1.602,0.17975675251601078,True,Crítica
2025-11-16 14:30:00,Pump_2,189310002,1.891,1.473,1.599,0.17980415032424077,True,Crítica
2025-11-16 15:00:00,Pump_2,189310002,1.884,1.487,1.613,0.1797856904679046,True,Crítica
2025-11-16 15:30:00,Pump_2,189310002,1.876,1.492,1.606,0.179996330953011,True,Crítica
2025-11-16 16:00:00,Pump_2,189310002,1.881,1.486,1.603,0.18004597160663122,True,Crítica
2025-11-16 16:30:00,Pump_2,189310002,1.888,1.482,1.599,0.18018319880266104,True,Crítica
2025-11-16 17:00:00,Pump_2,189310002,1.879,1.492,1.605,0.18030589477586784,True,Crítica
2025-11-16 17:30:00,Pump_2,189310002,1.883,1.482,1.615,0.18033767166035608,True,Crítica
2025-11-16 18:00:00,Pump_2,189310002,1.891,1.484,1.602,0.180558228243079,True,Crítica
2025-11-16 18:30:00,Pump_2,189310002,1.875,1.476,1.601,0.18071589331146815,True,Crítica
2025-11-16 19:00:00,Pump_2,189310002,1.879,1.476,1.603,0.18057830149511295,True,Crítica
2025-11-16 19:30:00,Pump_2,189310002,1.879,1.489,1.62,0.18047408827825595,True,Crítica
2025-11-16 20:00:00,Pump_2,189310002,1.873,1.487,1.614,0.18059172650866995,True,Crítica
2025-11-16 20:30:00,Pump_2,189310002,1.871,1.489,1.608,0.18075254446831973,True,Crítica
2025-11-16 21:00:00,Pump_2,189310002,1.875,1.476,1.621,0.18071472056367777,True,Crítica
2025-11-16 21:30:00,Pump_2,189310002,1.881,1.491,1.607,0.18093243729811587,True,Crítica
2025-11-16 22:00:00,Pump_2,189310002,1.872,1.494,1.616,0.18110293128351854,True,Crítica
2025-11-16 22:30:00,Pump_2,189310002,1.879,1.479,1.614,0.18129270791390825,True,Crítica
2025-11-16 23:00:00,Pump_2,189310002,1.869,1.49,1.607,0.18124582585618892,True,Crítica
2025-11-16 23:30:00,Pump_2,189310002,1.866,1.475,1.612,0.18116026355219658,True,Crítica
2025-11-17 00:00:00,Pump_2,189310002,1.877,1.484,1.623,0.1810875287687049,True,Crítica
2025-11-17 00:30:00,Pump_2,189310002,1.878,1.493,1.615,0.18127367036826686,True,Crítica
2025-11-17 01:00:00,Pump_2,189310002,1.864,1.482,1.62,0.18143452247592037,True,Crítica
2025-11-17 01:30:00,Pump_2,189310002,1.867,1.486,1.625,0.18139040080640126,True,Crítica
2025-11-17 02:00:00,Pump_2,189310002,1.88,1.479,1.615,0.18152684726188553,True,Crítica
2025-11-17 02:30:00,Pump_2,189310002,1.879,1.494,1.628,0.18149202746912824,True,Crítica
2025-11-17 03:00:00,Pump_2,189310002,1.867,1.484,1.625,0.18178647531342348,True,Crítica
2025-11-17 03:30:00,Pump_2,189310002,1.862,1.482,1.623,0.1817393323318367,True,Crítica
2025-11-17 04:00:00,Pump_2,189310002,1.865,1.491,1.614,0.1817124320161571,True,Crítica
2025-11-17 04:30:00,Pump_2,189310002,1.869,1.491,1.623,0.18172864450718007,True,Crítica
2025-11-17 05:00:00,Pump_2,189310002,1.87,1.48,1.629,0.18185602815061547,True,Crítica
2025-11-17 05:30:00,Pump_2,189310002,1.865,1.486,1.618,0.18190759474687787,True,Crítica
2025-11-17 06:00:00,Pump_2,189310002,1.861,1.491,1.618,0.1818213660922527,True,Crítica
2025-11-17 06:30:00,Pump_2,189310002,1.876,1.495,1.619,0.18179034236969926,True,Crítica
2025-11-17 07:00:00,Pump_2,189310002,1.866,1.496,1.621,0.18207813456766583,True,Crítica
2025-11-17 07:30:00,Pump_2,189310002,1.873,1.49,1.629,0.18227380660593015,True,Crítica
2025-11-17 08:00:00,Pump_2,189310002,1.859,1.478,1.619,0.18231329532933918,True,Crítica
2025-11-17 08:30:00,Pump_2,189310002,1.864,1.482,1.633,0.1821870716584477,True,Crítica
2025-11-17 09:00:00,Pump_2,189310002,1.871,1.478,1.631,0.18229432299288928,True,Crítica
2025-11-17 09:30:00,Pump_2,189310002,1.865,1.487,1.637,0.18234083794576728,True,Crítica
2025-11-17 10:00:00,Pump_2,189310002,1.873,1.49,1.638,0.18245285243124465,True,Crítica
2025-11-17 10:30:00,Pump_2,189310002,1.866,1.494,1.627,0.18261938337226757,True,Crítica
2025-11-17 11:00:00,Pump_2,189310002,1.858,1.479,1.62,0.1827341433454922,True,Crítica
2025-11-17 11:30:00,Pump_2,189310002,1.863,1.489,1.632,0.1826901108189726,True,Crítica
2025-11-17 12:00:00,Pump_2,189310002,1.866,1.488,1.639,0.1829207132347243,True,Crítica
2025-11-17 12:30:00,Pump_2,189310002,1.854,1.486,1.642,0.18299497774225104,True,Crítica
2025-11-17 13:00:00,Pump_2,189310002,1.864,1.498,2.02,0.1830012228719354,True,Crítica
2025-11-17 13:30:00,Pump_2,189310002,1.858,1.48,1.63,0.1863179424951875,True,Crítica
2025-11-17 14:00:00,Pump_2,189310002,1.865,1.487,1.642,0.1862439754451969,True,Crítica
2025-11-17 14:30:00,Pump_2,189310002,1.86,2.01,1.634,0.18641289010836296,True,Crítica
2025-11-17 15:00:00,Pump_2,189310002,1.849,1.482,1.632,0.19021355711939641,True,Crítica
2025-11-17 15:30:00,Pump_2,189310002,1.848,1.493,1.63,0.19011689204372875,True,Crítica
2025-11-17 16:00:00,Pump_2,189310002,2.273,1.482,1.638,0.19014118649006642,True,Crítica
2025-11-17 16:30:00,Pump_2,189310002,1.856,1.495,1.63,0.1932473490857716,True,Crítica
2025-11-17 17:00:00,Pump_2,189310002,1.859,1.486,1.633,0.19324505183638646,True,Crítica
2025-11-17 17:30:00,Pump_2,189310002,1.855,1.492,1.64,0.19321670386995737,True,Crítica
2025-11-17 18:00:00,Pump_2,189310002,1.865,1.496,1.642,0.19335465258115736,True,Crítica
2025-11-17 18:30:00,Pump_2,189310002,1.853,1.498,1.642,0.1936069392866708,True,Crítica
2025-11-17 19:00:00,Pump_2,189310002,1.861,1.495,1.635,0.19364419682494502,True,Crítica
2025-11-17 19:30:00,Pump_2,189310002,1.861,1.484,1.644,0.19370128697296232,True,Crítica
2025-11-17 20:00:00,Pump_2,189310002,1.851,1.482,1.646,0.1936556701079668,True,Crítica
2025-11-17 20:30:00,Pump_2,189310002,1.844,2.049,1.64,0.19378982420477683,True,Crítica
2025-11-17 21:00:00,Pump_2,189310002,1.848,1.496,1.877,0.1978964028907665,True,Crítica
2025-11-17 21:30:00,Pump_2,189310002,1.849,1.477,1.643,0.1997553083794062,True,Crítica
2025-11-17 22:00:00,Pump_2,189310002,1.85,1.495,1.634,0.19952930143741213,True,Crítica
2025-11-17 22:30:00,Pump_2,189310002,1.854,1.481,1.626,0.19928684426248633,True,Crítica
2025-11-17 23:00:00,Pump_2,189310002,1.847,1.494,1.63,0.19902650240352288,True,Crítica
2025-11-17 23:30:00,Pump_2,189310002,1.857,1.485,1.635,0.1990605080439395,True,Crítica
2025-11-18 00:00:00,Pump_2,189310002,1.848,1.476,1.635,0.19895127645273955,True,Crítica
2025-11-18 00:30:00,Pump_2,189310002,1.852,1.478,1.632,0.19864804682279363,True,Crítica
2025-11-18 01:00:00,Pump_2,189310002,1.851,1.491,1.626,0.19845234478233623,True,Crítica
2025-11-18 01:30:00,Pump_2,189310002,1.837,1.482,1.626,0.1948312695881356,True,Crítica
2025-11-18 02:00:00,Pump_2,189310002,1.838,1.472,1.628,0.19463083887656554,True,Crítica
2025-11-18 02:30:00,Pump_2,189310002,1.846,1.484,1.633,0.19423161096321623,True,Crítica
2025-11-18 03:00:00,Pump_2,189310002,1.842,1.489,1.631,0.19093307302305068,True,Crítica
2025-11-18 03:30:00,Pump_2,189310002,1.833,1.476,1.625,0.190846871766022,True,Crítica
2025-11-18 04:00:00,Pump_2,189310002,1.844,1.481,1.623,0.19049744467879692,True,Crítica
2025-11-18 04:30:00,Pump_2,189310002,1.832,1.486,1.623,0.1872460093151584,True,Crítica
2025-11-18 05:00:00,Pump_2,189310002,1.847,1.473,1.638,0.1868756326211434,True,Crítica
2025-11-18 05:30:00,Pump_2,189310002,1.845,1.48,1.631,0.18664234111877187,True,Crítica
2025-11-18 06:00:00,Pump_2,189310002,1.831,1.479,1.636,0.186328784560825,True,Crítica
2025-11-18 06:30:00,Pump_2,189310002,1.847,1.482,1.619,0.18585295739791502,True,Crítica
2025-11-18 07:00:00,Pump_2,189310002,1.833,1.481,1.619,0.1854817429260069,True,Crítica
2025-11-18 07:30:00,Pump_2,189310002,1.84,1.474,1.625,0.1850645295692093,True,Crítica
2025-11-18 08:00:00,Pump_2,189310002,1.836,1.463,1.621,0.18472296675396832,True,Crítica
2025-11-18 08:30:00,Pump_2,189310002,1.834,1.468,1.632,0.18434413867350086,True,Crítica
2025-11-18 09:00:00,Pump_2,189310002,1.838,1.467,1.62,0.18078353818709894,True,Crítica
2025-11-18 09:30:00,Pump_2,189310002,1.838,1.461,1.626,0.17828113651249933,True,Crítica
2025-11-18 10:00:00,Pump_2,189310002,1.834,1.47,1.616,0.1779317857569722,True,Crítica
2025-11-18 10:30:00,Pump_2,189310002,1.833,1.468,1.618,0.17750593428371403,True,Crítica
2025-11-18 11:00:00,Pump_2,189310002,1.84,1.475,1.625,0.17720005165133226,True,Crítica
2025-11-18 11:30:00,Pump_2,189310002,1.821,1.469,1.617,0.1769906440267338,True,Crítica
2025-11-18 12:00:00,Pump_2,189310002,1.825,1.462,1.611,0.17647160805255802,True,Crítica
2025-11-18 12:30:00,Pump_2,189310002,1.819,1.466,1.628,0.17599860579912352,True,Crítica
2025-11-18 13:00:00,Pump_2,189310002,1.819,1.469,1.629,0.17563590914924473,True,Crítica
2025-11-18 13:30:00,Pump_2,189310002,1.831,1.47,1.624,0.17528697209399416,True,Crítica
2025-11-18 14:00:00,Pump_2,189310002,1.835,1.455,1.623,0.17514709863687886,True,Crítica
2025-11-18 14:30:00,Pump_2,189310002,1.834,1.458,1.615,0.17495348918733367,True,Crítica
2025-11-18 15:00:00,Pump_2,189310002,1.829,1.47,1.61,0.17454100813169104,True,Crítica
2025-11-18 15:30:00,Pump_2,189310002,1.815,1.459,1.614,0.17415946753632727,True,Crítica
2025-11-18 16:00:00,Pump_2,189310002,1.827,1.46,1.617,0.17382177918025,True,Crítica
2025-11-18 16:30:00,Pump_2,189310002,1.813,1.452,1.61,0.1735152417461807,True,Crítica
2025-11-18 17:00:00,Pump_2,189310002,1.824,1.449,1.612,0.17304811394428146,True,Crítica
2025-11-18 17:30:00,Pump_2,189310002,1.829,1.46,1.613,0.17249501875947398,True,Crítica
2025-11-18 18:00:00,Pump_2,189310002,1.813,1.463,1.611,0.1721037109825748,True,Crítica
2025-11-18 18:30:00,Pump_2,189310002,1.829,1.456,1.606,0.17166452018711098,True,Crítica
2025-11-18 19:00:00,Pump_2,189310002,1.823,1.455,1.609,0.17126522948368617,True,Crítica
2025-11-18 19:30:00,Pump_2,189310002,1.809,1.456,1.62,0.1709444881577592,True,Crítica
2025-11-18 20:00:00,Pump_2,189310002,1.826,1.446,1.61,0.17055555802377176,True,Crítica
2025-11-18 20:30:00,Pump_2,189310002,1.82,1.444,1.615,0.17026445119639208,True,Crítica
2025-11-18 21:00:00,Pump_2,189310002,1.823,1.455,1.613,0.16984366644990592,True,Crítica
2025-11-18 21:30:00,Pump_2,189310002,1.807,1.441,1.608,0.1695936500939722,True,Crítica
2025-11-18 22:00:00,Pump_2,189310002,1.812,1.458,1.614,0.16906780490273007,True,Crítica
2025-11-18 22:30:00,Pump_2,189310002,1.817,1.457,1.614,0.16881832164547303,True,Crítica
2025-11-18 23:00:00,Pump_2,189310002,1.82,1.458,1.615,0.168602506182711,True,Crítica
2025-11-18 23:30:00,Pump_2,189310002,1.81,1.444,1.614,0.16827265891876447,True,Crítica
2025-11-19 00:00:00,Pump_2,189310002,1.812,1.445,1.598,0.16800086028018374,True,Crítica
2025-11-19 00:30:00,Pump_2,189310002,1.819,1.446,1.596,0.16769019849630265,True,Crítica
2025-11-19 01:00:00,Pump_2,189310002,1.801,1.441,1.61,0.16729527759036886,True,Crítica
2025-11-19 01:30:00,Pump_2,189310002,1.815,1.444,1.615,0.16681594406459835,True,Crítica
2025-11-19 02:00:00,Pump_2,189310002,1.805,1.448,1.605,0.166449719362146,True,Crítica
2025-11-19 02:30:00,Pump_2,189310002,1.808,1.439,1.596,0.16603063590712822,True,Crítica
2025-11-19 03:00:00,Pump_2,189310002,1.801,1.442,1.599,0.16555327703011125,True,Crítica
2025-11-19 03:30:00,Pump_2,189310002,1.809,1.44,1.6,0.16507913281634384,True,Crítica
2025-11-19 04:00:00,Pump_2,189310002,1.801,1.432,1.608,0.1647895924137331,True,Crítica
2025-11-19 04:30:00,Pump_2,189310002,1.804,1.448,1.606,0.16432657120996666,True,Crítica
2025-11-19 05:00:00,Pump_2,189310002,1.814,1.444,1.594,0.16420092705733572,True,Crítica
2025-11-19 05:30:00,Pump_2,189310002,1.812,1.433,1.591,0.16394494903180648,True,Crítica
2025-11-19 06:00:00,Pump_2,189310002,1.813,1.445,1.598,0.16345796248455277,True,Crítica
2025-11-19 06:30:00,Pump_2,189310002,1.796,1.433,1.593,0.16324065314475003,True,Crítica
2025-11-19 07:00:00,Pump_2,189310002,1.795,1.439,1.59,0.16273768088860882,True,Crítica
2025-11-19 07:30:00,Pump_2,189310002,1.808,1.428,1.601,0.1622732228840812,True,Crítica
2025-11-19 08:00:00,Pump_2,189310002,1.806,1.429,1.6,0.1619114940042245,True,Crítica
2025-11-19 08:30:00,Pump_2,189310002,1.808,1.432,1.592,0.16155684292962852,True,Crítica
2025-11-19 09:00:00,Pump_2,189310002,1.79,1.438,1.589,0.16119139090934242,True,Crítica
2025-11-19 09:30:00,Pump_2,189310002,1.801,1.428,1.605,0.16064597883406143,True,Crítica
2025-11-19 10:00:00,Pump_2,189310002,1.791,1.427,1.598,0.16048132433165552,True,Crítica
2025-11-19 10:30:00,Pump_2,189310002,1.79,1.425,1.592,0.1599902353498355,True,Crítica
2025-11-19 11:00:00,Pump_2,189310002,1.798,1.43,1.595,0.159397282596232,True,Crítica
2025-11-19 11:30:00,Pump_2,189310002,1.804,1.437,1.6,0.1588863425286887,True,Crítica
2025-11-19 12:00:00,Pump_2,189310002,1.804,1.428,1.6,0.15867907187673552,True,Crítica
2025-11-19 12:30:00,Pump_2,189310002,1.785,1.427,1.593,0.15852070624619558,True,Crítica
2025-11-19 13:00:00,Pump_2,189310002,1.798,1.427,1.584,0.15812098685773188,True,Crítica
2025-11-19 13:30:00,Pump_2,189310002,1.8,1.437,1.595,0.15779019032676114,True,Crítica
2025-11-19 14:00:00,Pump_2,189310002,1.785,1.428,1.583,0.15747275970358707,True,Crítica
2025-11-19 14:30:00,Pump_2,189310002,1.794,1.422,1.596,0.15701666557500435,True,Crítica
2025-11-19 15:00:00,Pump_2,189310002,1.793,1.416,1.597,0.15679460994150127,True,Crítica
2025-11-19 15:30:00,Pump_2,189310002,1.798,1.425,1.586,0.15653783092514,True,Crítica
2025-11-19 16:00:00,Pump_2,189310002,1.783,1.431,1.594,0.1562416365404569,True,Crítica
2025-11-19 16:30:00,Pump_2,189310002,1.786,1.42,1.58,0.1559869121984056,True,Crítica
2025-11-19 17:00:00,Pump_2,189310002,1.794,1.424,1.594,0.15545538788586782,True,Crítica
2025-11-19 17:30:00,Pump_2,189310002,1.795,1.416,1.592,0.15517475551064155,True,Crítica
2025-11-19 18:00:00,Pump_2,189310002,1.781,1.411,1.577,0.15493363820562675,True,Crítica
2025-11-19 18:30:00,Pump_2,189310002,1.792,1.412,1.584,0.1542935014350495,True,Crítica
2025-11-19 19:00:00,Pump_2,189310002,1.778,1.426,1.59,0.15404024309107966,True,Crítica
2025-11-19 19:30:00,Pump_2,189310002,1.786,1.427,1.582,0.15383460121861547,True,Crítica
2025-11-19 20:00:00,Pump_2,189310002,1.784,1.421,1.587,0.15350807652945533,True,Crítica
2025-11-19 20:30:00,Pump_2,189310002,1.791,1.427,1.573,0.15318041487628273,True,Crítica
2025-11-19 21:00:00,Pump_2,189310002,1.781,1.416,1.585,0.1528712986683654,True,Crítica
2025-11-19 21:30:00,Pump_2,189310002,1.776,1.407,1.576,0.15262845870691216,True,Crítica
2025-11-19 22:00:00,Pump_2,189310002,1.788,1.415,1.593,0.152053631721467,True,Crítica
2025-11-19 22:30:00,Pump_2,189310002,1.785,1.413,1.594,0.15190320946961544,True,Crítica
2025-11-19 23:00:00,Pump_2,189310002,1.778,1.412,1.589,0.15179522196541984,True,Crítica
2025-11-19 23:30:00,Pump_2,189310002,1.788,1.421,1.595,0.15147376373525712,True,Crítica
2025-11-20 00:00:00,Pump_2,189310002,1.789,1.426,1.593,0.15121099470467403,True,Crítica
2025-11-20 00:30:00,Pump_2,189310002,1.784,1.412,1.586,0.15103257327575015,True,Crítica
2025-11-20 01:00:00,Pump_2,189310002,1.788,1.421,1.593,0.1508660577882734,True,Crítica
2025-11-20 01:30:00,Pump_2,189310002,1.787,1.423,1.584,0.15082976007968946,True,Crítica
2025-11-20 02:00:00,Pump_2,189310002,1.789,1.418,1.585,0.15056177346505967,True,Crítica
2025-11-20 02:30:00,Pump_2,189310002,1.79,1.428,1.597,0.15054794706738212,True,Crítica
2025-11-20 03:00:00,Pump_2,189310002,1.79,1.734,1.585,0.15057321371395688,True,Crítica
2025-11-20 03:30:00,Pump_2,189310002,1.788,1.417,1.589,0.15283794207068743,True,Crítica
2025-11-20 04:00:00,Pump_2,189310002,1.786,1.425,1.583,0.1527373694518278,True,Crítica
2025-11-20 04:30:00,Pump_2,189310002,1.774,1.43,1.594,0.15264191115198636,True,Crítica
2025-11-20 05:00:00,Pump_2,189310002,1.788,1.429,1.589,0.1527431356431146,True,Crítica
2025-11-20 05:30:00,Pump_2,189310002,1.772,1.428,1.589,0.15269479261069557,True,Crítica
2025-11-20 06:00:00,Pump_2,189310002,1.774,1.435,1.604,0.15257820948982181,True,Crítica
2025-11-20 06:30:00,Pump_2,189310002,1.775,1.426,1.601,0.15290961522625438,True,Crítica
2025-11-20 07:00:00,Pump_2,189310002,1.776,1.432,1.607,0.15300803426509543,True,Crítica
2025-11-20 07:30:00,Pump_2,189310002,1.785,1.427,1.592,0.15317426495694775,True,Crítica
2025-11-20 08:00:00,Pump_2,189310002,1.782,1.421,1.595,0.1532433333104881,True,Crítica
2025-11-20 08:30:00,Pump_2,189310002,1.775,1.431,1.593,0.15327496523183523,True,Crítica
2025-11-20 09:00:00,Pump_2,189310002,1.781,1.429,1.592,0.15333644474132685,True,Crítica
2025-11-20 09:30:00,Pump_2,189310002,1.787,1.428,1.611,0.15345576890901647,True,Crítica
2025-11-20 10:00:00,Pump_2,189310002,1.789,1.428,1.609,0.15392661429375196,True,Crítica
2025-11-20 10:30:00,Pump_2,189310002,1.778,1.438,1.597,0.1541075448746193,True,Crítica
2025-11-20 11:00:00,Pump_2,189310002,1.773,1.436,1.605,0.15420678797906553,True,Crítica
2025-11-20 11:30:00,Pump_2,189310002,1.778,1.425,1.606,0.1544138642629052,True,Crítica
2025-11-20 12:00:00,Pump_2,189310002,1.769,1.443,1.611,0.15439815418199354,True,Crítica
2025-11-20 12:30:00,Pump_2,189310002,1.781,1.427,1.61,0.154470567304212,True,Crítica
2025-11-20 13:00:00,Pump_2,189310002,1.772,1.439,1.598,0.1546904974823907,True,Crítica
2025-11-20 13:30:00,Pump_2,189310002,1.777,1.444,1.603,0.1547052361427013,True,Crítica
2025-11-20 14:00:00,Pump_2,189310002,1.781,1.436,1.603,0.15491865782438966,True,Crítica
2025-11-20 14:30:00,Pump_2,189310002,1.787,1.438,1.608,0.15512473211194586,True,Crítica
2025-11-20 15:00:00,Pump_2,189310002,1.779,1.437,1.603,0.1552765370918312,True,Crítica
2025-11-20 15:30:00,Pump_2,189310002,1.776,1.437,1.606,0.15352348138231411,True,Crítica
2025-11-20 16:00:00,Pump_2,189310002,1.785,1.431,1.605,0.15369954086615525,True,Crítica
2025-11-20 16:30:00,Pump_2,189310002,1.768,1.444,1.621,0.1539054149087277,True,Crítica
2025-11-20 17:00:00,Pump_2,189310002,1.781,1.437,1.62,0.1541846621721925,True,Crítica
2025-11-20 17:30:00,Pump_2,189310002,1.774,1.448,1.605,0.15443896222218964,True,Crítica
2025-11-20 18:00:00,Pump_2,189310002,1.785,1.447,1.612,0.15473320834682655,True,Crítica
2025-11-20 18:30:00,Pump_2,189310002,1.774,1.44,1.625,0.15497166539311807,True,Crítica
2025-11-20 19:00:00,Pump_2,189310002,1.775,1.434,1.611,0.15525211417303109,True,Crítica
2025-11-20 19:30:00,Pump_2,189310002,1.778,1.44,1.609,0.15528480632393596,True,Crítica
2025-11-20 20:00:00,Pump_2,189310002,1.768,1.452,1.621,0.15545279195168846,True,Crítica
2025-11-20 20:30:00,Pump_2,189310002,1.783,1.452,1.611,0.15577007748699845,True,Crítica
2025-11-20 21:00:00,Pump_2,189310002,1.779,1.437,1.615,0.15612466985826348,True,Crítica
2025-11-20 21:30:00,Pump_2,189310002,1.786,1.441,1.625,0.15635051884751844,True,Crítica
2025-11-20 22:00:00,Pump_2,189310002,1.784,1.448,1.625,0.15653590806593984,True,Crítica
2025-11-20 22:30:00,Pump_2,189310002,1.767,1.444,1.631,0.15676239600108743,True,Crítica
2025-11-20 23:00:00,Pump_2,189310002,1.775,1.45,1.623,0.15700460484478507,True,Crítica
2025-11-20 23:30:00,Pump_2,189310002,1.776,1.454,1.629,0.15726306995344444,True,Crítica
2025-11-21 00:00:00,Pump_2,189310002,1.77,1.448,1.622,0.15763006806414628,True,Crítica
2025-11-21 00:30:00,Pump_2,189310002,1.777,1.457,1.624,0.15776119554148757,True,Crítica
2025-11-21 01:00:00,Pump_2,189310002,1.783,1.443,1.622,0.15804711756994658,True,Crítica
2025-11-21 01:30:00,Pump_2,189310002,1.78,1.453,1.622,0.15835070175021546,True,Crítica
2025-11-21 02:00:00,Pump_2,189310002,1.774,1.445,1.628,0.15859709417410223,True,Crítica
2025-11-21 02:30:00,Pump_2,189310002,1.773,1.445,1.636,0.15880795911160095,True,Crítica
2025-11-21 03:00:00,Pump_2,189310002,1.775,1.446,1.632,0.1589772456377921,True,Crítica
2025-11-21 03:30:00,Pump_2,189310002,1.771,1.446,1.62,0.15924358995117494,True,Crítica
2025-11-21 04:00:00,Pump_2,189310002,1.783,1.458,1.632,0.15938056503887965,True,Crítica
2025-11-21 04:30:00,Pump_2,189310002,1.781,1.462,1.631,0.1597746457914145,True,Crítica
2025-11-21 05:00:00,Pump_2,189310002,1.776,1.464,1.628,0.1600762642338183,True,Crítica
2025-11-21 05:30:00,Pump_2,189310002,1.768,1.46,1.626,0.1602914580499023,True,Crítica
2025-11-21 06:00:00,Pump_2,189310002,1.776,1.463,1.627,0.16051508797774497,True,Crítica
2025-11-21 06:30:00,Pump_2,189310002,1.783,1.46,1.634,0.16069377552559722,True,Crítica
2025-11-21 07:00:00,Pump_2,189310002,1.767,1.45,1.632,0.16096202143596364,True,Crítica
2025-11-21 07:30:00,Pump_2,189310002,1.783,1.462,1.644,0.16117537669009627,True,Crítica
2025-11-21 08:00:00,Pump_2,189310002,1.767,1.464,1.638,0.1616526090235339,True,Crítica
2025-11-21 08:30:00,Pump_2,189310002,1.77,1.463,1.643,0.161871753503588,True,Crítica
2025-11-21 09:00:00,Pump_2,189310002,1.779,1.464,1.636,0.16212695387649254,True,Crítica
2025-11-21 09:30:00,Pump_2,189310002,1.777,1.453,1.641,0.16248501700250673,True,Crítica
2025-11-21 10:00:00,Pump_2,189310002,1.782,1.467,1.642,0.16262591447076957,True,Crítica
2025-11-21 10:30:00,Pump_2,189310002,1.766,1.473,1.643,0.1628873175618573,True,Crítica
2025-11-21 11:00:00,Pump_2,189310002,1.774,1.467,1.65,0.16317509166210847,True,Crítica
2025-11-21 11:30:00,Pump_2,189310002,1.768,1.454,1.651,0.16350878684501194,True,Crítica
2025-11-21 12:00:00,Pump_2,189310002,1.77,1.463,1.648,0.1636232692365884,True,Crítica
2025-11-21 12:30:00,Pump_2,189310002,1.765,1.456,1.637,0.16393474188099597,True,Crítica
2025-11-21 13:00:00,Pump_2,189310002,1.774,1.468,1.636,0.16394556990467396,True,Crítica
2025-11-21 13:30:00,Pump_2,189310002,1.773,1.472,1.65,0.1641643840242385,True,Crítica
2025-11-21 14:00:00,Pump_2,189310002,1.776,1.461,1.653,0.1644771047267483,True,Crítica
2025-11-21 14:30:00,Pump_2,189310002,1.783,1.46,1.642,0.16478997903684528,True,Crítica
2025-11-21 15:00:00,Pump_2,189310002,1.781,1.472,1.655,0.164994149286857,True,Crítica
2025-11-21 15:30:00,Pump_2,189310002,1.767,1.469,1.643,0.1653936559113457,True,Crítica
2025-11-21 16:00:00,Pump_2,189310002,1.78,1.461,1.655,0.16570789963461585,True,Crítica
2025-11-21 16:30:00,Pump_2,189310002,1.773,1.463,1.647,0.16589113474809156,True,Crítica
2025-11-21 17:00:00,Pump_2,189310002,2.154,1.481,1.649,0.1659730929885327,True,Crítica
2025-11-21 17:30:00,Pump_2,189310002,1.776,1.471,1.656,0.16903063014786024,True,Crítica
2025-11-21 18:00:00,Pump_2,189310002,1.766,1.463,1.657,0.16942066054122906,True,Crítica
2025-11-21 18:30:00,Pump_2,189310002,1.765,1.47,1.662,0.16959678744848164,True,Crítica
2025-11-21 19:00:00,Pump_2,189310002,1.778,1.469,1.644,0.16976492479010005,True,Crítica
2025-11-21 19:30:00,Pump_2,189310002,1.775,1.477,1.661,0.17006577103984752,True,Crítica
2025-11-21 20:00:00,Pump_2,189310002,1.777,1.466,1.659,0.1702503982056721,True,Crítica
2025-11-21 20:30:00,Pump_2,189310002,1.771,1.479,1.66,0.17050136466896668,True,Crítica
2025-11-21 21:00:00,Pump_2,189310002,1.782,1.471,1.652,0.1707546381154655,True,Crítica
2025-11-21 21:30:00,Pump_2,189310002,1.767,1.477,1.66,0.17095610716139933,True,Crítica
2025-11-21 22:00:00,Pump_2,189310002,1.775,1.471,1.667,0.17119568752756897,True,Crítica
2025-11-21 22:30:00,Pump_2,189310002,1.766,1.472,1.652,0.17137449312341677,True,Crítica
2025-11-21 23:00:00,Pump_2,189310002,1.772,1.47,1.651,0.17144110771098012,True,Crítica
2025-11-21 23:30:00,Pump_2,189310002,1.762,1.487,1.65,0.1714573883512481,True,Crítica
2025-11-22 00:00:00,Pump_2,189310002,1.774,1.469,1.652,0.17164559385498773,True,Crítica
2025-11-22 00:30:00,Pump_2,189310002,1.764,1.47,1.656,0.17175509218852886,True,Crítica
2025-11-22 01:00:00,Pump_2,189310002,1.763,1.489,1.649,0.17200558705665844,True,Crítica
2025-11-22 01:30:00,Pump_2,189310002,1.769,1.486,1.656,0.17220273485987564,True,Crítica
2025-11-22 02:00:00,Pump_2,189310002,1.763,1.478,1.658,0.17234172893581348,True,Crítica
2025-11-22 02:30:00,Pump_2,189310002,1.77,1.473,1.658,0.17240982407916944,True,Crítica
2025-11-22 03:00:00,Pump_2,189310002,1.772,1.473,1.658,0.17253343874716112,True,Crítica
2025-11-22 03:30:00,Pump_2,189310002,1.775,1.486,1.656,0.1724974952365763,True,Crítica
2025-11-22 04:00:00,Pump_2,189310002,1.771,1.477,1.657,0.1727835467166302,True,Crítica
2025-11-22 04:30:00,Pump_2,189310002,1.778,1.473,1.651,0.17282702518752135,True,Crítica
2025-11-22 05:00:00,Pump_2,189310002,1.775,1.481,1.661,0.17294788396825375,True,Crítica
2025-11-22 05:30:00,Pump_2,189310002,1.782,1.491,1.651,0.17030852307934727,True,Crítica
2025-11-22 06:00:00,Pump_2,189310002,1.781,1.49,1.658,0.17045831049537227,True,Crítica
2025-11-22 06:30:00,Pump_2,189310002,1.765,1.491,1.653,0.17075687767174286,True,Crítica
2025-11-22 07:00:00,Pump_2,189310002,1.775,1.485,1.655,0.17082526475012313,True,Crítica
2025-11-22 07:30:00,Pump_2,189310002,1.765,1.486,1.644,0.17101659610777067,True,Crítica
2025-11-22 08:00:00,Pump_2,189310002,1.763,1.483,1.64,0.17087260933963622,True,Crítica
2025-11-22 08:30:00,Pump_2,189310002,1.776,1.477,1.648,0.1707297616609281,True,Crítica
2025-11-22 09:00:00,Pump_2,189310002,1.773,1.487,1.656,0.17065103553412303,True,Crítica
2025-11-22 09:30:00,Pump_2,189310002,1.773,1.48,1.655,0.17073376469471233,True,Crítica
2025-11-22 10:00:00,Pump_2,189310002,1.778,1.495,1.638,0.17074700290356176,True,Crítica
2025-11-22 10:30:00,Pump_2,189310002,1.778,1.476,1.639,0.17069032497339456,True,Crítica
2025-11-22 11:00:00,Pump_2,189310002,1.778,1.495,1.636,0.17068805653498564,True,Crítica
2025-11-22 11:30:00,Pump_2,189310002,1.774,1.492,1.651,0.17078492343754384,True,Crítica
2025-11-22 12:00:00,Pump_2,189310002,1.768,1.491,1.634,0.1709231568860719,True,Crítica
2025-11-22 12:30:00,Pump_2,189310002,1.764,1.481,1.633,0.17088377509997577,True,Crítica
2025-11-22 13:00:00,Pump_2,189310002,1.782,1.486,1.639,0.17076039375831528,True,Crítica
2025-11-22 13:30:00,Pump_2,189310002,1.765,1.488,1.649,0.17080561770263605,True,Crítica
2025-11-22 14:00:00,Pump_2,189310002,1.778,1.492,1.643,0.17073490142299097,True,Crítica
2025-11-22 14:30:00,Pump_2,189310002,1.768,1.486,1.648,0.17081149976551563,True,Crítica
2025-11-22 15:00:00,Pump_2,189310002,1.775,1.494,1.631,0.17079146041935703,True,Crítica
2025-11-22 15:30:00,Pump_2,189310002,1.774,1.479,1.639,0.17073158173032577,True,Crítica
2025-11-22 16:00:00,Pump_2,189310002,1.77,1.483,1.638,0.17053167008576303,True,Crítica
2025-11-22 16:30:00,Pump_2,189310002,1.771,1.487,1.644,0.17039854309724797,True,Crítica
2025-11-22 17:00:00,Pump_2,189310002,1.776,1.498,1.628,0.17037995288431754,True,Crítica
2025-11-22 17:30:00,Pump_2,189310002,1.771,1.49,1.639,0.17023688254579714,True,Crítica
2025-11-22 18:00:00,Pump_2,189310002,1.776,1.479,1.629,0.17006196998022763,True,Crítica
2025-11-22 18:30:00,Pump_2,189310002,1.764,1.486,1.636,0.16971067927284056,True,Crítica
2025-11-22 19:00:00,Pump_2,189310002,1.763,1.481,1.644,0.16952936241910013,True,Crítica
2025-11-22 19:30:00,Pump_2,189310002,1.764,1.49,1.634,0.1693141542490531,True,Crítica
2025-11-22 20:00:00,Pump_2,189310002,1.769,1.487,1.625,0.16925638975889598,True,Crítica
2025-11-22 20:30:00,Pump_2,189310002,1.771,1.494,1.637,0.169209518877171,True,Crítica
2025-11-22 21:00:00,Pump_2,189310002,1.768,1.494,1.63,0.16919782545339257,True,Crítica
2025-11-22 21:30:00,Pump_2,189310002,1.775,1.484,1.634,0.16899973910183844,True,Crítica
2025-11-22 22:00:00,Pump_2,189310002,1.769,1.484,1.639,0.16886025209094466,True,Crítica
2025-11-22 22:30:00,Pump_2,189310002,1.777,1.492,1.638,0.1687272881325336,True,Crítica
2025-11-22 23:00:00,Pump_2,189310002,1.773,1.488,1.636,0.16881627535753074,True,Crítica
2025-11-22 23:30:00,Pump_2,189310002,1.777,1.502,1.623,0.1687373518583149,True,Crítica
2025-11-23 00:00:00,Pump_2,189310002,1.773,1.483,1.624,0.16861177454866988,True,Crítica
2025-11-23 00:30:00,Pump_2,189310002,1.767,1.485,1.63,0.168516187741392,True,Crítica
2025-11-23 01:00:00,Pump_2,189310002,1.764,1.502,1.63,0.16854188147672225,True,Crítica
2025-11-23 01:30:00,Pump_2,189310002,1.773,1.492,1.624,0.16845646829467265,True,Crítica
2025-11-23 02:00:00,Pump_2,189310002,1.773,1.496,1.626,0.16834510657221224,True,Crítica
2025-11-23 02:30:00,Pump_2,189310002,1.782,1.499,1.616,0.16820560990773942,True,Crítica
2025-11-23 03:00:00,Pump_2,189310002,1.764,1.487,1.617,0.16814404227048815,True,Crítica
2025-11-23 03:30:00,Pump_2,189310002,1.774,1.485,1.617,0.16790780355290094,True,Crítica
2025-11-23 04:00:00,Pump_2,189310002,1.782,1.504,1.624,0.16776306407456798,True,Crítica
2025-11-23 04:30:00,Pump_2,189310002,1.777,1.497,1.629,0.16788921740003115,True,Crítica
2025-11-23 05:00:00,Pump_2,189310002,1.783,1.504,1.63,0.16788293915693597,True,Crítica
2025-11-23 05:30:00,Pump_2,189310002,1.783,1.501,1.619,0.16800815581927092,True,Crítica
2025-11-23 06:00:00,Pump_2,189310002,1.771,1.486,1.613,0.1680171955275171,True,Crítica
2025-11-23 06:30:00,Pump_2,189310002,1.765,1.497,1.914,0.1678929951165719,True,Crítica
2025-11-23 07:00:00,Pump_2,189310002,1.78,1.502,1.628,0.17020822680605469,True,Crítica
2025-11-23 07:30:00,Pump_2,189310002,1.782,1.498,1.62,0.1703455990552142,True,Crítica
2025-11-23 08:00:00,Pump_2,189310002,1.767,1.495,1.617,0.17042747465072206,True,Crítica
2025-11-23 08:30:00,Pump_2,189310002,1.777,1.502,1.615,0.17041022253163543,True,Crítica
2025-11-23 09:00:00,Pump_2,189310002,1.773,1.504,1.619,0.170341390774668,True,Crítica
2025-11-23 09:30:00,Pump_2,189310002,1.78,1.498,1.624,0.17037036954055063,True,Crítica
2025-11-23 10:00:00,Pump_2,189310002,1.782,1.49,1.614,0.17041971913185827,True,Crítica
2025-11-23 10:30:00,Pump_2,189310002,1.77,1.503,1.609,0.17034430149933452,True,Crítica
2025-11-23 11:00:00,Pump_2,189310002,1.765,1.493,1.62,0.17013602253947122,True,Crítica
2025-11-23 11:30:00,Pump_2,189310002,1.773,1.493,1.606,0.16997382573529693,True,Crítica
2025-11-23 12:00:00,Pump_2,189310002,1.776,1.496,1.617,0.16974882375878358,True,Crítica
2025-11-23 12:30:00,Pump_2,189310002,1.776,1.509,1.602,0.16979492993858106,True,Crítica
2025-11-23 13:00:00,Pump_2,189310002,1.766,1.492,1.614,0.16979888344640628,True,Crítica
2025-11-23 13:30:00,Pump_2,189310002,1.765,1.823,1.607,0.16961247833102264,True,Crítica
2025-11-23 14:00:00,Pump_2,189310002,1.776,1.51,1.608,0.1718960310293972,True,Crítica
2025-11-23 14:30:00,Pump_2,189310002,1.779,1.505,1.6,0.17187186666681387,True,Crítica
2025-11-23 15:00:00,Pump_2,189310002,1.781,1.504,1.607,0.17176572731015025,True,Crítica
2025-11-23 15:30:00,Pump_2,189310002,1.77,1.503,1.609,0.17192495147165573,True,Crítica
2025-11-23 16:00:00,Pump_2,189310002,1.766,1.505,1.61,0.17195501291967277,True,Crítica
2025-11-23 16:30:00,Pump_2,189310002,1.784,1.5,1.616,0.17174736768364893,True,Crítica
2025-11-23 17:00:00,Pump_2,189310002,1.783,1.511,1.602,0.17172624420233434,True,Crítica
2025-11-23 17:30:00,Pump_2,189310002,1.773,1.492,1.6,0.17157702538607517,True,Crítica
2025-11-23 18:00:00,Pump_2,189310002,1.778,1.511,1.6,0.17131045252470642,True,Crítica
2025-11-23 18:30:00,Pump_2,189310002,1.776,1.493,1.609,0.17145539942776164,True,Crítica
2025-11-23 19:00:00,Pump_2,189310002,1.779,1.497,1.606,0.1688915631659122,True,Crítica
2025-11-23 19:30:00,Pump_2,189310002,1.766,1.496,1.612,0.16864515297876642,True,Crítica
2025-11-23 20:00:00,Pump_2,189310002,1.774,1.51,1.607,0.16841810403330726,True,Crítica
2025-11-23 20:30:00,Pump_2,189310002,1.772,1.513,1.596,0.16846065354446604,True,Crítica
2025-11-23 21:00:00,Pump_2,189310002,1.765,1.496,1.607,0.16831810040151435,True,Crítica
2025-11-23 21:30:00,Pump_2,189310002,1.776,1.51,1.602,0.16805752702714816,True,Crítica
2025-11-23 22:00:00,Pump_2,189310002,1.778,1.512,1.605,0.16787653092447524,True,Crítica
2025-11-23 22:30:00,Pump_2,189310002,1.768,1.498,1.607,0.16786819612626666,True,Crítica
2025-11-23 23:00:00,Pump_2,189310002,1.782,1.511,1.599,0.16774880840842707,True,Crítica
2025-11-23 23:30:00,Pump_2,189310002,1.777,1.499,1.605,0.1677715363001525,True,Crítica
2025-11-24 00:00:00,Pump_2,189310002,1.771,1.502,1.603,0.1677945871084552,True,Crítica
2025-11-24 00:30:00,Pump_2,189310002,1.767,1.505,1.602,0.16766154895784025,True,Crítica
2025-11-24 01:00:00,Pump_2,189310002,1.775,1.507,1.589,0.16758456909284172,True,Crítica
2025-11-24 01:30:00,Pump_2,189310002,1.783,1.505,1.588,0.16756759141137037,True,Crítica
2025-11-24 02:00:00,Pump_2,189310002,1.774,1.514,1.586,0.16561851886298418,True,Crítica
2025-11-24 02:30:00,Pump_2,189310002,1.763,1.504,1.59,0.16546796573318096,True,Crítica
2025-11-24 03:00:00,Pump_2,189310002,1.78,1.504,1.591,0.16527235048265748,True,Crítica
2025-11-24 03:30:00,Pump_2,189310002,1.773,1.515,1.585,0.16513913706967687,True,Crítica
2025-11-24 04:00:00,Pump_2,189310002,1.771,1.505,1.592,0.16505731225670328,True,Crítica
2025-11-24 04:30:00,Pump_2,189310002,1.771,1.505,1.584,0.1649477366023811,True,Crítica
2025-11-24 05:00:00,Pump_2,189310002,1.776,1.511,1.581,0.16461995708842006,True,Crítica
2025-11-24 05:30:00,Pump_2,189310002,1.773,1.513,1.592,0.16440930746028937,True,Crítica
2025-11-24 06:00:00,Pump_2,189310002,1.762,1.515,1.586,0.16448622928037904,True,Crítica
2025-11-24 06:30:00,Pump_2,189310002,1.772,1.519,1.583,0.16429659013797882,True,Crítica
2025-11-24 07:00:00,Pump_2,189310002,1.758,1.516,1.584,0.16423186679876015,True,Crítica
2025-11-24 07:30:00,Pump_2,189310002,1.77,1.517,1.596,0.16403079592439346,True,Crítica
2025-11-24 08:00:00,Pump_2,189310002,1.764,1.513,1.593,0.1640687775491535,True,Crítica
2025-11-24 08:30:00,Pump_2,189310002,1.757,1.521,1.583,0.16390848858180546,True,Crítica
2025-11-24 09:00:00,Pump_2,189310002,1.768,1.529,1.591,0.1637681115056498,True,Crítica
2025-11-24 09:30:00,Pump_2,189310002,1.76,1.527,1.575,0.1638901763107301,True,Crítica
2025-11-24 10:00:00,Pump_2,189310002,1.77,1.513,1.574,0.16368842029962782,True,Crítica
2025-11-24 10:30:00,Pump_2,189310002,1.768,1.526,1.584,0.16339097653980206,True,Crítica
2025-11-24 11:00:00,Pump_2,189310002,1.77,1.519,1.581,0.16339419953590478,True,Crítica
2025-11-24 11:30:00,Pump_2,189310002,1.758,1.52,1.575,0.16322241845880855,True,Crítica
2025-11-24 12:00:00,Pump_2,189310002,1.758,1.531,1.571,0.1629764766065532,True,Crítica
2025-11-24 12:30:00,Pump_2,189310002,1.768,1.516,1.572,0.1628203461034815,True,Crítica
2025-11-24 13:00:00,Pump_2,189310002,1.758,1.519,1.573,0.1626483630441661,True,Crítica
2025-11-24 13:30:00,Pump_2,189310002,1.758,1.524,1.57,0.1624764706258752,True,Crítica
2025-11-24 14:00:00,Pump_2,189310002,1.765,1.537,1.572,0.16228034005750505,True,Crítica
2025-11-24 14:30:00,Pump_2,189310002,1.763,1.533,1.574,0.16227366302353874,True,Crítica
2025-11-24 15:00:00,Pump_2,189310002,1.761,1.529,1.583,0.162340282378295,True,Crítica
2025-11-24 15:30:00,Pump_2,189310002,1.746,1.532,1.576,0.1623020430198398,True,Crítica
2025-11-24 16:00:00,Pump_2,189310002,1.763,1.534,1.565,0.1621540977975961,True,Crítica
2025-11-24 16:30:00,Pump_2,189310002,1.751,1.535,1.582,0.16206854446352228,True,Crítica
2025-11-24 17:00:00,Pump_2,189310002,1.753,1.523,1.569,0.1621092180737451,True,Crítica
2025-11-24 17:30:00,Pump_2,189310002,1.75,1.535,1.568,0.16192394341033747,True,Crítica
2025-11-24 18:00:00,Pump_2,189310002,1.75,1.528,1.578,0.16171115069200062,True,Crítica
2025-11-24 18:30:00,Pump_2,189310002,1.753,1.54,1.574,0.16164397958755292,True,Crítica
2025-11-24 19:00:00,Pump_2,189310002,1.746,1.531,1.561,0.16158680405435877,True,Crítica
2025-11-24 19:30:00,Pump_2,189310002,1.751,1.546,1.575,0.1614151571119781,True,Crítica
2025-11-24 20:00:00,Pump_2,189310002,1.742,1.54,1.566,0.16130569551308674,True,Crítica
2025-11-24 20:30:00,Pump_2,189310002,1.74,1.543,1.569,0.16110488247565574,True,Crítica
2025-11-24 21:00:00,Pump_2,189310002,1.74,1.531,1.576,0.1610232265402994,True,Crítica
2025-11-24 21:30:00,Pump_2,189310002,1.741,1.532,1.559,0.1607068399571302,True,Crítica
2025-11-24 22:00:00,Pump_2,189310002,1.75,1.538,1.557,0.160475843702386,True,Crítica
2025-11-24 22:30:00,Pump_2,189310002,1.755,1.545,1.566,0.16036140803825968,True,Crítica
2025-11-24 23:00:00,Pump_2,189310002,1.742,1.54,1.565,0.16025243635168418,True,Crítica
2025-11-24 23:30:00,Pump_2,189310002,1.749,1.546,1.573,0.16005551324831968,True,Crítica
2025-11-25 00:00:00,Pump_2,189310002,1.749,1.539,1.57,0.16014900935826956,True,Crítica
2025-11-25 00:30:00,Pump_2,189310002,1.745,1.546,1.556,0.16013234600656423,True,Crítica
2025-11-25 01:00:00,Pump_2,189310002,1.747,1.552,1.554,0.16003866820619003,True,Crítica
2025-11-25 01:30:00,Pump_2,189310002,1.737,1.551,1.562,0.16003325508992777,True,Crítica
2025-11-25 02:00:00,Pump_2,189310002,1.733,1.548,1.554,0.16000815429603024,True,Crítica
2025-11-25 02:30:00,Pump_2,189310002,1.748,1.544,1.556,0.15971938803236746,True,Crítica
2025-11-25 03:00:00,Pump_2,189310002,1.739,1.554,1.552,0.15954498955127022,True,Crítica
2025-11-25 03:30:00,Pump_2,189310002,1.744,1.55,1.563,0.15930544074143643,True,Crítica
2025-11-25 04:00:00,Pump_2,189310002,1.735,1.561,1.551,0.1593077171422069,True,Crítica
2025-11-25 04:30:00,Pump_2,189310002,1.734,1.545,1.564,0.15919339490983345,True,Crítica
2025-11-25 05:00:00,Pump_2,189310002,1.734,1.546,1.556,0.15898196391539102,True,Crítica
2025-11-25 05:30:00,Pump_2,189310002,1.735,1.558,1.554,0.15888675007551725,True,Crítica
2025-11-25 06:00:00,Pump_2,189310002,1.746,1.545,1.557,0.1588290368112396,True,Crítica
2025-11-25 06:30:00,Pump_2,189310002,1.736,1.555,1.558,0.15873146900762103,True,Crítica
2025-11-25 07:00:00,Pump_2,189310002,1.741,1.558,1.548,0.158583530729797,True,Crítica
2025-11-25 07:30:00,Pump_2,189310002,1.728,1.549,1.547,0.1586332975844608,True,Crítica
2025-11-25 08:00:00,Pump_2,189310002,1.73,1.551,1.561,0.15825942234884793,True,Crítica
2025-11-25 08:30:00,Pump_2,189310002,1.74,1.562,1.544,0.15820386513751497,True,Crítica
2025-11-25 09:00:00,Pump_2,189310002,1.737,1.551,1.547,0.15813342164059913,True,Crítica
2025-11-25 09:30:00,Pump_2,189310002,1.73,1.57,1.541,0.15799149233581863,True,Crítica
2025-11-25 10:00:00,Pump_2,189310002,1.74,1.554,1.546,0.15802987539688884,True,Crítica
2025-11-25 10:30:00,Pump_2,189310002,1.738,1.558,1.551,0.15797822274674284,True,Crítica
2025-11-25 11:00:00,Pump_2,189310002,1.735,1.565,1.543,0.1578227741740546,True,Crítica
2025-11-25 11:30:00,Pump_2,189310002,1.738,1.563,1.538,0.15776324576253808,True,Crítica
2025-11-25 12:00:00,Pump_2,189310002,1.726,1.556,1.546,0.15751094109648545,True,Crítica
2025-11-25 12:30:00,Pump_2,189310002,1.726,1.572,1.543,0.1572504693081973,True,Crítica
2025-11-25 13:00:00,Pump_2,189310002,1.732,1.575,1.548,0.15719489473663148,True,Crítica
2025-11-25 13:30:00,Pump_2,189310002,1.72,1.56,1.551,0.15721178826032484,True,Crítica
2025-11-25 14:00:00,Pump_2,189310002,1.722,1.577,1.538,0.15705668736542397,True,Crítica
2025-11-25 14:30:00,Pump_2,189310002,1.73,1.561,1.539,0.15705619110082514,True,Crítica
2025-11-25 15:00:00,Pump_2,189310002,1.726,1.571,1.534,0.15690305784947137,True,Crítica
2025-11-25 15:30:00,Pump_2,189310002,1.733,1.577,1.542,0.15679276595710867,True,Crítica
2025-11-25 16:00:00,Pump_2,189310002,1.724,1.58,1.547,0.15673262624755302,True,Crítica
2025-11-25 16:30:00,Pump_2,189310002,1.714,1.574,1.534,0.1567690448757007,True,Crítica
2025-11-25 17:00:00,Pump_2,189310002,1.731,1.568,1.546,0.1565701125200414,True,Crítica
2025-11-25 17:30:00,Pump_2,189310002,1.72,1.574,1.536,0.15660896045030334,True,Crítica
2025-11-25 18:00:00,Pump_2,189310002,1.721,1.575,1.541,0.15646739948260835,True,Crítica
2025-11-25 18:30:00,Pump_2,189310002,1.719,1.58,1.533,0.1563544106874284,True,Crítica
2025-11-25 19:00:00,Pump_2,189310002,1.718,1.578,1.543,0.15619794743128693,True,Crítica
2025-11-25 19:30:00,Pump_2,189310002,1.725,1.569,1.543,0.15613195936148125,True,Crítica
2025-11-25 20:00:00,Pump_2,189310002,1.709,1.586,1.538,0.15620272225228568,True,Crítica
2025-11-25 20:30:00,Pump_2,189310002,1.724,1.573,1.529,0.15609181865096883,True,Crítica
2025-11-25 21:00:00,Pump_2,189310002,1.711,1.587,1.538,0.15593149217912872,True,Crítica
2025-11-25 21:30:00,Pump_2,189310002,1.717,1.587,1.535,0.15591463174724232,True,Crítica
2025-11-25 22:00:00,Pump_2,189310002,1.713,1.591,1.54,0.15590066549183318,True,Crítica
2025-11-25 22:30:00,Pump_2,189310002,1.723,1.588,1.536,0.15590977306155887,True,Crítica
2025-11-25 23:00:00,Pump_2,189310002,1.719,1.576,1.536,0.15588091798242484,True,Crítica
2025-11-25 23:30:00,Pump_2,189310002,1.709,1.587,1.527,0.15578092381397435,True,Crítica
2025-11-26 00:00:00,Pump_2,189310002,1.707,1.592,1.529,0.15565378806084748,True,Crítica
2025-11-26 00:30:00,Pump_2,189310002,1.719,1.591,1.538,0.1556212981073248,True,Crítica
2025-11-26 01:00:00,Pump_2,189310002,1.706,1.593,1.533,0.1556674026380157,True,Crítica
2025-11-26 01:30:00,Pump_2,189310002,1.718,1.592,1.518,0.15548603377286055,True,Crítica
2025-11-26 02:00:00,Pump_2,189310002,1.709,1.581,1.532,0.15541217172268448,True,Crítica
2025-11-26 02:30:00,Pump_2,189310002,1.703,1.588,1.523,0.15529790292937776,True,Crítica
2025-11-26 03:00:00,Pump_2,189310002,1.702,1.59,1.517,0.15515370900538475,True,Crítica
2025-11-26 03:30:00,Pump_2,189310002,1.713,1.596,1.514,0.15498011650382632,True,Crítica
2025-11-26 04:00:00,Pump_2,189310002,1.701,1.6,1.526,0.1547489111052921,True,Crítica
2025-11-26 04:30:00,Pump_2,189310002,1.704,1.597,1.517,0.1545534137616963,True,Crítica
2025-11-26 05:00:00,Pump_2,189310002,1.702,1.598,1.519,0.15450520278849406,True,Crítica
2025-11-26 05:30:00,Pump_2,189310002,1.703,1.589,1.512,0.1542755423286678,True,Crítica
2025-11-26 06:00:00,Pump_2,189310002,1.702,1.605,1.527,0.154057008986603,True,Crítica
2025-11-26 06:30:00,Pump_2,189310002,1.71,1.587,1.525,0.15401227988381888,True,Crítica
2025-11-26 07:00:00,Pump_2,189310002,1.704,1.588,1.528,0.15392701221762273,True,Crítica
2025-11-26 07:30:00,Pump_2,189310002,1.7,1.595,1.512,0.15375794043891877,True,Crítica
2025-11-26 08:00:00,Pump_2,189310002,1.704,1.593,1.52,0.1534901253901209,True,Crítica
2025-11-26 08:30:00,Pump_2,189310002,1.708,1.598,1.516,0.15335071482953705,True,Crítica
2025-11-26 09:00:00,Pump_2,189310002,1.71,1.593,1.517,0.1533020009788803,True,Crítica
2025-11-26 09:30:00,Pump_2,189310002,1.698,1.607,1.509,0.15316163347843836,True,Crítica
2025-11-26 10:00:00,Pump_2,189310002,1.703,1.6,1.524,0.15295817451677834,True,Crítica
2025-11-26 10:30:00,Pump_2,189310002,2.243,1.612,1.52,0.15281457155518025,True,Crítica
2025-11-26 11:00:00,Pump_2,189310002,1.7,1.613,1.516,0.15664522404283293,True,Crítica
2025-11-26 11:30:00,Pump_2,189310002,1.703,1.605,1.508,0.15660391840446228,True,Crítica
2025-11-26 12:00:00,Pump_2,189310002,1.697,1.615,1.506,0.15653174981429752,True,Crítica
2025-11-26 12:30:00,Pump_2,189310002,1.706,1.604,1.511,0.15643615667789662,True,Crítica
2025-11-26 13:00:00,Pump_2,189310002,1.708,1.606,1.507,0.15620095156714178,True,Crítica
2025-11-26 13:30:00,Pump_2,189310002,1.692,1.601,1.503,0.15608178790603353,True,Crítica
2025-11-26 14:00:00,Pump_2,189310002,1.696,1.609,1.506,0.1558293902566624,True,Crítica
2025-11-26 14:30:00,Pump_2,189310002,1.709,1.605,1.512,0.15569344243188835,True,Crítica
2025-11-26 15:00:00,Pump_2,189310002,1.706,1.614,1.498,0.15574729421064365,True,Crítica
2025-11-26 15:30:00,Pump_2,189310002,1.694,1.621,1.502,0.15578192122347026,True,Crítica
2025-11-26 16:00:00,Pump_2,189310002,1.703,1.616,1.506,0.15572531163808975,True,Crítica
2025-11-26 16:30:00,Pump_2,189310002,1.697,1.622,1.501,0.1556778559818346,True,Crítica
2025-11-26 17:00:00,Pump_2,189310002,1.708,1.621,1.498,0.1556682272019162,True,Crítica
2025-11-26 17:30:00,Pump_2,189310002,1.706,1.618,2.092,0.15569632732194105,True,Crítica
2025-11-26 18:00:00,Pump_2,189310002,1.697,1.62,1.511,0.16055646108974386,True,Crítica
2025-11-26 18:30:00,Pump_2,189310002,1.69,1.626,1.503,0.1604884951948076,True,Crítica
2025-11-26 19:00:00,Pump_2,189310002,1.702,1.625,1.503,0.16042951351700835,True,Crítica
2025-11-26 19:30:00,Pump_2,189310002,1.69,1.62,1.503,0.16046036885570705,True,Crítica
2025-11-26 20:00:00,Pump_2,189310002,1.702,1.611,1.497,0.16049287394390233,True,Crítica
2025-11-26 20:30:00,Pump_2,189310002,1.704,1.625,1.495,0.16040791296363416,True,Crítica
2025-11-26 21:00:00,Pump_2,189310002,1.702,1.626,1.501,0.1603995615379795,True,Crítica
2025-11-26 21:30:00,Pump_2,189310002,1.695,1.625,1.502,0.16043716742775965,True,Crítica
2025-11-26 22:00:00,Pump_2,189310002,1.705,2.205,1.504,0.1604902818604919,True,Crítica
2025-11-26 22:30:00,Pump_2,189310002,1.7,1.626,1.501,0.1648692930465844,True,Crítica
2025-11-26 23:00:00,Pump_2,189310002,1.695,1.629,1.491,0.16100318920164178,True,Crítica
2025-11-26 23:30:00,Pump_2,189310002,1.702,1.616,1.492,0.16087865789668276,True,Crítica
2025-11-27 00:00:00,Pump_2,189310002,1.702,1.634,1.488,0.16081161694239046,True,Crítica
2025-11-27 00:30:00,Pump_2,189310002,1.689,1.632,1.486,0.1608412484941693,True,Crítica
2025-11-27 01:00:00,Pump_2,189310002,1.701,1.628,1.502,0.16070240059009133,True,Crítica
2025-11-27 01:30:00,Pump_2,189310002,1.693,1.629,1.501,0.1607554197834239,True,Crítica
2025-11-27 02:00:00,Pump_2,189310002,1.688,1.628,1.495,0.16092699653622836,True,Crítica
2025-11-27 02:30:00,Pump_2,189310002,1.693,1.624,1.5,0.1609020397579497,True,Crítica
2025-11-27 03:00:00,Pump_2,189310002,1.7,1.64,1.487,0.16080757053186623,True,Crítica
2025-11-27 03:30:00,Pump_2,189310002,1.685,1.631,1.488,0.16087682141444448,True,Crítica
2025-11-27 04:00:00,Pump_2,189310002,1.696,1.624,1.492,0.1607869144340974,True,Crítica
2025-11-27 04:30:00,Pump_2,189310002,1.7,1.635,1.497,0.160690830214997,True,Crítica
2025-11-27 05:00:00,Pump_2,189310002,1.686,1.627,1.497,0.16078901667199494,True,Crítica
2025-11-27 05:30:00,Pump_2,189310002,1.684,1.644,1.492,0.16066311157531946,True,Crítica
2025-11-27 06:00:00,Pump_2,189310002,1.691,1.631,1.486,0.15528314604439153,True,Crítica
2025-11-27 06:30:00,Pump_2,189310002,1.686,1.641,1.485,0.15502389513062953,True,Crítica
2025-11-27 07:00:00,Pump_2,189310002,1.698,1.636,1.489,0.15487458479409863,True,Crítica
2025-11-27 07:30:00,Pump_2,189310002,1.687,1.646,1.478,0.15473267204028446,True,Crítica
2025-11-27 08:00:00,Pump_2,189310002,1.691,1.636,1.49,0.15462699374787275,True,Crítica
2025-11-27 08:30:00,Pump_2,189310002,1.688,1.639,1.493,0.15461849894936514,True,Crítica
2025-11-27 09:00:00,Pump_2,189310002,1.692,1.649,1.475,0.1545758384445549,True,Crítica
2025-11-27 09:30:00,Pump_2,189310002,1.698,1.644,1.485,0.1544773016099903,True,Crítica
2025-11-27 10:00:00,Pump_2,189310002,1.68,1.646,1.473,0.15454086949851947,True,Crítica
2025-11-27 10:30:00,Pump_2,189310002,1.689,1.647,1.486,0.15062537817931398,True,Crítica
2025-11-27 11:00:00,Pump_2,189310002,1.692,1.637,1.474,0.1505687008961695,True,Crítica
2025-11-27 11:30:00,Pump_2,189310002,1.68,1.648,1.474,0.15046677122716565,True,Crítica
2025-11-27 12:00:00,Pump_2,189310002,1.691,1.65,1.473,0.15038446380748194,True,Crítica
2025-11-27 12:30:00,Pump_2,189310002,1.685,1.639,1.475,0.1503115439374515,True,Crítica
2025-11-27 13:00:00,Pump_2,189310002,1.686,1.65,1.47,0.15024812500222218,True,Crítica
2025-11-27 13:30:00,Pump_2,189310002,1.676,1.649,1.468,0.150030927848631,True,Crítica
2025-11-27 14:00:00,Pump_2,189310002,1.683,1.65,1.483,0.149773205100854,True,Crítica
2025-11-27 14:30:00,Pump_2,189310002,1.687,1.658,1.47,0.14978639476621267,True,Crítica
2025-11-27 15:00:00,Pump_2,189310002,1.685,1.65,1.475,0.1497289627547784,True,Crítica
2025-11-27 15:30:00,Pump_2,189310002,1.687,1.643,1.471,0.14960095147178049,True,Crítica
2025-11-27 16:00:00,Pump_2,189310002,1.689,1.661,1.468,0.14955342905661173,True,Crítica
2025-11-27 16:30:00,Pump_2,189310002,1.68,1.657,1.465,0.14956213329863705,True,Crítica
2025-11-27 17:00:00,Pump_2,189310002,1.687,1.659,1.467,0.14930732788944623,True,Crítica
2025-11-27 17:30:00,Pump_2,189310002,1.673,1.647,1.468,0.14928129460900902,True,Crítica
2025-11-27 18:00:00,Pump_2,189310002,2.096,1.661,1.463,0.1490201209077041,True,Crítica
2025-11-27 18:30:00,Pump_2,189310002,1.675,1.664,1.477,0.15199195665883616,True,Crítica
2025-11-27 19:00:00,Pump_2,189310002,1.69,1.65,1.466,0.1520153243692787,True,Crítica
2025-11-27 19:30:00,Pump_2,189310002,1.678,1.668,1.475,0.15185796012671549,True,Crítica
2025-11-27 20:00:00,Pump_2,189310002,1.679,1.664,1.459,0.1519298345415424,True,Crítica
2025-11-27 20:30:00,Pump_2,189310002,1.675,1.653,1.464,0.15177647250492113,True,Crítica
2025-11-27 21:00:00,Pump_2,189310002,1.682,1.671,1.459,0.1515242102270503,True,Crítica
2025-11-27 21:30:00,Pump_2,189310002,1.676,1.667,1.471,0.15148378407177554,True,Crítica
2025-11-27 22:00:00,Pump_2,189310002,1.675,1.663,1.466,0.15136306194921792,True,Crítica
2025-11-27 22:30:00,Pump_2,189310002,1.677,1.66,1.455,0.15138221764702234,True,Crítica
2025-11-27 23:00:00,Pump_2,189310002,1.675,1.66,1.456,0.15111679294761549,True,Crítica
2025-11-27 23:30:00,Pump_2,189310002,1.669,1.672,1.461,0.15099156716473894,True,Crítica
2025-11-28 00:00:00,Pump_2,189310002,1.676,1.66,1.467,0.15096668637533192,True,Crítica
2025-11-28 00:30:00,Pump_2,189310002,1.686,1.673,1.457,0.1508678339632349,True,Crítica
2025-11-28 01:00:00,Pump_2,189310002,1.676,1.658,1.453,0.15095526493598796,True,Crítica
2025-11-28 01:30:00,Pump_2,189310002,1.672,1.66,1.463,0.15079383314863848,True,Crítica
2025-11-28 02:00:00,Pump_2,189310002,1.682,1.679,1.451,0.15079495383055422,True,Crítica
2025-11-28 02:30:00,Pump_2,189310002,1.671,1.663,1.453,0.150728936778405,True,Crítica
2025-11-28 03:00:00,Pump_2,189310002,1.682,1.677,1.462,0.1505134341949088,True,Crítica
2025-11-28 03:30:00,Pump_2,189310002,1.684,1.673,1.455,0.15057505070183172,True,Crítica
2025-11-28 04:00:00,Pump_2,189310002,1.666,1.677,1.451,0.15062876608697248,True,Crítica
2025-11-28 04:30:00,Pump_2,189310002,1.684,1.679,1.459,0.1504433170771013,True,Crítica
2025-11-28 05:00:00,Pump_2,189310002,1.68,1.684,1.45,0.1505800189819529,True,Crítica
2025-11-28 05:30:00,Pump_2,189310002,1.666,1.672,1.46,0.1505696355221529,True,Crítica
2025-11-28 06:00:00,Pump_2,189310002,1.664,1.679,1.465,0.15061317903767052,True,Crítica
2025-11-28 06:30:00,Pump_2,189310002,1.68,1.672,1.464,0.14768900455775122,True,Crítica
2025-11-28 07:00:00,Pump_2,189310002,1.665,1.687,1.466,0.14766619764866562,True,Crítica
2025-11-28 07:30:00,Pump_2,189310002,1.672,1.685,1.467,0.1477433154734768,True,Crítica
2025-11-28 08:00:00,Pump_2,189310002,1.664,1.673,1.457,0.14775305109337383,True,Crítica
2025-11-28 08:30:00,Pump_2,189310002,1.673,1.69,1.464,0.147692710412414,True,Crítica
2025-11-28 09:00:00,Pump_2,189310002,1.668,1.68,1.453,0.14793571653784093,True,Crítica
2025-11-28 09:30:00,Pump_2,189310002,1.664,1.675,1.457,0.1478576393020981,True,Crítica
2025-11-28 10:00:00,Pump_2,189310002,1.665,1.681,1.461,0.14770390145422324,True,Crítica
2025-11-28 10:30:00,Pump_2,189310002,1.674,1.674,1.452,0.14770916254072317,True,Crítica
2025-11-28 11:00:00,Pump_2,189310002,1.668,1.684,1.468,0.14775650938025733,True,Crítica
2025-11-28 11:30:00,Pump_2,189310002,1.671,1.674,1.461,0.14796808052344051,True,Crítica
2025-11-28 12:00:00,Pump_2,189310002,1.674,1.686,1.463,0.1479894112507673,True,Crítica
2025-11-28 12:30:00,Pump_2,189310002,1.671,1.677,1.461,0.14811127743868852,True,Crítica
2025-11-28 13:00:00,Pump_2,189310002,1.662,1.68,1.463,0.14806016334866345,True,Crítica
2025-11-28 13:30:00,Pump_2,189310002,1.666,1.693,1.453,0.1481836693304111,True,Crítica
2025-11-28 14:00:00,Pump_2,189310002,1.671,1.693,1.465,0.14828163538468833,True,Crítica
2025-11-28 14:30:00,Pump_2,189310002,1.66,1.69,1.465,0.14842525033550938,True,Crítica
2025-11-28 15:00:00,Pump_2,189310002,1.671,1.693,1.467,0.14862923582032644,True,Crítica
2025-11-28 15:30:00,Pump_2,189310002,1.658,1.699,1.457,0.14870491732948693,True,Crítica
2025-11-28 16:00:00,Pump_2,189310002,1.653,1.685,1.467,0.14872488352350774,True,Crítica
2025-11-28 16:30:00,Pump_2,189310002,1.663,1.687,1.473,0.1488205648158146,True,Crítica
2025-11-28 17:00:00,Pump_2,189310002,1.665,1.686,1.455,0.1488418612928918,True,Crítica
2025-11-28 17:30:00,Pump_2,189310002,1.655,1.69,1.456,0.14880231784491127,True,Crítica
2025-11-28 18:00:00,Pump_2,189310002,1.649,1.696,1.458,0.14881572173092655,True,Crítica
2025-11-28 18:30:00,Pump_2,189310002,1.648,1.703,1.459,0.14877130783068931,True,Crítica
2025-11-28 19:00:00,Pump_2,189310002,1.654,1.703,1.463,0.14872106912986396,True,Crítica
2025-11-28 19:30:00,Pump_2,189310002,1.65,1.691,1.464,0.14873778427541096,True,Crítica
2025-11-28 20:00:00,Pump_2,189310002,1.661,1.689,1.473,0.14859580558958982,True,Crítica
2025-11-28 20:30:00,Pump_2,189310002,1.657,1.694,1.474,0.1488123026192238,True,Crítica
2025-11-28 21:00:00,Pump_2,189310002,1.659,1.699,1.458,0.14880948260180785,True,Crítica
2025-11-28 21:30:00,Pump_2,189310002,1.656,1.702,1.466,0.1489260864525644,True,Crítica
2025-11-28 22:00:00,Pump_2,189310002,1.645,1.691,1.469,0.14913170235839426,True,Crítica
2025-11-28 22:30:00,Pump_2,189310002,1.661,1.69,1.46,0.14911602530349521,True,Crítica
2025-11-28 23:00:00,Pump_2,189310002,1.656,1.692,1.475,0.14919775914087216,True,Crítica
2025-11-28 23:30:00,Pump_2,189310002,1.658,1.696,1.469,0.14921395502783635,True,Crítica
2025-11-29 00:00:00,Pump_2,189310002,1.641,1.707,1.472,0.14933131031090038,True,Crítica
2025-11-29 00:30:00,Pump_2,189310002,1.652,1.694,1.479,0.14931554833776142,True,Crítica
2025-11-29 01:00:00,Pump_2,189310002,1.648,1.703,1.465,0.14943514884321862,True,Crítica
2025-11-29 01:30:00,Pump_2,189310002,1.639,1.704,1.468,0.14950924414355787,True,Crítica
2025-11-29 02:00:00,Pump_2,189310002,1.638,1.696,1.469,0.14952644574317336,True,Crítica
2025-11-29 02:30:00,Pump_2,189310002,1.642,2.04,1.474,0.14934203912440652,True,Crítica
2025-11-29 03:00:00,Pump_2,189310002,1.636,1.706,1.462,0.15191300240919958,True,Crítica
2025-11-29 03:30:00,Pump_2,189310002,1.654,1.697,1.463,0.1517119058858826,True,Crítica
2025-11-29 04:00:00,Pump_2,189310002,1.645,1.703,1.463,0.15172139062413523,True,Crítica
2025-11-29 04:30:00,Pump_2,189310002,1.635,1.717,1.479,0.15174577530079822,True,Crítica
2025-11-29 05:00:00,Pump_2,189310002,1.651,1.716,1.474,0.15179328968613057,True,Crítica
2025-11-29 05:30:00,Pump_2,189310002,1.648,1.715,1.48,0.1520617356415888,True,Crítica
2025-11-29 06:00:00,Pump_2,189310002,1.633,1.705,1.479,0.15238574047564457,True,Crítica
2025-11-29 06:30:00,Pump_2,189310002,1.644,1.718,1.48,0.15250276076101626,True,Crítica
2025-11-29 07:00:00,Pump_2,189310002,1.635,1.705,1.485,0.15275705026960387,True,Crítica
2025-11-29 07:30:00,Pump_2,189310002,1.646,1.721,1.483,0.15280700219062934,True,Crítica
2025-11-29 08:00:00,Pump_2,189310002,1.643,1.719,1.469,0.1531347866421925,True,Crítica
2025-11-29 08:30:00,Pump_2,189310002,1.639,1.722,1.481,0.15316561692207406,True,Crítica
2025-11-29 09:00:00,Pump_2,189310002,1.644,1.716,1.472,0.15326826094369383,True,Crítica
2025-11-29 09:30:00,Pump_2,189310002,1.636,1.708,1.483,0.15337944254985805,True,Crítica
2025-11-29 10:00:00,Pump_2,189310002,1.635,1.713,1.481,0.15338460236364482,True,Crítica
2025-11-29 10:30:00,Pump_2,189310002,1.638,1.726,1.482,0.15352049869967802,True,Crítica
2025-11-29 11:00:00,Pump_2,189310002,1.629,1.718,1.468,0.15375365711682865,True,Crítica
2025-11-29 11:30:00,Pump_2,189310002,1.626,1.724,1.47,0.15363770232327115,True,Crítica
2025-11-29 12:00:00,Pump_2,189310002,1.636,1.724,1.479,0.1535763830393795,True,Crítica
2025-11-29 12:30:00,Pump_2,189310002,1.641,1.711,1.486,0.15368754324066247,True,Crítica
2025-11-29 13:00:00,Pump_2,189310002,1.642,1.717,1.472,0.1537485894279435,True,Crítica
2025-11-29 13:30:00,Pump_2,189310002,1.631,1.722,1.482,0.15385635540704642,True,Crítica
2025-11-29 14:00:00,Pump_2,189310002,1.632,1.73,1.485,0.15404681369897127,True,Crítica
2025-11-29 14:30:00,Pump_2,189310002,1.622,1.732,1.487,0.15439431631195275,True,Crítica
2025-11-29 15:00:00,Pump_2,189310002,1.622,1.72,1.481,0.1523871024066946,True,Crítica
2025-11-29 15:30:00,Pump_2,189310002,1.628,1.731,1.473,0.1525402638385117,True,Crítica
2025-11-29 16:00:00,Pump_2,189310002,1.628,1.718,1.49,0.15268070178400608,True,Crítica
2025-11-29 16:30:00,Pump_2,189310002,1.619,1.725,1.485,0.15288599700516547,True,Crítica
2025-11-29 17:00:00,Pump_2,189310002,1.635,1.731,1.48,0.15287653439719998,True,Crítica
2025-11-29 17:30:00,Pump_2,189310002,1.636,1.727,1.473,0.152926749402653,True,Crítica
2025-11-29 18:00:00,Pump_2,189310002,1.628,1.72,1.485,0.15287180283432622,True,Crítica
2025-11-29 18:30:00,Pump_2,189310002,1.626,1.733,1.487,0.15298029044780806,True,Crítica
2025-11-29 19:00:00,Pump_2,189310002,1.634,1.722,1.492,0.1530172986552055,True,Crítica
2025-11-29 19:30:00,Pump_2,189310002,1.624,1.733,1.494,0.15317231694857508,True,Crítica
2025-11-29 20:00:00,Pump_2,189310002,1.626,1.737,1.489,0.15319018631731665,True,Crítica
2025-11-29 20:30:00,Pump_2,189310002,1.625,1.729,1.482,0.15337030542511634,True,Crítica
2025-11-29 21:00:00,Pump_2,189310002,1.621,1.733,1.48,0.15332822575579755,True,Crítica
2025-11-29 21:30:00,Pump_2,189310002,1.629,1.729,1.495,0.15335393733194597,True,Crítica
2025-11-29 22:00:00,Pump_2,189310002,1.62,1.741,1.481,0.15353799792419073,True,Crítica
2025-11-29 22:30:00,Pump_2,189310002,1.626,1.742,1.477,0.15362742129746665,True,Crítica
2025-11-29 23:00:00,Pump_2,189310002,1.611,1.742,1.478,0.1536212841084178,True,Crítica
2025-11-29 23:30:00,Pump_2,189310002,1.619,1.742,1.493,0.15375254279505296,True,Crítica
2025-11-30 00:00:00,Pump_2,189310002,1.623,1.743,1.478,0.1540262895175349,True,Crítica
2025-11-30 00:30:00,Pump_2,189310002,1.614,1.746,1.492,0.15406614366442492,True,Crítica
2025-11-30 01:00:00,Pump_2,189310002,1.608,1.744,1.494,0.15416248074270056,True,Crítica
2025-11-30 01:30:00,Pump_2,189310002,1.614,1.733,1.486,0.15429555894470756,True,Crítica
2025-11-30 02:00:00,Pump_2,189310002,1.618,1.741,1.494,0.15428203571810173,True,Crítica
2025-11-30 02:30:00,Pump_2,189310002,1.62,1.731,1.481,0.15433612192814852,True,Crítica
2025-11-30 03:00:00,Pump_2,189310002,1.62,1.735,1.489,0.15426325979074137,True,Crítica
2025-11-30 03:30:00,Pump_2,189310002,1.617,1.748,1.498,0.15441493229100886,True,Crítica
2025-11-30 04:00:00,Pump_2,189310002,1.623,1.746,1.482,0.1546717467964419,True,Crítica
2025-11-30 04:30:00,Pump_2,189310002,1.609,1.751,1.489,0.15476165820012963,True,Crítica
2025-11-30 05:00:00,Pump_2,189310002,1.616,1.74,1.486,0.15490494677723088,True,Crítica
2025-11-30 05:30:00,Pump_2,189310002,1.611,1.751,1.485,0.1548849536234912,True,Crítica
2025-11-30 06:00:00,Pump_2,189310002,1.605,1.743,1.485,0.15498411694185654,True,Crítica
2025-11-30 06:30:00,Pump_2,189310002,1.603,1.754,1.498,0.15497383996480557,True,Crítica
2025-11-30 07:00:00,Pump_2,189310002,1.611,1.749,1.499,0.15504660972150608,True,Crítica
2025-11-30 07:30:00,Pump_2,189310002,1.603,1.742,1.486,0.15511794298514672,True,Crítica
2025-11-30 08:00:00,Pump_2,189310002,1.609,1.744,1.483,0.15495406122259528,True,Crítica
2025-11-30 08:30:00,Pump_2,189310002,1.614,1.737,1.487,0.15482802782304983,True,Crítica
2025-11-30 09:00:00,Pump_2,189310002,1.603,1.753,1.493,0.15483873362947667,True,Crítica
2025-11-30 09:30:00,Pump_2,189310002,1.605,1.746,1.483,0.1549582670542486,True,Crítica
2025-11-30 10:00:00,Pump_2,189310002,1.607,2.007,1.484,0.15479748239765623,True,Crítica
2025-11-30 10:30:00,Pump_2,189310002,1.604,1.751,1.495,0.15673548143972157,True,Crítica
2025-11-30 11:00:00,Pump_2,189310002,1.606,1.751,1.489,0.15679841003790912,True,Crítica
2025-11-30 11:30:00,Pump_2,189310002,1.605,1.755,1.497,0.15692405704075169,True,Crítica
2025-11-30 12:00:00,Pump_2,189310002,1.611,1.746,1.491,0.1569467478629277,True,Crítica
2025-11-30 12:30:00,Pump_2,189310002,1.611,1.754,1.489,0.1569947878199921,True,Crítica
2025-11-30 13:00:00,Pump_2,189310002,1.617,1.748,1.493,0.1570039800164362,True,Crítica
2025-11-30 13:30:00,Pump_2,189310002,1.597,1.743,1.493,0.15707775809974814,True,Crítica
2025-11-30 14:00:00,Pump_2,189310002,1.604,1.754,1.48,0.1570666372637809,True,Crítica
2025-11-30 14:30:00,Pump_2,189310002,1.598,1.742,1.493,0.15693224814931783,True,Crítica
2025-11-30 15:00:00,Pump_2,189310002,1.599,1.748,1.496,0.1569331713754588,True,Crítica
2025-11-30 15:30:00,Pump_2,189310002,1.615,1.738,1.487,0.15691283651534382,True,Crítica
2025-11-30 16:00:00,Pump_2,189310002,1.597,1.74,1.482,0.1567162318138982,True,Crítica
2025-11-30 16:30:00,Pump_2,189310002,1.596,1.752,1.493,0.15647415916060872,True,Crítica
2025-11-30 17:00:00,Pump_2,189310002,1.615,1.742,1.486,0.15640305207320837,True,Crítica
2025-11-30 17:30:00,Pump_2,189310002,1.61,1.739,1.478,0.15638518086627093,True,Crítica
2025-11-30 18:00:00,Pump_2,189310002,1.613,1.738,1.475,0.15621295875790464,True,Crítica
2025-11-30 18:30:00,Pump_2,189310002,1.609,1.737,1.491,0.15612213203032377,True,Crítica
2025-11-30 19:00:00,Pump_2,189310002,1.61,1.737,1.476,0.1559473177525814,True,Crítica
2025-11-30 19:30:00,Pump_2,189310002,1.603,1.753,1.482,0.15562792021598745,True,Crítica
2025-11-30 20:00:00,Pump_2,189310002,1.6,1.741,1.484,0.15564834818679507,True,Crítica
2025-11-30 20:30:00,Pump_2,189310002,1.611,1.738,1.492,0.1555530461026494,True,Crítica
2025-11-30 21:00:00,Pump_2,189310002,1.596,1.74,1.49,0.15556733767431188,True,Crítica
2025-11-30 21:30:00,Pump_2,189310002,1.612,1.738,1.486,0.15540386992495614,True,Crítica
2025-11-30 22:00:00,Pump_2,189310002,1.594,1.75,1.487,0.15544338614856723,True,Crítica
2025-11-30 22:30:00,Pump_2,189310002,1.594,1.748,1.473,0.153720757667805,True,Crítica
2025-11-30 23:00:00,Pump_2,189310002,1.592,1.746,1.486,0.15345129431003215,True,Crítica
2025-11-30 23:30:00,Pump_2,189310002,1.611,1.75,1.485,0.15329601712345545,True,Crítica
2025-12-01 00:00:00,Pump_2,189310002,1.593,1.742,1.49,0.1532108825184386,True,Crítica
2025-12-01 00:30:00,Pump_2,189310002,1.597,1.754,1.482,0.15304470539890663,True,Crítica
2025-12-01 01:00:00,Pump_2,189310002,1.594,1.742,1.48,0.15289973227993772,True,Crítica
2025-12-01 01:30:00,Pump_2,189310002,1.608,1.74,1.473,0.15258793482092825,True,Crítica
2025-12-01 02:00:00,Pump_2,189310002,1.597,1.755,1.481,0.15247905358023195,True,Crítica
2025-12-01 02:30:00,Pump_2,189310002,1.606,1.755,1.471,0.15246246887603443,True,Crítica
2025-12-01 03:00:00,Pump_2,189310002,1.601,1.75,1.483,0.15243475048956856,True,Crítica
2025-12-01 03:30:00,Pump_2,189310002,1.609,1.74,1.484,0.15235544366174636,True,Crítica
2025-12-01 04:00:00,Pump_2,189310002,1.593,1.754,1.474,0.15229989311378678,True,Crítica
2025-12-01 04:30:00,Pump_2,189310002,1.608,1.741,1.479,0.15230992118374706,True,Crítica
2025-12-01 05:00:00,Pump_2,189310002,1.591,1.736,1.482,0.15220090265880368,True,Crítica
2025-12-01 05:30:00,Pump_2,189310002,1.591,1.738,1.467,0.1519477140783042,True,Crítica
2025-12-01 06:00:00,Pump_2,189310002,1.606,1.744,1.481,0.15171442374698213,True,Crítica
2025-12-01 06:30:00,Pump_2,189310002,1.601,1.75,1.469,0.15176023972641,True,Crítica
2025-12-01 07:00:00,Pump_2,189310002,1.591,1.743,1.484,0.15161080020712103,True,Crítica
2025-12-01 07:30:00,Pump_2,189310002,1.592,1.754,1.484,0.15158246208253623,True,Crítica
2025-12-01 08:00:00,Pump_2,189310002,1.598,1.747,1.471,0.15153443826397933,True,Crítica
2025-12-01 08:30:00,Pump_2,189310002,1.588,1.74,1.478,0.15145305331120515,True,Crítica
2025-12-01 09:00:00,Pump_2,189310002,1.602,1.743,1.481,0.15117323490143564,True,Crítica
2025-12-01 09:30:00,Pump_2,189310002,1.601,1.743,1.466,0.15115083906027443,True,Crítica
2025-12-01 10:00:00,Pump_2,189310002,1.588,1.739,1.471,0.15093895280918213,True,Crítica
2025-12-01 10:30:00,Pump_2,189310002,1.596,1.742,1.469,0.15068072121584317,True,Crítica
2025-12-01 11:00:00,Pump_2,189310002,1.598,1.744,1.465,0.15062472028773732,True,Crítica
2025-12-01 11:30:00,Pump_2,189310002,1.586,1.747,1.469,0.1504778361216238,True,Crítica
2025-12-01 12:00:00,Pump_2,189310002,1.59,1.75,1.467,0.1501481960650482,True,Crítica
2025-12-01 12:30:00,Pump_2,189310002,1.593,1.747,1.474,0.14998705933359607,True,Crítica
2025-12-01 13:00:00,Pump_2,189310002,1.604,1.752,1.463,0.14984634855703893,True,Crítica
2025-12-01 13:30:00,Pump_2,189310002,1.586,1.737,1.462,0.14985286838793513,True,Crítica
2025-12-01 14:00:00,Pump_2,189310002,1.591,1.754,1.476,0.14958666378719332,True,Crítica
2025-12-01 14:30:00,Pump_2,189310002,1.598,1.742,1.467,0.14950511246935838,True,Crítica
2025-12-01 15:00:00,Pump_2,189310002,1.592,1.743,1.465,0.14933745991672803,True,Crítica
2025-12-01 15:30:00,Pump_2,189310002,1.588,1.746,1.465,0.14907703364219474,True,Crítica
2025-12-01 16:00:00,Pump_2,189310002,1.59,1.738,1.478,0.14880942201297,True,Crítica
2025-12-01 16:30:00,Pump_2,189310002,1.601,1.738,1.464,0.14870815959802236,True,Crítica
2025-12-01 17:00:00,Pump_2,189310002,1.586,1.754,1.472,0.14850984573379922,True,Crítica
2025-12-01 17:30:00,Pump_2,189310002,1.587,1.738,1.468,0.14851155549089765,True,Crítica
2025-12-01 18:00:00,Pump_2,189310002,1.584,1.744,1.461,0.14848934599021332,True,Crítica
2025-12-01 18:30:00,Pump_2,189310002,1.582,1.74,1.458,0.1481672289443514,True,Crítica
2025-12-01 19:00:00,Pump_2,189310002,1.59,1.755,1.461,0.14787844677288475,True,Crítica
2025-12-01 19:30:00,Pump_2,189310002,1.586,1.755,1.472,0.14776584594722492,True,Crítica
2025-12-01 20:00:00,Pump_2,189310002,1.581,1.752,1.463,0.14763156140326064,True,Crítica
2025-12-01 20:30:00,Pump_2,189310002,1.582,1.748,1.463,0.1474834370316371,True,Crítica
2025-12-01 21:00:00,Pump_2,189310002,1.596,1.737,1.466,0.14736428567224347,True,Crítica
2025-12-01 21:30:00,Pump_2,189310002,1.594,1.747,1.462,0.14714372091193256,True,Crítica
2025-12-01 22:00:00,Pump_2,189310002,1.594,1.738,1.471,0.14709218016884965,True,Crítica
2025-12-01 22:30:00,Pump_2,189310002,1.595,1.756,1.459,0.14711772723642821,True,Crítica
2025-12-01 23:00:00,Pump_2,189310002,1.592,1.756,1.468,0.14713344929291028,True,Crítica
2025-12-01 23:30:00,Pump_2,189310002,1.593,1.742,1.464,0.1472089242518267,True,Crítica
2025-12-02 00:00:00,Pump_2,189310002,1.58,1.75,1.456,0.1471831432978492,True,Crítica
2025-12-02 00:30:00,Pump_2,189310002,1.589,1.75,1.472,0.14702915192177038,True,Crítica
2025-12-02 01:00:00,Pump_2,189310002,1.596,1.745,1.454,0.14700474927188345,True,Crítica
2025-12-02 01:30:00,Pump_2,189310002,1.579,1.741,1.465,0.14683751573304737,True,Crítica
2025-12-02 02:00:00,Pump_2,189310002,1.593,1.746,1.462,0.14683636025270047,True,Crítica
2025-12-02 02:30:00,Pump_2,189310002,1.598,1.756,1.46,0.14667922681340573,True,Crítica
2025-12-02 03:00:00,Pump_2,189310002,1.589,1.75,1.464,0.1467259402375791,True,Crítica
2025-12-02 03:30:00,Pump_2,189310002,1.594,1.755,1.469,0.14674601555335118,True,Crítica
2025-12-02 04:00:00,Pump_2,189310002,1.59,1.749,1.468,0.14688701289971784,True,Crítica
2025-12-02 04:30:00,Pump_2,189310002,1.586,1.738,1.462,0.14686724023917996,True,Crítica
2025-12-02 05:00:00,Pump_2,189310002,1.578,1.75,1.466,0.14673516628021657,True,Crítica
2025-12-02 05:30:00,Pump_2,189310002,1.58,1.741,1.457,0.1465955060993186,True,Crítica
2025-12-02 06:00:00,Pump_2,189310002,1.584,1.746,1.457,0.14646352372486093,True,Crítica
2025-12-02 06:30:00,Pump_2,189310002,1.581,1.737,1.461,0.14644354065849446,True,Crítica
2025-12-02 07:00:00,Pump_2,189310002,1.592,1.737,1.465,0.14643415109344649,True,Crítica
2025-12-02 07:30:00,Pump_2,189310002,1.578,1.739,1.457,0.14635700247961586,True,Crítica
2025-12-02 08:00:00,Pump_2,189310002,1.576,1.755,1.449,0.14605801151998923,True,Crítica
2025-12-02 08:30:00,Pump_2,189310002,1.579,1.739,1.464,0.14593392347635029,True,Crítica
2025-12-02 09:00:00,Pump_2,189310002,1.585,1.742,1.447,0.1458497578878817,True,Crítica
2025-12-02 09:30:00,Pump_2,189310002,1.591,1.752,1.456,0.14564394354769036,True,Crítica
2025-12-02 10:00:00,Pump_2,189310002,1.591,1.743,1.464,0.14561433684476371,True,Crítica
2025-12-02 10:30:00,Pump_2,189310002,1.581,1.748,1.449,0.14556085134330943,True,Crítica
2025-12-02 11:00:00,Pump_2,189310002,1.581,1.752,1.452,0.1453345908261677,True,Crítica
2025-12-02 11:30:00,Pump_2,189310002,1.576,1.748,1.464,0.14510265803689976,True,Crítica
2025-12-02 12:00:00,Pump_2,189310002,2.188,1.76,1.452,0.14502023525241783,True,Crítica
2025-12-02 12:30:00,Pump_2,189310002,1.585,1.751,1.462,0.14950346655657434,True,Crítica
2025-12-02 13:00:00,Pump_2,189310002,1.581,1.753,1.458,0.149406005386459,True,Crítica
2025-12-02 13:30:00,Pump_2,189310002,1.587,1.757,1.464,0.14939707856197457,True,Crítica
2025-12-02 14:00:00,Pump_2,189310002,1.576,1.745,1.464,0.1495564365644645,True,Crítica
2025-12-02 14:30:00,Pump_2,189310002,1.592,1.753,1.461,0.1494416427477231,True,Crítica
2025-12-02 15:00:00,Pump_2,189310002,1.574,1.747,1.461,0.1493959949345768,True,Crítica
2025-12-02 15:30:00,Pump_2,189310002,1.579,1.758,1.451,0.14923815582850475,True,Crítica
2025-12-02 16:00:00,Pump_2,189310002,1.575,1.767,1.466,0.14900375283761658,True,Crítica
2025-12-02 16:30:00,Pump_2,189310002,1.587,1.752,1.451,0.14899968465207938,True,Crítica
2025-12-02 17:00:00,Pump_2,189310002,1.591,1.751,1.451,0.14899949249843278,True,Crítica
2025-12-02 17:30:00,Pump_2,189310002,1.581,1.762,1.449,0.14895944512285858,True,Crítica
2025-12-02 18:00:00,Pump_2,189310002,1.581,1.77,1.46,0.14903526711333834,True,Crítica
2025-12-02 18:30:00,Pump_2,189310002,1.585,1.765,1.453,0.14919688972672432,True,Crítica
2025-12-02 19:00:00,Pump_2,189310002,1.582,1.752,1.462,0.1493386654935444,True,Crítica
2025-12-02 19:30:00,Pump_2,189310002,1.583,1.771,1.449,0.1493223733854855,True,Crítica
2025-12-02 20:00:00,Pump_2,189310002,1.579,1.769,1.45,0.14951264660456104,True,Crítica
2025-12-02 20:30:00,Pump_2,189310002,1.577,1.77,1.454,0.14965029960774862,True,Crítica
2025-12-02 21:00:00,Pump_2,189310002,1.584,1.762,1.466,0.14976778290996529,True,Crítica
2025-12-02 21:30:00,Pump_2,189310002,1.581,1.758,1.468,0.15006145659603412,True,Crítica
2025-12-02 22:00:00,Pump_2,189310002,1.581,1.774,1.456,0.1501312753540574,True,Crítica
2025-12-02 22:30:00,Pump_2,189310002,1.588,1.772,1.451,0.15021197401649042,True,Crítica
2025-12-02 23:00:00,Pump_2,189310002,1.573,1.775,1.458,0.1504562731402233,True,Crítica
2025-12-02 23:30:00,Pump_2,189310002,1.591,1.765,1.469,0.15061527541681008,True,Crítica
2025-12-03 00:00:00,Pump_2,189310002,1.586,1.776,1.456,0.1508733401733865,True,Crítica
2025-12-03 00:30:00,Pump_2,189310002,1.573,1.775,1.457,0.14679369648818785,True,Crítica
2025-12-03 01:00:00,Pump_2,189310002,1.577,1.779,1.455,0.14683506587389974,True,Crítica
2025-12-03 01:30:00,Pump_2,189310002,1.572,1.774,1.463,0.1469681209481666,True,Crítica
2025-12-03 02:00:00,Pump_2,189310002,1.578,1.781,1.467,0.1469674624340619,True,Crítica
2025-12-03 02:30:00,Pump_2,189310002,1.582,1.767,1.452,0.14724904169872255,True,Crítica
2025-12-03 03:00:00,Pump_2,189310002,1.577,1.771,1.463,0.14719550776898893,True,Crítica
2025-12-03 03:30:00,Pump_2,189310002,1.576,1.768,1.466,0.14738826476851294,True,Crítica
2025-12-03 04:00:00,Pump_2,189310002,1.57,1.776,1.463,0.14755590595007836,True,Crítica
2025-12-03 04:30:00,Pump_2,189310002,1.582,1.771,1.454,0.14755035094492197,True,Crítica
2025-12-03 05:00:00,Pump_2,189310002,1.586,1.778,1.468,0.14766935517052573,True,Crítica
2025-12-03 05:30:00,Pump_2,189310002,1.571,1.782,1.458,0.14796205787735892,True,Crítica
2025-12-03 06:00:00,Pump_2,189310002,1.572,1.772,1.465,0.14811135563603642,True,Crítica
2025-12-03 06:30:00,Pump_2,189310002,1.573,1.784,1.453,0.1480976753900572,True,Crítica
2025-12-03 07:00:00,Pump_2,189310002,1.578,1.773,1.454,0.14815163934141923,True,Crítica
2025-12-03 07:30:00,Pump_2,189310002,1.584,1.778,1.466,0.1481945030664341,True,Crítica
2025-12-03 08:00:00,Pump_2,189310002,1.587,1.783,1.451,0.1483984239512003,True,Crítica
2025-12-03 08:30:00,Pump_2,189310002,1.589,1.776,1.463,0.14857372742994415,True,Crítica
2025-12-03 09:00:00,Pump_2,189310002,1.576,1.784,1.46,0.14877817324430584,True,Crítica
2025-12-03 09:30:00,Pump_2,189310002,1.874,1.791,1.464,0.14882073672902807,True,Crítica
2025-12-03 10:00:00,Pump_2,189310002,1.57,1.778,1.463,0.15115073644452057,True,Crítica
2025-12-03 10:30:00,Pump_2,189310002,1.586,1.775,1.471,0.15116314573113226,True,Crítica
2025-12-03 11:00:00,Pump_2,189310002,1.573,1.787,1.471,0.15133767656474978,True,Crítica
2025-12-03 11:30:00,Pump_2,189310002,1.574,1.782,1.47,0.15153042691536725,True,Crítica
2025-12-03 12:00:00,Pump_2,189310002,1.574,1.791,1.47,0.15152685219841042,True,Crítica
2025-12-03 12:30:00,Pump_2,189310002,1.584,1.796,1.459,0.15166836726706465,True,Crítica
2025-12-03 13:00:00,Pump_2,189310002,1.57,1.788,1.453,0.15192022059115673,True,Crítica
2025-12-03 13:30:00,Pump_2,189310002,1.57,1.787,1.455,0.1519235696276296,True,Crítica
2025-12-03 14:00:00,Pump_2,189310002,1.587,1.785,1.467,0.15193008849320103,True,Crítica
2025-12-03 14:30:00,Pump_2,189310002,1.582,1.798,1.464,0.15201502806180395,True,Crítica
2025-12-03 15:00:00,Pump_2,189310002,1.588,1.788,1.455,0.15233243825827134,True,Crítica
2025-12-03 15:30:00,Pump_2,189310002,1.575,1.792,1.47,0.1524563777479608,True,Crítica
2025-12-03 16:00:00,Pump_2,189310002,1.581,1.79,1.464,0.15263546909477502,True,Crítica
2025-12-03 16:30:00,Pump_2,189310002,1.585,1.785,1.459,0.15281108744412097,True,Crítica
2025-12-03 17:00:00,Pump_2,189310002,1.581,1.789,1.467,0.15296740290256164,True,Crítica
2025-12-03 17:30:00,Pump_2,189310002,1.585,1.801,1.457,0.1529924168023603,True,Crítica
2025-12-03 18:00:00,Pump_2,189310002,1.587,1.791,1.464,0.15322545387344347,True,Crítica
2025-12-03 18:30:00,Pump_2,189310002,1.57,1.804,1.459,0.15345268814287544,True,Crítica
2025-12-03 19:00:00,Pump_2,189310002,1.587,1.803,1.459,0.1536336419978531,True,Crítica
2025-12-03 19:30:00,Pump_2,189310002,1.57,1.807,1.464,0.1539591201928229,True,Crítica
2025-12-03 20:00:00,Pump_2,189310002,1.567,1.796,1.458,0.15404908918235577,True,Crítica
2025-12-03 20:30:00,Pump_2,189310002,1.572,1.791,1.455,0.154062002497025,True,Crítica
2025-12-03 21:00:00,Pump_2,189310002,2.021,1.795,1.468,0.1539754122850786,True,Crítica
2025-12-03 21:30:00,Pump_2,189310002,1.585,1.799,1.467,0.15736290238776546,True,Crítica
2025-12-03 22:00:00,Pump_2,189310002,1.583,1.802,1.468,0.15541743389200502,True,Crítica
2025-12-03 22:30:00,Pump_2,189310002,1.585,1.795,1.472,0.15571609789087726,True,Crítica
2025-12-03 23:00:00,Pump_2,189310002,1.584,1.804,1.467,0.15584399350138123,True,Crítica
2025-12-03 23:30:00,Pump_2,189310002,1.567,1.8,1.471,0.15600296354405302,True,Crítica
2025-12-04 00:00:00,Pump_2,189310002,1.583,1.804,1.472,0.15607342970091417,True,Crítica
2025-12-04 00:30:00,Pump_2,189310002,1.571,1.8,1.468,0.1562376220422987,True,Crítica
2025-12-04 01:00:00,Pump_2,189310002,1.571,1.815,1.457,0.1562439229661936,True,Crítica
2025-12-04 01:30:00,Pump_2,189310002,1.573,1.807,1.47,0.1564779255335957,True,Crítica
2025-12-04 02:00:00,Pump_2,189310002,1.585,1.797,1.464,0.15675769420952534,True,Crítica
2025-12-04 02:30:00,Pump_2,189310002,1.585,1.814,1.458,0.15678746322135906,True,Crítica
2025-12-04 03:00:00,Pump_2,189310002,1.567,1.817,1.462,0.15687072069110186,True,Crítica
2025-12-04 03:30:00,Pump_2,189310002,1.572,1.811,1.465,0.1569787742702134,True,Crítica
2025-12-04 04:00:00,Pump_2,189310002,1.577,1.813,1.462,0.1570350950380689,True,Crítica
2025-12-04 04:30:00,Pump_2,189310002,1.576,1.819,1.458,0.15714357146649782,True,Crítica
2025-12-04 05:00:00,Pump_2,189310002,1.573,1.816,1.463,0.15730978743150514,True,Crítica
2025-12-04 05:30:00,Pump_2,189310002,1.582,1.82,1.455,0.15740732099648513,True,Crítica
2025-12-04 06:00:00,Pump_2,189310002,1.569,1.812,1.457,0.1575190118867958,True,Crítica
2025-12-04 06:30:00,Pump_2,189310002,1.581,1.821,1.46,0.15748478802927213,True,Crítica
2025-12-04 07:00:00,Pump_2,189310002,1.567,1.817,1.473,0.1577082056883642,True,Crítica
2025-12-04 07:30:00,Pump_2,189310002,1.579,1.81,1.462,0.15778680020640332,True,Crítica
2025-12-04 08:00:00,Pump_2,189310002,1.582,1.816,1.467,0.15785986096406815,True,Crítica
2025-12-04 08:30:00,Pump_2,189310002,1.577,1.821,1.462,0.1581844992443529,True,Crítica
2025-12-04 09:00:00,Pump_2,189310002,1.565,1.819,1.457,0.15849292260028364,True,Crítica
2025-12-04 09:30:00,Pump_2,189310002,1.574,1.826,1.47,0.15533486972799462,True,Crítica
2025-12-04 10:00:00,Pump_2,189310002,1.576,1.82,1.468,0.15547352305428472,True,Crítica
2025-12-04 10:30:00,Pump_2,189310002,1.564,1.819,1.461,0.15554931503287361,True,Crítica
2025-12-04 11:00:00,Pump_2,189310002,1.582,1.816,1.465,0.15546988501827216,True,Crítica
2025-12-04 11:30:00,Pump_2,189310002,1.565,1.821,1.466,0.15552079349850068,True,Crítica
2025-12-04 12:00:00,Pump_2,189310002,1.58,1.812,1.477,0.15560326680222225,True,Crítica
2025-12-04 12:30:00,Pump_2,189310002,1.569,1.829,1.46,0.15566552864165856,True,Crítica
2025-12-04 13:00:00,Pump_2,189310002,1.565,1.817,1.471,0.15578545862377216,True,Crítica
2025-12-04 13:30:00,Pump_2,189310002,1.575,1.815,1.469,0.15586957797356676,True,Crítica
2025-12-04 14:00:00,Pump_2,189310002,1.583,1.826,1.465,0.15591938204070457,True,Crítica
2025-12-04 14:30:00,Pump_2,189310002,1.581,1.824,1.472,0.15611366352307882,True,Crítica
2025-12-04 15:00:00,Pump_2,189310002,1.571,1.818,1.481,0.1562745312385333,True,Crítica
2025-12-04 15:30:00,Pump_2,189310002,1.585,1.818,1.479,0.1564608930344675,True,Crítica
2025-12-04 16:00:00,Pump_2,189310002,1.585,1.819,1.481,0.15671155351030436,True,Crítica
2025-12-04 16:30:00,Pump_2,189310002,2.167,1.831,1.485,0.15696402446454139,True,Crítica
2025-12-04 17:00:00,Pump_2,189310002,1.571,1.832,1.475,0.16158667468007143,True,Crítica
2025-12-04 17:30:00,Pump_2,189310002,1.574,1.834,1.47,0.16179476162614517,True,Crítica
2025-12-04 18:00:00,Pump_2,189310002,1.583,1.823,1.484,0.1619707542949605,True,Crítica
2025-12-04 18:30:00,Pump_2,189310002,1.576,1.834,1.488,0.16236775167126646,True,Crítica
2025-12-04 19:00:00,Pump_2,189310002,1.582,1.822,1.48,0.16265652176641396,True,Crítica
2025-12-04 19:30:00,Pump_2,189310002,1.59,1.827,1.49,0.16284439685027852,True,Crítica
2025-12-04 20:00:00,Pump_2,189310002,1.571,1.828,1.481,0.163266171163316,True,Crítica
2025-12-04 20:30:00,Pump_2,189310002,1.572,1.825,1.476,0.1633793556621154,True,Crítica
2025-12-04 21:00:00,Pump_2,189310002,1.574,1.827,1.494,0.16348170923628608,True,Crítica
2025-12-04 21:30:00,Pump_2,189310002,1.592,1.826,1.482,0.16389862726581658,True,Crítica
2025-12-04 22:00:00,Pump_2,189310002,1.573,1.825,1.482,0.16411692396170519,True,Crítica
2025-12-04 22:30:00,Pump_2,189310002,1.59,1.839,1.483,0.16423118751929053,True,Crítica
2025-12-04 23:00:00,Pump_2,189310002,1.578,1.835,1.48,0.1647359527327663,True,Crítica
2025-12-04 23:30:00,Pump_2,189310002,1.581,1.845,1.497,0.16495767391058275,True,Crítica
2025-12-05 00:00:00,Pump_2,189310002,1.581,1.844,1.495,0.16549410790973373,True,Crítica
2025-12-05 00:30:00,Pump_2,189310002,1.842,1.832,1.502,0.1658682046603408,True,Crítica
2025-12-05 01:00:00,Pump_2,189310002,1.586,2.117,1.499,0.16822951528622315,True,Crítica
2025-12-05 01:30:00,Pump_2,189310002,1.595,1.833,1.502,0.17086912781933883,True,Crítica
2025-12-05 02:00:00,Pump_2,189310002,1.589,1.832,1.497,0.17141408758511925,True,Crítica
2025-12-05 02:30:00,Pump_2,189310002,1.584,1.835,1.505,0.17177046780948885,True,Crítica
2025-12-05 03:00:00,Pump_2,189310002,1.593,1.843,1.505,0.17214074225719622,True,Crítica
2025-12-05 03:30:00,Pump_2,189310002,1.593,1.838,1.506,0.1726673499505873,True,Crítica
2025-12-05 04:00:00,Pump_2,189310002,1.596,1.842,1.492,0.173077867809786,True,Crítica
2025-12-05 04:30:00,Pump_2,189310002,1.578,1.846,1.506,0.17340265682116232,True,Crítica
2025-12-05 05:00:00,Pump_2,189310002,1.595,1.842,1.492,0.16946302491315104,True,Crítica
2025-12-05 05:30:00,Pump_2,189310002,1.592,1.835,1.511,0.16984575724050494,True,Crítica
2025-12-05 06:00:00,Pump_2,189310002,1.596,1.838,1.497,0.17031284781155073,True,Crítica
2025-12-05 06:30:00,Pump_2,189310002,1.594,1.838,1.507,0.17060392718875925,True,Crítica
2025-12-05 07:00:00,Pump_2,189310002,1.598,1.851,1.511,0.1708983364247013,True,Crítica
2025-12-05 07:30:00,Pump_2,189310002,1.591,1.845,1.513,0.1714562979559084,True,Crítica
2025-12-05 08:00:00,Pump_2,189310002,1.59,1.854,1.508,0.17175331665176924,True,Crítica
2025-12-05 08:30:00,Pump_2,189310002,1.6,1.857,1.502,0.17227552551820308,True,Crítica
2025-12-05 09:00:00,Pump_2,189310002,1.6,1.854,1.506,0.17289998341727353,True,Crítica
2025-12-05 09:30:00,Pump_2,189310002,1.597,1.849,1.519,0.17334841803223297,True,Crítica
2025-12-05 10:00:00,Pump_2,189310002,1.586,1.856,1.519,0.17382379610088397,True,Crítica
2025-12-05 10:30:00,Pump_2,189310002,1.603,1.85,1.511,0.17441757600100788,True,Crítica
2025-12-05 11:00:00,Pump_2,189310002,1.589,1.856,1.505,0.17480561047162096,True,Crítica
2025-12-05 11:30:00,Pump_2,189310002,1.6,1.844,1.506,0.17523493441001825,True,Crítica
2025-12-05 12:00:00,Pump_2,189310002,1.599,1.851,1.518,0.1754338378277505,True,Crítica
2025-12-05 12:30:00,Pump_2,189310002,1.585,1.862,1.512,0.1758076662161922,True,Crítica
2025-12-05 13:00:00,Pump_2,189310002,1.604,1.856,1.522,0.17428198253509233,True,Crítica
2025-12-05 13:30:00,Pump_2,189310002,1.59,1.856,1.518,0.17287163264367356,True,Crítica
2025-12-05 14:00:00,Pump_2,189310002,1.604,1.863,1.512,0.17312746728395556,True,Crítica
2025-12-05 14:30:00,Pump_2,189310002,1.595,1.85,1.514,0.17358299934286092,True,Crítica
2025-12-05 15:00:00,Pump_2,189310002,1.603,1.861,1.529,0.17383635610622397,True,Crítica
2025-12-05 15:30:00,Pump_2,189310002,1.604,1.864,1.524,0.17423286296410717,True,Crítica
2025-12-05 16:00:00,Pump_2,189310002,1.605,1.863,1.531,0.1746432251985419,True,Crítica
2025-12-05 16:30:00,Pump_2,189310002,1.598,1.868,1.515,0.17518328613798212,True,Crítica
2025-12-05 17:00:00,Pump_2,189310002,1.604,1.851,1.516,0.17555966705043813,True,Crítica
2025-12-05 17:30:00,Pump_2,189310002,1.589,1.851,1.524,0.1758870297482048,True,Crítica
2025-12-05 18:00:00,Pump_2,189310002,1.599,1.863,1.519,0.1760710075860744,True,Crítica
2025-12-05 18:30:00,Pump_2,189310002,1.599,1.867,1.991,0.1764525956873121,True,Crítica
2025-12-05 19:00:00,Pump_2,189310002,1.591,1.861,1.522,0.18056971212149342,True,Crítica
2025-12-05 19:30:00,Pump_2,189310002,1.597,1.865,1.531,0.18067954069481404,True,Crítica
2025-12-05 20:00:00,Pump_2,189310002,1.593,1.86,1.523,0.18101015231425516,True,Crítica
2025-12-05 20:30:00,Pump_2,189310002,1.601,1.856,1.539,0.18120070584538922,True,Crítica
2025-12-05 21:00:00,Pump_2,189310002,1.603,1.868,1.538,0.18150911154875726,True,Crítica
2025-12-05 21:30:00,Pump_2,189310002,1.603,1.872,1.54,0.18189981715243697,True,Crítica
2025-12-05 22:00:00,Pump_2,189310002,1.595,1.864,1.541,0.18227769815354525,True,Crítica
2025-12-05 22:30:00,Pump_2,189310002,1.595,1.869,1.545,0.1825759256678691,True,Crítica
2025-12-05 23:00:00,Pump_2,189310002,1.599,1.868,1.541,0.18293346019400694,True,Crítica
2025-12-05 23:30:00,Pump_2,189310002,1.608,1.877,1.544,0.1833936291236536,True,Crítica
2025-12-06 00:00:00,Pump_2,189310002,1.604,1.876,1.538,0.1840069851149953,True,Crítica
2025-12-06 00:30:00,Pump_2,189310002,1.612,1.873,1.544,0.1843938951287757,True,Crítica
2025-12-06 01:00:00,Pump_2,189310002,1.611,1.872,1.532,0.18494505326954838,True,Crítica
2025-12-06 01:30:00,Pump_2,189310002,1.598,1.879,1.544,0.1852056385026763,True,Crítica
2025-12-06 02:00:00,Pump_2,189310002,1.604,1.872,1.546,0.1856574160298272,True,Crítica
2025-12-06 02:30:00,Pump_2,189310002,1.604,1.871,1.549,0.1860256345449772,True,Crítica
2025-12-06 03:00:00,Pump_2,189310002,1.609,1.87,1.546,0.186546779709424,True,Crítica
2025-12-06 03:30:00,Pump_2,189310002,1.613,1.878,1.544,0.1868146348597448,True,Crítica
2025-12-06 04:00:00,Pump_2,189310002,1.607,1.875,1.549,0.18717587195075885,True,Crítica
2025-12-06 04:30:00,Pump_2,189310002,1.614,1.873,1.542,0.1874531267985044,True,Crítica
2025-12-06 05:00:00,Pump_2,189310002,1.599,1.885,1.549,0.18787167260746887,True,Crítica
2025-12-06 05:30:00,Pump_2,189310002,1.602,1.881,1.554,0.1883934426759191,True,Crítica
2025-12-06 06:00:00,Pump_2,189310002,1.61,1.872,1.545,0.18898250947369769,True,Crítica
2025-12-06 06:30:00,Pump_2,189310002,1.614,1.879,1.546,0.1893785575393149,True,Crítica
2025-12-06 07:00:00,Pump_2,189310002,1.614,1.884,1.556,0.18567556115992487,True,Crítica
2025-12-06 07:30:00,Pump_2,189310002,1.604,1.883,1.557,0.18628884304921067,True,Crítica
2025-12-06 08:00:00,Pump_2,189310002,1.604,1.875,1.553,0.18668147717360692,True,Crítica
2025-12-06 08:30:00,Pump_2,189310002,1.616,1.882,1.555,0.18711349395737256,True,Crítica
2025-12-06 09:00:00,Pump_2,189310002,1.607,1.881,1.555,0.18753266075459868,True,Crítica
2025-12-06 09:30:00,Pump_2,189310002,1.618,1.878,1.556,0.18779312791726963,True,Crítica
2025-12-06 10:00:00,Pump_2,189310002,1.605,1.883,1.554,0.18807458931563767,True,Crítica
2025-12-06 10:30:00,Pump_2,189310002,1.605,1.89,1.552,0.18838488801140094,True,Crítica
2025-12-06 11:00:00,Pump_2,189310002,1.605,1.878,1.568,0.1886636136454869,True,Crítica
2025-12-06 11:30:00,Pump_2,189310002,1.614,1.879,1.564,0.188993244130246,True,Crítica
2025-12-06 12:00:00,Pump_2,189310002,1.613,1.878,1.562,0.18921352792376178,True,Crítica
2025-12-06 12:30:00,Pump_2,189310002,1.608,1.877,1.557,0.18949061150161187,True,Crítica
2025-12-06 13:00:00,Pump_2,189310002,1.622,1.887,1.566,0.18959449726909344,True,Crítica
2025-12-06 13:30:00,Pump_2,189310002,1.609,1.88,1.57,0.19006662507396624,True,Crítica
2025-12-06 14:00:00,Pump_2,189310002,1.607,1.892,1.558,0.190364199626486,True,Crítica
2025-12-06 14:30:00,Pump_2,189310002,1.616,1.892,1.561,0.19062757878980127,True,Crítica
2025-12-06 15:00:00,Pump_2,189310002,1.621,1.889,1.561,0.19096103557310767,True,Crítica
2025-12-06 15:30:00,Pump_2,189310002,1.618,1.881,1.553,0.19130600028571593,True,Crítica
2025-12-06 16:00:00,Pump_2,189310002,1.616,1.878,1.562,0.19144051098936396,True,Crítica
2025-12-06 16:30:00,Pump_2,189310002,1.605,1.89,1.556,0.19162956680774387,True,Crítica
2025-12-06 17:00:00,Pump_2,189310002,1.608,1.892,1.564,0.19180608396406956,True,Crítica
2025-12-06 17:30:00,Pump_2,189310002,1.599,1.886,1.563,0.19204931109623033,True,Crítica
2025-12-06 18:00:00,Pump_2,189310002,1.603,1.89,1.556,0.19213526732034414,True,Crítica
2025-12-06 18:30:00,Pump_2,189310002,1.598,1.875,1.557,0.19230670558965318,True,Crítica
2025-12-06 19:00:00,Pump_2,189310002,1.612,1.871,1.562,0.19225327262092434,True,Crítica
2025-12-06 19:30:00,Pump_2,189310002,1.612,1.88,1.556,0.1921912692428947,True,Crítica
2025-12-06 20:00:00,Pump_2,189310002,1.604,1.87,1.562,0.19221834080081587,True,Crítica
2025-12-06 20:30:00,Pump_2,189310002,1.98,1.882,1.561,0.19224843801467292,True,Crítica
2025-12-06 21:00:00,Pump_2,189310002,1.607,1.876,1.556,0.1949551351442666,True,Crítica
2025-12-06 21:30:00,Pump_2,189310002,1.609,1.884,1.556,0.19493176700651754,True,Crítica
2025-12-06 22:00:00,Pump_2,189310002,1.595,1.869,1.546,0.1949112590456017,True,Crítica
2025-12-06 22:30:00,Pump_2,189310002,1.591,1.885,1.553,0.19467141428324683,True,Crítica
2025-12-06 23:00:00,Pump_2,189310002,1.602,1.878,1.562,0.1945483074545455,True,Crítica
2025-12-06 23:30:00,Pump_2,189310002,1.604,1.876,1.547,0.19446451070206816,True,Crítica
2025-12-07 00:00:00,Pump_2,189310002,1.6,1.867,1.559,0.19422353763091257,True,Crítica
2025-12-07 00:30:00,Pump_2,189310002,1.595,1.876,1.558,0.19401268837228636,True,Crítica
2025-12-07 01:00:00,Pump_2,189310002,1.599,1.871,1.563,0.1939111981288891,True,Crítica
2025-12-07 01:30:00,Pump_2,189310002,1.593,1.874,1.552,0.1935952792171116,True,Crítica
2025-12-07 02:00:00,Pump_2,189310002,1.596,1.878,1.553,0.19327471245649663,True,Crítica
2025-12-07 02:30:00,Pump_2,189310002,1.6,1.879,1.563,0.19305168234490092,True,Crítica
2025-12-07 03:00:00,Pump_2,189310002,1.597,1.865,1.553,0.19285462080597796,True,Crítica
2025-12-07 03:30:00,Pump_2,189310002,1.588,1.866,1.549,0.19243490654382384,True,Crítica
2025-12-07 04:00:00,Pump_2,189310002,1.59,1.87,1.545,0.19207199773300385,True,Crítica
2025-12-07 04:30:00,Pump_2,189310002,1.583,1.869,1.548,0.1916815382053248,True,Crítica
2025-12-07 05:00:00,Pump_2,189310002,1.596,1.871,1.541,0.19131058595123923,True,Crítica
2025-12-07 05:30:00,Pump_2,189310002,1.583,1.873,1.555,0.19089173984316773,True,Crítica
2025-12-07 06:00:00,Pump_2,189310002,1.582,1.873,1.552,0.19062012015569757,True,Crítica
2025-12-07 06:30:00,Pump_2,189310002,1.596,1.871,1.825,0.1903217261686842,True,Crítica
2025-12-07 07:00:00,Pump_2,189310002,1.591,1.872,1.558,0.19242137552167923,True,Crítica
2025-12-07 07:30:00,Pump_2,189310002,1.594,1.862,1.556,0.19223681713163898,True,Crítica
2025-12-07 08:00:00,Pump_2,189310002,1.579,1.864,1.547,0.1919740476523928,True,Crítica
2025-12-07 08:30:00,Pump_2,189310002,1.583,1.872,1.552,0.1916169033553315,True,Crítica
2025-12-07 09:00:00,Pump_2,189310002,1.593,1.873,1.548,0.1886376950276671,True,Crítica
2025-12-07 09:30:00,Pump_2,189310002,1.587,1.858,1.551,0.18845472704746083,True,Crítica
2025-12-07 10:00:00,Pump_2,189310002,1.592,1.868,1.543,0.18807242630108484,True,Crítica
2025-12-07 10:30:00,Pump_2,189310002,1.572,1.865,1.546,0.18802612500169982,True,Crítica
2025-12-07 11:00:00,Pump_2,189310002,1.586,1.865,1.552,0.187696748519945,True,Crítica
2025-12-07 11:30:00,Pump_2,189310002,1.573,1.854,1.556,0.18740761562558939,True,Crítica
2025-12-07 12:00:00,Pump_2,189310002,1.586,1.854,1.553,0.18710448903382312,True,Crítica
2025-12-07 12:30:00,Pump_2,189310002,1.586,1.856,1.549,0.18685672125938263,True,Crítica
2025-12-07 13:00:00,Pump_2,189310002,1.585,1.854,1.538,0.18657779204428251,True,Crítica
2025-12-07 13:30:00,Pump_2,189310002,1.579,1.87,1.547,0.18615104034385957,True,Crítica
2025-12-07 14:00:00,Pump_2,189310002,1.584,1.86,1.536,0.18599365185484434,True,Crítica
2025-12-07 14:30:00,Pump_2,189310002,1.575,1.856,1.536,0.18565398668396466,True,Crítica
2025-12-07 15:00:00,Pump_2,189310002,1.582,1.858,1.546,0.18509679480088437,True,Crítica
2025-12-07 15:30:00,Pump_2,189310002,1.565,1.858,1.543,0.1848893497279816,True,Crítica
2025-12-07 16:00:00,Pump_2,189310002,1.581,1.848,1.539,0.18462911906531687,True,Crítica
2025-12-07 16:30:00,Pump_2,189310002,1.576,1.853,1.545,0.1843769747811114,True,Crítica
2025-12-07 17:00:00,Pump_2,189310002,1.566,1.854,1.756,0.18420841858920256,True,Crítica
2025-12-07 17:30:00,Pump_2,189310002,1.571,1.85,1.537,0.18562477931456378,True,Crítica
2025-12-07 18:00:00,Pump_2,189310002,1.563,1.865,1.545,0.1852493712161346,True,Crítica
2025-12-07 18:30:00,Pump_2,189310002,1.577,1.845,1.542,0.18502380328570084,True,Crítica
2025-12-07 19:00:00,Pump_2,189310002,1.576,1.861,1.536,0.18222336215147233,True,Crítica
2025-12-07 19:30:00,Pump_2,189310002,1.562,1.85,1.542,0.18186170839529892,True,Crítica
2025-12-07 20:00:00,Pump_2,189310002,1.565,1.852,1.54,0.18142684063898232,True,Crítica
2025-12-07 20:30:00,Pump_2,189310002,1.559,1.856,1.547,0.18118556998177635,True,Crítica
2025-12-07 21:00:00,Pump_2,189310002,1.566,1.861,1.532,0.1808626477760173,True,Crítica
2025-12-07 21:30:00,Pump_2,189310002,1.561,1.86,1.53,0.18046715799884203,True,Crítica
2025-12-07 22:00:00,Pump_2,189310002,1.565,1.842,1.546,0.18012807211589033,True,Crítica
2025-12-07 22:30:00,Pump_2,189310002,1.563,1.846,1.529,0.17978061502840864,True,Crítica
2025-12-07 23:00:00,Pump_2,189310002,1.564,1.845,1.531,0.17944689167349775,True,Crítica
2025-12-07 23:30:00,Pump_2,189310002,1.57,1.845,1.535,0.17897814208982366,True,Crítica
2025-12-08 00:00:00,Pump_2,189310002,1.558,1.849,1.539,0.17871439871613998,True,Crítica
2025-12-08 00:30:00,Pump_2,189310002,1.553,1.857,1.538,0.1783622977579934,True,Crítica
2025-12-08 01:00:00,Pump_2,189310002,1.555,1.853,1.532,0.17805002998981045,True,Crítica
2025-12-08 01:30:00,Pump_2,189310002,1.559,1.844,1.527,0.17779418853946724,True,Crítica
2025-12-08 02:00:00,Pump_2,189310002,1.559,1.838,1.545,0.1773182029997933,True,Crítica
2025-12-08 02:30:00,Pump_2,189310002,1.567,1.851,1.53,0.17707138351018958,True,Crítica
2025-12-08 03:00:00,Pump_2,189310002,1.566,1.855,1.542,0.17695279532823582,True,Crítica
2025-12-08 03:30:00,Pump_2,189310002,1.55,1.849,1.525,0.17680537207333222,True,Crítica
2025-12-08 04:00:00,Pump_2,189310002,1.558,1.846,1.531,0.17650583483931706,True,Crítica
2025-12-08 04:30:00,Pump_2,189310002,1.555,1.847,1.534,0.17627969887788814,True,Crítica
2025-12-08 05:00:00,Pump_2,189310002,1.546,1.846,1.535,0.17600871499255832,True,Crítica
2025-12-08 05:30:00,Pump_2,189310002,1.552,1.841,1.528,0.17385922194425554,True,Crítica
2025-12-08 06:00:00,Pump_2,189310002,1.561,1.837,1.541,0.17358374661167472,True,Crítica
2025-12-08 06:30:00,Pump_2,189310002,1.547,1.843,1.532,0.17333391542825552,True,Crítica
2025-12-08 07:00:00,Pump_2,189310002,1.554,1.837,1.533,0.17301727114013443,True,Crítica
2025-12-08 07:30:00,Pump_2,189310002,1.552,1.835,1.528,0.17266928114585778,True,Crítica
2025-12-08 08:00:00,Pump_2,189310002,1.554,1.847,1.523,0.17236965241631108,True,Crítica
2025-12-08 08:30:00,Pump_2,189310002,1.544,1.843,1.525,0.17211914491538974,True,Crítica
2025-12-08 09:00:00,Pump_2,189310002,1.544,1.839,1.534,0.17173498895279207,True,Crítica
2025-12-08 09:30:00,Pump_2,189310002,1.539,1.831,1.523,0.1714426902843867,True,Crítica
2025-12-08 10:00:00,Pump_2,189310002,1.549,1.837,1.52,0.1710238743432285,True,Crítica
2025-12-08 10:30:00,Pump_2,189310002,1.552,1.834,1.538,0.17064881891660724,True,Crítica
2025-12-08 11:00:00,Pump_2,189310002,1.548,1.844,1.538,0.17055603445250414,True,Crítica
2025-12-08 11:30:00,Pump_2,189310002,1.55,1.833,1.537,0.1704927867029076,True,Crítica
2025-12-08 12:00:00,Pump_2,189310002,1.535,1.842,1.527,0.17027737775853044,True,Crítica
2025-12-08 12:30:00,Pump_2,189310002,1.535,1.832,1.533,0.16996300384336496,True,Crítica
2025-12-08 13:00:00,Pump_2,189310002,1.538,1.837,1.537,0.16961202838333772,True,Crítica
2025-12-08 13:30:00,Pump_2,189310002,1.536,1.831,1.525,0.1694185578464512,True,Crítica
2025-12-08 14:00:00,Pump_2,189310002,1.539,1.831,1.535,0.16914634011280605,True,Crítica
2025-12-08 14:30:00,Pump_2,189310002,1.544,1.84,1.534,0.1688582150868872,True,Crítica
2025-12-08 15:00:00,Pump_2,189310002,1.539,1.828,1.519,0.16865927753193255,True,Crítica
2025-12-08 15:30:00,Pump_2,189310002,1.533,1.843,1.532,0.16808830793592938,True,Crítica
2025-12-08 16:00:00,Pump_2,189310002,1.535,1.843,1.529,0.1679924648579296,True,Crítica
2025-12-08 16:30:00,Pump_2,189310002,1.532,1.838,1.532,0.16779880089357183,True,Crítica
2025-12-08 17:00:00,Pump_2,189310002,1.548,1.834,1.534,0.16755734206267384,True,Crítica
2025-12-08 17:30:00,Pump_2,189310002,1.532,1.843,1.531,0.1674782953320719,True,Crítica
2025-12-08 18:00:00,Pump_2,189310002,1.534,1.828,1.54,0.16738011457540689,True,Crítica
2025-12-08 18:30:00,Pump_2,189310002,1.547,1.831,1.541,0.167104386237365,True,Crítica
2025-12-08 19:00:00,Pump_2,189310002,1.538,1.832,1.536,0.16709172858986612,True,Crítica
2025-12-08 19:30:00,Pump_2,189310002,1.545,1.83,1.533,0.16696415749323307,True,Crítica
2025-12-08 20:00:00,Pump_2,189310002,1.544,1.832,1.535,0.16692131133480517,True,Crítica
2025-12-08 20:30:00,Pump_2,189310002,1.538,1.83,1.527,0.1668545821188213,True,Crítica
2025-12-08 21:00:00,Pump_2,189310002,1.545,1.835,1.53,0.16674301640879452,True,Crítica
2025-12-08 21:30:00,Pump_2,189310002,1.55,1.839,1.529,0.16669081552918077,True,Crítica
2025-12-08 22:00:00,Pump_2,189310002,1.55,1.84,1.546,0.16688328613839834,True,Crítica
2025-12-08 22:30:00,Pump_2,189310002,1.55,1.825,1.548,0.16713836775487986,True,Crítica
2025-12-08 23:00:00,Pump_2,189310002,1.55,1.831,1.536,0.1671358241504415,True,Crítica
2025-12-08 23:30:00,Pump_2,189310002,1.536,1.83,1.547,0.16704338168954333,True,Crítica
2025-12-09 00:00:00,Pump_2,189310002,1.536,1.842,1.546,0.16699625617990577,True,Crítica
2025-12-09 00:30:00,Pump_2,189310002,1.553,1.836,1.54,0.16716398057319704,True,Crítica
2025-12-09 01:00:00,Pump_2,189310002,1.544,1.832,1.534,0.16737460101580334,True,Crítica
2025-12-09 01:30:00,Pump_2,189310002,1.544,1.844,1.551,0.16735210725403327,True,Crítica
2025-12-09 02:00:00,Pump_2,189310002,1.549,1.838,1.536,0.16771645323119444,True,Crítica
2025-12-09 02:30:00,Pump_2,189310002,1.557,1.837,1.551,0.16784342293714063,True,Crítica
2025-12-09 03:00:00,Pump_2,189310002,1.544,1.844,1.553,0.16805719897626978,True,Crítica
2025-12-09 03:30:00,Pump_2,189310002,1.541,1.831,1.54,0.16849364857963675,True,Crítica
2025-12-09 04:00:00,Pump_2,189310002,1.556,1.832,1.543,0.16853453244324074,True,Crítica
2025-12-09 04:30:00,Pump_2,189310002,1.555,1.831,1.559,0.16872920992356055,True,Crítica
2025-12-09 05:00:00,Pump_2,189310002,1.543,1.84,1.545,0.1690643006377243,True,Crítica
2025-12-09 05:30:00,Pump_2,189310002,1.546,1.844,1.556,0.16916531466942336,True,Crítica
2025-12-09 06:00:00,Pump_2,189310002,1.554,1.835,1.559,0.16948365293720014,True,Crítica
2025-12-09 06:30:00,Pump_2,189310002,1.543,1.846,1.553,0.1698207693427123,True,Crítica
2025-12-09 07:00:00,Pump_2,189310002,1.549,1.844,1.553,0.169993861095313,True,Crítica
2025-12-09 07:30:00,Pump_2,189310002,1.55,1.835,1.55,0.1702956162916285,True,Crítica
2025-12-09 08:00:00,Pump_2,189310002,1.552,1.845,1.557,0.17050473109705766,True,Crítica
2025-12-09 08:30:00,Pump_2,189310002,1.547,1.829,1.557,0.170836575579428,True,Crítica
2025-12-09 09:00:00,Pump_2,189310002,1.56,1.847,1.566,0.1711382552654791,True,Crítica
2025-12-09 09:30:00,Pump_2,189310002,1.551,1.83,1.549,0.17163532216204178,True,Crítica
2025-12-09 10:00:00,Pump_2,189310002,1.556,1.843,1.563,0.17175077139803624,True,Crítica
2025-12-09 10:30:00,Pump_2,189310002,1.549,1.836,1.564,0.17195414569264894,True,Crítica
2025-12-09 11:00:00,Pump_2,189310002,1.552,1.828,1.556,0.17214249236965928,True,Crítica
2025-12-09 11:30:00,Pump_2,189310002,1.546,1.846,1.566,0.17229645093803483,True,Crítica
2025-12-09 12:00:00,Pump_2,189310002,1.548,1.838,1.571,0.1726292910374389,True,Crítica
2025-12-09 12:30:00,Pump_2,189310002,1.549,1.84,1.567,0.17288680252629682,True,Crítica
2025-12-09 13:00:00,Pump_2,189310002,1.556,1.834,1.559,0.17311068876777103,True,Crítica
2025-12-09 13:30:00,Pump_2,189310002,1.561,1.83,1.563,0.17341985535176063,True,Crítica
2025-12-09 14:00:00,Pump_2,189310002,1.562,1.833,1.568,0.17353798417658475,True,Crítica
2025-12-09 14:30:00,Pump_2,189310002,1.559,1.83,1.568,0.17386424128857714,True,Crítica
2025-12-09 15:00:00,Pump_2,189310002,1.555,1.834,1.567,0.17396405534641066,True,Crítica
2025-12-09 15:30:00,Pump_2,189310002,1.548,1.83,1.571,0.17408241021690218,True,Crítica
2025-12-09 16:00:00,Pump_2,189310002,1.557,1.839,1.563,0.1743740048981678,True,Crítica
2025-12-09 16:30:00,Pump_2,189310002,1.555,1.834,1.572,0.17459970537668904,True,Crítica
2025-12-09 17:00:00,Pump_2,189310002,1.555,1.846,1.575,0.17471843843242887,True,Crítica
2025-12-09 17:30:00,Pump_2,189310002,1.559,1.838,1.567,0.17510138532147382,True,Crítica
2025-12-09 18:00:00,Pump_2,189310002,1.556,1.837,1.576,0.17524530358326476,True,Crítica
2025-12-09 18:30:00,Pump_2,189310002,1.559,1.83,1.566,0.17541021162394768,True,Crítica
2025-12-09 19:00:00,Pump_2,189310002,1.562,1.846,1.571,0.175522112108821,True,Crítica
2025-12-09 19:30:00,Pump_2,189310002,1.566,1.843,1.576,0.17578863743963324,True,Crítica
2025-12-09 20:00:00,Pump_2,189310002,1.57,1.839,1.58,0.17618150110557113,True,Crítica
2025-12-09 20:30:00,Pump_2,189310002,1.552,1.834,1.57,0.17646406533822168,True,Crítica
2025-12-09 21:00:00,Pump_2,189310002,1.564,1.833,1.58,0.17663814959066854,True,Crítica
2025-12-09 21:30:00,Pump_2,189310002,1.555,1.844,1.576,0.17668447252726105,True,Crítica
2025-12-09 22:00:00,Pump_2,189310002,1.559,1.845,1.575,0.17704225677734448,True,Crítica
2025-12-09 22:30:00,Pump_2,189310002,1.561,1.838,1.583,0.1771853878773195,True,Crítica
2025-12-09 23:00:00,Pump_2,189310002,1.561,1.831,1.591,0.1774403467384414,True,Crítica
2025-12-09 23:30:00,Pump_2,189310002,1.568,1.844,1.585,0.17781084712639708,True,Crítica
2025-12-10 00:00:00,Pump_2,189310002,1.559,1.844,1.579,0.17811679941083908,True,Crítica
2025-12-10 00:30:00,Pump_2,189310002,1.566,1.845,1.588,0.1783021874073701,True,Crítica
2025-12-10 01:00:00,Pump_2,189310002,1.569,1.841,1.581,0.1786324709180345,True,Crítica
2025-12-10 01:30:00,Pump_2,189310002,1.56,1.833,1.593,0.17895989222747713,True,Crítica
2025-12-10 02:00:00,Pump_2,189310002,1.559,1.831,1.592,0.17921364399020254,True,Crítica
2025-12-10 02:30:00,Pump_2,189310002,1.564,1.846,1.583,0.17936574249389345,True,Crítica
2025-12-10 03:00:00,Pump_2,189310002,1.564,1.833,1.588,0.1796359971014677,True,Crítica
2025-12-10 03:30:00,Pump_2,189310002,1.57,1.839,1.598,0.1798593648897497,True,Crítica
2025-12-10 04:00:00,Pump_2,189310002,1.563,1.834,1.597,0.18029187491817616,True,Crítica
2025-12-10 04:30:00,Pump_2,189310002,1.56,1.84,1.594,0.18057874916623265,True,Crítica
2025-12-10 05:00:00,Pump_2,189310002,1.576,1.851,1.598,0.1808324134695031,True,Crítica
2025-12-10 05:30:00,Pump_2,189310002,1.569,1.832,1.602,0.1812124379228277,True,Crítica
2025-12-10 06:00:00,Pump_2,189310002,1.57,1.849,1.595,0.18152668688420953,True,Crítica
2025-12-10 06:30:00,Pump_2,189310002,1.577,1.847,1.597,0.18186814092343365,True,Crítica
2025-12-10 07:00:00,Pump_2,189310002,1.579,1.832,1.596,0.18237723936943595,True,Crítica
2025-12-10 07:30:00,Pump_2,189310002,1.573,1.85,1.591,0.18261092181176414,True,Crítica
2025-12-10 08:00:00,Pump_2,189310002,2.069,1.834,1.595,0.18284399636835733,True,Crítica
2025-12-10 08:30:00,Pump_2,189310002,1.57,1.851,1.599,0.18656750569811564,True,Crítica
2025-12-10 09:00:00,Pump_2,189310002,1.568,1.84,1.597,0.18706666569417274,True,Crítica
2025-12-10 09:30:00,Pump_2,189310002,1.58,1.851,1.595,0.18728083638484583,True,Crítica
2025-12-10 10:00:00,Pump_2,189310002,1.563,1.844,1.593,0.18767474132394096,True,Crítica
2025-12-10 10:30:00,Pump_2,189310002,1.579,1.84,1.606,0.18785033175096513,True,Crítica
2025-12-10 11:00:00,Pump_2,189310002,1.575,1.84,1.599,0.18817649597061675,True,Crítica
2025-12-10 11:30:00,Pump_2,189310002,1.566,1.849,1.602,0.18839205218236488,True,Crítica
2025-12-10 12:00:00,Pump_2,189310002,1.583,1.838,1.907,0.18855304521738905,True,Crítica
2025-12-10 12:30:00,Pump_2,189310002,1.576,1.852,1.609,0.19131119453260503,True,Crítica
2025-12-10 13:00:00,Pump_2,189310002,1.572,1.845,1.601,0.19160012368091026,True,Crítica
2025-12-10 13:30:00,Pump_2,189310002,1.571,1.837,1.606,0.19180993725980733,True,Crítica
2025-12-10 14:00:00,Pump_2,189310002,1.57,1.838,1.609,0.19199723124620657,True,Crítica
2025-12-10 14:30:00,Pump_2,189310002,1.583,1.845,1.599,0.19223649313481722,True,Crítica
2025-12-10 15:00:00,Pump_2,189310002,1.577,1.841,1.604,0.19248990943693614,True,Crítica
2025-12-10 15:30:00,Pump_2,189310002,1.582,1.84,1.605,0.19275171608328565,True,Crítica
2025-12-10 16:00:00,Pump_2,189310002,1.574,1.836,1.615,0.19288381209638383,True,Crítica
2025-12-10 16:30:00,Pump_2,189310002,1.575,1.837,1.617,0.19310279949387774,True,Crítica
2025-12-10 17:00:00,Pump_2,189310002,1.577,1.846,1.61,0.1933665288920946,True,Crítica
2025-12-10 17:30:00,Pump_2,189310002,1.574,1.842,1.604,0.1934416460890647,True,Crítica
2025-12-10 18:00:00,Pump_2,189310002,1.571,1.847,1.618,0.19355758976685872,True,Crítica
2025-12-10 18:30:00,Pump_2,189310002,1.583,1.844,1.608,0.1937463229231119,True,Crítica
2025-12-10 19:00:00,Pump_2,189310002,1.574,1.847,1.616,0.1938667184441075,True,Crítica
2025-12-10 19:30:00,Pump_2,189310002,1.592,1.838,1.618,0.19410346260272562,True,Crítica
2025-12-10 20:00:00,Pump_2,189310002,1.591,1.85,1.607,0.19439100521053798,True,Crítica
2025-12-10 20:30:00,Pump_2,189310002,1.585,1.838,1.608,0.1913170970398155,True,Crítica
2025-12-10 21:00:00,Pump_2,189310002,1.591,1.837,1.624,0.19142732833914883,True,Crítica
2025-12-10 21:30:00,Pump_2,189310002,1.596,1.855,1.611,0.19180837962400435,True,Crítica
2025-12-10 22:00:00,Pump_2,189310002,1.581,1.851,1.609,0.19212512175263796,True,Crítica
2025-12-10 22:30:00,Pump_2,189310002,1.593,1.841,1.612,0.19247136199928574,True,Crítica
2025-12-10 23:00:00,Pump_2,189310002,1.589,1.852,1.625,0.19265710159486582,True,Crítica
2025-12-10 23:30:00,Pump_2,189310002,1.591,1.849,1.629,0.19309140175564782,True,Crítica
2025-12-11 00:00:00,Pump_2,189310002,1.586,1.844,1.621,0.19352178708759327,True,Crítica
2025-12-11 00:30:00,Pump_2,189310002,1.585,1.844,1.618,0.19103426381646366,True,Crítica
2025-12-11 01:00:00,Pump_2,189310002,1.587,1.845,1.612,0.19111986489214805,True,Crítica
2025-12-11 01:30:00,Pump_2,189310002,1.584,1.836,1.631,0.1913229309673652,True,Crítica
2025-12-11 02:00:00,Pump_2,189310002,1.593,1.845,1.625,0.1916025988960308,True,Crítica
2025-12-11 02:30:00,Pump_2,189310002,1.597,1.839,1.623,0.19194113793414141,True,Crítica
2025-12-11 03:00:00,Pump_2,189310002,1.602,1.852,1.624,0.19220124431342103,True,Crítica
2025-12-11 03:30:00,Pump_2,189310002,1.603,1.852,1.626,0.1926265196184291,True,Crítica
2025-12-11 04:00:00,Pump_2,189310002,1.594,1.846,1.621,0.1930380558037177,True,Crítica
2025-12-11 04:30:00,Pump_2,189310002,1.597,1.855,1.622,0.19329096453598713,True,Crítica
2025-12-11 05:00:00,Pump_2,189310002,1.607,1.85,1.633,0.19361071432969262,True,Crítica
2025-12-11 05:30:00,Pump_2,189310002,1.605,1.847,1.622,0.1940438979928204,True,Crítica
2025-12-11 06:00:00,Pump_2,189310002,1.609,1.857,1.619,0.19445256362809138,True,Crítica
2025-12-11 06:30:00,Pump_2,189310002,1.609,1.846,1.618,0.1948051064844094,True,Crítica
2025-12-11 07:00:00,Pump_2,189310002,1.609,1.85,1.629,0.19509204712789346,True,Crítica
2025-12-11 07:30:00,Pump_2,189310002,1.603,1.857,1.627,0.19546813380162875,True,Crítica
2025-12-11 08:00:00,Pump_2,189310002,1.615,1.855,1.636,0.1957537602799156,True,Crítica
2025-12-11 08:30:00,Pump_2,189310002,1.601,1.839,1.622,0.19621038174133407,True,Crítica
2025-12-11 09:00:00,Pump_2,189310002,1.599,1.845,1.62,0.19644402267823985,True,Crítica
2025-12-11 09:30:00,Pump_2,189310002,1.616,1.842,1.631,0.19651635385197042,True,Crítica
2025-12-11 10:00:00,Pump_2,189310002,1.61,1.839,1.635,0.19674225136036105,True,Crítica
2025-12-11 10:30:00,Pump_2,189310002,1.608,1.852,1.624,0.19708163500895648,True,Crítica
2025-12-11 11:00:00,Pump_2,189310002,1.613,1.857,1.627,0.19737219844792941,True,Crítica
2025-12-11 11:30:00,Pump_2,189310002,1.622,1.844,1.638,0.19760022134875954,True,Crítica
2025-12-11 12:00:00,Pump_2,189310002,1.607,1.844,1.642,0.1978521728121129,True,Crítica
2025-12-11 12:30:00,Pump_2,189310002,1.607,1.847,1.638,0.19816383518047795,True,Crítica
2025-12-11 13:00:00,Pump_2,189310002,1.622,1.85,1.624,0.19849873629080733,True,Crítica
2025-12-11 13:30:00,Pump_2,189310002,1.617,1.854,1.638,0.19888594016825803,True,Crítica
2025-12-11 14:00:00,Pump_2,189310002,1.61,1.855,1.637,0.1992897450934981,True,Crítica
2025-12-11 14:30:00,Pump_2,189310002,1.626,1.853,1.642,0.199574196591927,True,Crítica
2025-12-11 15:00:00,Pump_2,189310002,1.624,1.842,1.636,0.20003028568637196,True,Crítica
2025-12-11 15:30:00,Pump_2,189310002,1.63,1.857,1.636,0.20021327410176634,True,Crítica
2025-12-11 16:00:00,Pump_2,189310002,1.628,1.85,1.641,0.20052851625836599,True,Crítica
2025-12-11 16:30:00,Pump_2,189310002,2.094,1.846,1.635,0.2009631452786255,True,Crítica
2025-12-11 17:00:00,Pump_2,189310002,1.614,1.845,1.634,0.20462954288105328,True,Crítica
2025-12-11 17:30:00,Pump_2,189310002,1.632,1.858,1.634,0.20465250837436594,True,Crítica
2025-12-11 18:00:00,Pump_2,189310002,1.63,1.86,1.645,0.2050293250356698,True,Crítica
2025-12-11 18:30:00,Pump_2,189310002,1.631,1.858,1.638,0.2054278642754265,True,Crítica
2025-12-11 19:00:00,Pump_2,189310002,1.632,1.857,1.638,0.20584317776231253,True,Crítica
2025-12-11 19:30:00,Pump_2,189310002,1.635,1.861,1.648,0.20613396159263792,True,Crítica
2025-12-11 20:00:00,Pump_2,189310002,1.619,1.845,1.641,0.20656851836059198,True,Crítica
2025-12-11 20:30:00,Pump_2,189310002,1.632,1.844,1.639,0.20655665052875477,True,Crítica
2025-12-11 21:00:00,Pump_2,189310002,1.637,1.85,1.645,0.2069400995723599,True,Crítica
2025-12-11 21:30:00,Pump_2,189310002,1.628,1.846,1.649,0.20744469516772762,True,Crítica
2025-12-11 22:00:00,Pump_2,189310002,1.626,1.857,1.644,0.20768768850603334,True,Crítica
2025-12-11 22:30:00,Pump_2,189310002,1.626,1.85,2.197,0.20798376100792176,True,Crítica
2025-12-11 23:00:00,Pump_2,189310002,1.634,1.862,1.642,0.21267912865439212,True,Crítica
2025-12-11 23:30:00,Pump_2,189310002,1.638,1.858,1.644,0.2129842872051094,True,Crítica
2025-12-12 00:00:00,Pump_2,189310002,1.64,1.851,1.639,0.2132330647635512,True,Crítica
2025-12-12 00:30:00,Pump_2,189310002,1.643,1.849,1.638,0.21347634206106736,True,Crítica
2025-12-12 01:00:00,Pump_2,189310002,1.632,1.854,1.644,0.21373910497070472,True,Crítica
2025-12-12 01:30:00,Pump_2,189310002,1.642,1.849,1.652,0.21401038762122504,True,Crítica
2025-12-12 02:00:00,Pump_2,189310002,1.631,1.86,1.649,0.21427076934363712,True,Crítica
2025-12-12 02:30:00,Pump_2,189310002,1.635,1.862,1.653,0.21456278186782654,True,Crítica
2025-12-12 03:00:00,Pump_2,189310002,1.632,1.85,1.638,0.2147859009294353,True,Crítica
2025-12-12 03:30:00,Pump_2,189310002,1.636,1.853,1.639,0.21491463774730968,True,Crítica
2025-12-12 04:00:00,Pump_2,189310002,1.647,1.862,1.649,0.21496172049916273,True,Crítica
2025-12-12 04:30:00,Pump_2,189310002,1.651,1.847,1.652,0.215254279193501,True,Crítica
2025-12-12 05:00:00,Pump_2,189310002,1.649,1.851,1.654,0.21230140960456,True,Crítica
2025-12-12 05:30:00,Pump_2,189310002,1.64,1.861,1.644,0.2127709712559979,True,Crítica
2025-12-12 06:00:00,Pump_2,189310002,1.655,1.845,1.66,0.21296492184205276,True,Crítica
2025-12-12 06:30:00,Pump_2,189310002,1.644,1.856,1.644,0.21318247170548504,True,Crítica
2025-12-12 07:00:00,Pump_2,189310002,1.658,1.85,1.659,0.21334577505056396,True,Crítica
2025-12-12 07:30:00,Pump_2,189310002,1.644,1.846,1.657,0.21368832927151996,True,Crítica
2025-12-12 08:00:00,Pump_2,189310002,1.658,1.861,1.657,0.21375009416566856,True,Crítica
2025-12-12 08:30:00,Pump_2,189310002,1.646,1.863,1.661,0.2143090901743737,True,Crítica
2025-12-12 09:00:00,Pump_2,189310002,1.648,1.858,1.654,0.21477062936979724,True,Crítica
2025-12-12 09:30:00,Pump_2,189310002,1.651,1.859,1.656,0.2150330194296912,True,Crítica
2025-12-12 10:00:00,Pump_2,189310002,1.65,1.858,1.656,0.2153943437180056,True,Crítica
2025-12-12 10:30:00,Pump_2,189310002,1.647,1.847,1.65,0.21572031006167594,True,Crítica
2025-12-12 11:00:00,Pump_2,189310002,1.648,1.85,1.652,0.21100225652849647,True,Crítica
2025-12-12 11:30:00,Pump_2,189310002,1.658,1.862,1.653,0.21110171846893178,True,Crítica
2025-12-12 12:00:00,Pump_2,189310002,2.128,1.851,1.653,0.2113524562698531,True,Crítica
2025-12-12 12:30:00,Pump_2,189310002,1.658,1.866,1.656,0.21502446454713095,True,Crítica
2025-12-12 13:00:00,Pump_2,189310002,1.661,1.858,1.668,0.21541451559063912,True,Crítica
2025-12-12 13:30:00,Pump_2,189310002,1.652,1.854,1.666,0.21584728464754555,True,Crítica
2025-12-12 14:00:00,Pump_2,189310002,1.654,1.852,1.662,0.21605977405543036,True,Crítica
2025-12-12 14:30:00,Pump_2,189310002,1.655,1.848,1.661,0.21627084025556836,True,Crítica
2025-12-12 15:00:00,Pump_2,189310002,1.654,1.851,1.653,0.21637378799249504,True,Crítica
2025-12-12 15:30:00,Pump_2,189310002,1.661,1.849,1.653,0.21665978773940375,True,Crítica
2025-12-12 16:00:00,Pump_2,189310002,1.674,1.852,1.669,0.21692547831308082,True,Crítica
2025-12-12 16:30:00,Pump_2,189310002,1.676,1.864,1.657,0.21721108376855242,True,Crítica
2025-12-12 17:00:00,Pump_2,189310002,1.668,1.85,1.665,0.2175479876741828,True,Crítica
2025-12-12 17:30:00,Pump_2,189310002,1.662,1.863,1.668,0.21775382613003744,True,Crítica
2025-12-12 18:00:00,Pump_2,189310002,1.661,1.849,1.669,0.21812134225088264,True,Crítica
2025-12-12 18:30:00,Pump_2,189310002,1.67,1.857,1.654,0.21824094709774317,True,Crítica
2025-12-12 19:00:00,Pump_2,189310002,1.676,1.849,1.66,0.21851209757874698,True,Crítica
2025-12-12 19:30:00,Pump_2,189310002,1.68,1.853,1.67,0.21862468069517596,True,Crítica
2025-12-12 20:00:00,Pump_2,189310002,1.661,1.865,1.668,0.21902305698999586,True,Crítica
2025-12-12 20:30:00,Pump_2,189310002,1.666,1.858,1.66,0.21916358960264967,True,Crítica
2025-12-12 21:00:00,Pump_2,189310002,1.661,1.852,1.673,0.21926453089277045,True,Crítica
2025-12-12 21:30:00,Pump_2,189310002,1.667,1.867,1.667,0.21947061843998936,True,Crítica
2025-12-12 22:00:00,Pump_2,189310002,1.667,1.871,1.67,0.2197409297064446,True,Crítica
2025-12-12 22:30:00,Pump_2,189310002,1.673,1.856,1.669,0.22007808651129282,True,Crítica
2025-12-12 23:00:00,Pump_2,189310002,1.675,1.873,1.66,0.2204828305596004,True,Crítica
2025-12-12 23:30:00,Pump_2,189310002,1.675,1.871,1.659,0.22091367969239945,True,Crítica
2025-12-13 00:00:00,Pump_2,189310002,1.673,1.871,1.67,0.22116189188616506,True,Crítica
2025-12-13 00:30:00,Pump_2,189310002,1.661,1.856,1.66,0.21822291619829354,True,Crítica
2025-12-13 01:00:00,Pump_2,189310002,2.26,1.857,1.658,0.21821647812352093,True,Crítica
2025-12-13 01:30:00,Pump_2,189310002,1.657,1.861,1.66,0.2224945117928511,True,Crítica
2025-12-13 02:00:00,Pump_2,189310002,1.654,1.877,1.659,0.22253524466179803,True,Crítica
2025-12-13 02:30:00,Pump_2,189310002,1.655,1.874,1.653,0.22269071681420963,True,Crítica
2025-12-13 03:00:00,Pump_2,189310002,1.669,1.874,1.658,0.22280909481376757,True,Crítica
2025-12-13 03:30:00,Pump_2,189310002,1.663,1.868,1.654,0.2231269391096955,True,Crítica
2025-12-13 04:00:00,Pump_2,189310002,1.669,1.862,1.656,0.22328754895577985,True,Crítica
2025-12-13 04:30:00,Pump_2,189310002,1.653,1.875,1.654,0.22320992585034866,True,Crítica
2025-12-13 05:00:00,Pump_2,189310002,1.658,1.865,1.671,0.22310800474557885,True,Crítica
2025-12-13 05:30:00,Pump_2,189310002,1.65,1.879,1.661,0.22317909023619087,True,Crítica
2025-12-13 06:00:00,Pump_2,189310002,1.653,1.877,1.657,0.22314500902742093,True,Crítica
2025-12-13 06:30:00,Pump_2,189310002,1.662,1.881,1.672,0.22317301865475,True,Crítica
2025-12-13 07:00:00,Pump_2,189310002,1.659,1.882,1.653,0.22342927033895277,True,Crítica
2025-12-13 07:30:00,Pump_2,189310002,1.652,1.87,1.659,0.22347515096945145,True,Crítica
2025-12-13 08:00:00,Pump_2,189310002,1.661,1.887,1.658,0.22328452907332805,True,Crítica
2025-12-13 08:30:00,Pump_2,189310002,1.653,1.882,1.663,0.22335381871075688,True,Crítica
2025-12-13 09:00:00,Pump_2,189310002,1.645,1.877,1.665,0.22344994533709572,True,Crítica
2025-12-13 09:30:00,Pump_2,189310002,1.655,1.885,1.664,0.2234328477055378,True,Crítica
2025-12-13 10:00:00,Pump_2,189310002,1.647,1.89,1.665,0.2234556369823436,True,Crítica
2025-12-13 10:30:00,Pump_2,189310002,1.646,1.889,1.657,0.22341576358939402,True,Crítica
2025-12-13 11:00:00,Pump_2,189310002,1.651,1.886,1.659,0.22336156088777315,True,Crítica
2025-12-13 11:30:00,Pump_2,189310002,1.646,1.874,1.67,0.22328529755471122,True,Crítica
2025-12-13 12:00:00,Pump_2,189310002,1.647,1.894,1.653,0.22318694030779496,True,Crítica
2025-12-13 12:30:00,Pump_2,189310002,1.654,1.888,1.663,0.2230240589345411,True,Crítica
2025-12-13 13:00:00,Pump_2,189310002,1.646,1.895,1.671,0.22321594929938954,True,Crítica
2025-12-13 13:30:00,Pump_2,189310002,1.641,1.886,1.661,0.21919804485713174,True,Crítica
2025-12-13 14:00:00,Pump_2,189310002,1.65,1.88,1.657,0.2192642592907657,True,Crítica
2025-12-13 14:30:00,Pump_2,189310002,1.655,1.894,1.666,0.21924248338446034,True,Crítica
2025-12-13 15:00:00,Pump_2,189310002,1.648,1.896,1.666,0.2194988840623075,True,Crítica
2025-12-13 15:30:00,Pump_2,189310002,1.656,1.885,1.664,0.2195751563451545,True,Crítica
2025-12-13 16:00:00,Pump_2,189310002,1.639,1.888,1.66,0.21972706540065148,True,Crítica
2025-12-13 16:30:00,Pump_2,189310002,1.637,1.883,1.669,0.21972538471445863,True,Crítica
2025-12-13 17:00:00,Pump_2,189310002,1.643,1.894,1.657,0.2197880988650618,True,Crítica
2025-12-13 17:30:00,Pump_2,189310002,1.643,1.894,1.666,0.21976261206524586,True,Crítica
2025-12-13 18:00:00,Pump_2,189310002,1.653,1.903,1.662,0.21986042670264616,True,Crítica
2025-12-13 18:30:00,Pump_2,189310002,1.647,1.891,1.651,0.22009329619805193,True,Crítica
2025-12-13 19:00:00,Pump_2,189310002,1.645,1.89,1.654,0.2198814802837005,True,Crítica
2025-12-13 19:30:00,Pump_2,189310002,1.648,1.903,1.653,0.21985167575850478,True,Crítica
2025-12-13 20:00:00,Pump_2,189310002,1.637,1.892,1.665,0.22001032132113119,True,Crítica
2025-12-13 20:30:00,Pump_2,189310002,1.646,1.894,1.666,0.21993454969444107,True,Crítica
2025-12-13 21:00:00,Pump_2,189310002,1.649,1.895,1.656,0.21999259737254975,True,Crítica
2025-12-13 21:30:00,Pump_2,189310002,1.639,1.893,1.664,0.22007212734761009,True,Crítica
2025-12-13 22:00:00,Pump_2,189310002,1.63,1.897,1.668,0.22001265252149524,True,Crítica
2025-12-13 22:30:00,Pump_2,189310002,1.648,1.908,1.652,0.21996380184283723,True,Crítica
2025-12-13 23:00:00,Pump_2,189310002,1.639,1.909,1.651,0.220084268178694,True,Crítica
2025-12-13 23:30:00,Pump_2,189310002,1.639,1.898,1.663,0.2201056106141072,True,Crítica
2025-12-14 00:00:00,Pump_2,189310002,1.647,1.896,1.655,0.22015877261822142,True,Crítica
2025-12-14 00:30:00,Pump_2,189310002,1.63,1.909,1.654,0.22020078892634254,True,Crítica
2025-12-14 01:00:00,Pump_2,189310002,1.634,1.913,1.652,0.22011105497550895,True,Crítica
2025-12-14 01:30:00,Pump_2,189310002,1.63,1.906,1.656,0.22000331838819426,True,Crítica
2025-12-14 02:00:00,Pump_2,189310002,1.631,1.914,1.653,0.2200268477228633,True,Crítica
2025-12-14 02:30:00,Pump_2,189310002,1.63,1.914,1.649,0.22010464485686795,True,Crítica
2025-12-14 03:00:00,Pump_2,189310002,1.63,1.912,1.667,0.21993550898406797,True,Crítica
2025-12-14 03:30:00,Pump_2,189310002,1.633,1.916,1.663,0.21992991902752074,True,Crítica
2025-12-14 04:00:00,Pump_2,189310002,1.631,1.918,1.666,0.21997681399623484,True,Crítica
2025-12-14 04:30:00,Pump_2,189310002,1.64,1.903,1.659,0.2201832931465914,True,Crítica
2025-12-14 05:00:00,Pump_2,189310002,1.639,1.903,1.651,0.2202545825163425,True,Crítica
2025-12-14 05:30:00,Pump_2,189310002,1.627,1.922,1.66,0.2202437488427179,True,Crítica
2025-12-14 06:00:00,Pump_2,189310002,1.628,1.916,1.662,0.22028130774185342,True,Crítica
2025-12-14 06:30:00,Pump_2,189310002,1.637,1.916,1.667,0.22019969834605724,True,Crítica
2025-12-14 07:00:00,Pump_2,189310002,1.619,1.922,1.662,0.22044125064024098,True,Crítica
2025-12-14 07:30:00,Pump_2,189310002,1.636,1.907,1.666,0.22055120412069373,True,Crítica
2025-12-14 08:00:00,Pump_2,189310002,1.632,1.907,1.65,0.22060391217909173,True,Crítica
2025-12-14 08:30:00,Pump_2,189310002,1.629,1.92,1.659,0.22054403813024046,True,Crítica
2025-12-14 09:00:00,Pump_2,189310002,1.625,1.915,1.656,0.22054493700362693,True,Crítica
2025-12-14 09:30:00,Pump_2,189310002,1.625,1.921,1.65,0.22051299615292994,True,Crítica
2025-12-14 10:00:00,Pump_2,189310002,1.63,1.914,1.663,0.2204914785031684,True,Crítica
2025-12-14 10:30:00,Pump_2,189310002,1.616,1.915,1.658,0.22055898556922215,True,Crítica
2025-12-14 11:00:00,Pump_2,189310002,1.629,1.927,1.664,0.22042938973127446,True,Crítica
2025-12-14 11:30:00,Pump_2,189310002,1.626,1.932,1.647,0.22059777979801595,True,Crítica
2025-12-14 12:00:00,Pump_2,189310002,1.623,1.932,1.663,0.22061367438633195,True,Crítica
2025-12-14 12:30:00,Pump_2,189310002,1.615,1.916,1.666,0.22076263944704724,True,Crítica
2025-12-14 13:00:00,Pump_2,189310002,1.614,1.93,1.651,0.2208002117826423,True,Crítica
2025-12-14 13:30:00,Pump_2,189310002,1.627,1.923,1.652,0.2207789629668636,True,Crítica
2025-12-14 14:00:00,Pump_2,189310002,1.621,1.932,1.659,0.22084864251610695,True,Crítica
2025-12-14 14:30:00,Pump_2,189310002,1.625,1.918,1.647,0.22096507690329104,True,Crítica
2025-12-14 15:00:00,Pump_2,189310002,1.624,1.932,1.659,0.22095105161021028,True,Crítica
2025-12-14 15:30:00,Pump_2,189310002,1.618,1.934,1.664,0.22098691362873932,True,Crítica
2025-12-14 16:00:00,Pump_2,189310002,1.627,1.928,1.647,0.22101989127660027,True,Crítica
2025-12-14 16:30:00,Pump_2,189310002,1.625,1.939,1.662,0.22091052846080406,True,Crítica
2025-12-14 17:00:00,Pump_2,189310002,1.628,1.938,1.655,0.22108660447812495,True,Crítica
2025-12-14 17:30:00,Pump_2,189310002,1.62,1.931,1.652,0.22129885268877153,True,Crítica
2025-12-14 18:00:00,Pump_2,189310002,1.619,1.928,1.662,0.22125588747859792,True,Crítica
2025-12-14 18:30:00,Pump_2,189310002,1.624,1.936,1.645,0.22127669734615668,True,Crítica
2025-12-14 19:00:00,Pump_2,189310002,1.623,1.94,1.653,0.22114881061109848,True,Crítica
2025-12-14 19:30:00,Pump_2,189310002,1.62,1.931,1.659,0.22123691123737213,True,Crítica
2025-12-14 20:00:00,Pump_2,189310002,1.615,1.928,1.659,0.22122552964586262,True,Crítica
2025-12-14 20:30:00,Pump_2,189310002,1.618,1.94,1.663,0.2213224222768027,True,Crítica
2025-12-14 21:00:00,Pump_2,189310002,1.612,1.935,1.665,0.22141891482021447,True,Crítica
2025-12-14 21:30:00,Pump_2,189310002,1.604,1.945,1.656,0.2215369918721316,True,Crítica
2025-12-14 22:00:00,Pump_2,189310002,1.62,1.933,1.656,0.2216116627020583,True,Crítica
2025-12-14 22:30:00,Pump_2,189310002,1.619,1.943,1.648,0.22160984626023075,True,Crítica
2025-12-14 23:00:00,Pump_2,189310002,1.606,1.931,1.647,0.22174892185728512,True,Crítica
2025-12-14 23:30:00,Pump_2,189310002,1.606,1.944,1.648,0.221469439457836,True,Crítica
2025-12-15 00:00:00,Pump_2,189310002,1.606,1.934,1.641,0.22143104922171722,True,Crítica
2025-12-15 00:30:00,Pump_2,189310002,1.608,1.935,1.647,0.22114139664138194,True,Crítica
2025-12-15 01:00:00,Pump_2,189310002,1.614,1.927,1.64,0.2210583869823256,True,Crítica
2025-12-15 01:30:00,Pump_2,189310002,1.932,1.939,1.649,0.22094634226770615,True,Crítica
2025-12-15 02:00:00,Pump_2,189310002,1.617,1.928,1.654,0.22326276545861937,True,Crítica
2025-12-15 02:30:00,Pump_2,189310002,1.613,1.929,1.656,0.2231637477180738,True,Crítica
2025-12-15 03:00:00,Pump_2,189310002,1.616,1.929,1.647,0.22322463291457723,True,Crítica
2025-12-15 03:30:00,Pump_2,189310002,1.611,1.931,1.652,0.22304399465709335,True,Crítica
2025-12-15 04:00:00,Pump_2,189310002,1.625,1.941,1.644,0.22286713587244814,True,Crítica
2025-12-15 04:30:00,Pump_2,189310002,1.608,1.93,1.637,0.22292770134392656,True,Crítica
2025-12-15 05:00:00,Pump_2,189310002,1.61,1.932,1.638,0.22253487434714606,True,Crítica
2025-12-15 05:30:00,Pump_2,189310002,1.617,1.938,1.648,0.22222440537674049,True,Crítica
2025-12-15 06:00:00,Pump_2,189310002,1.622,1.94,1.638,0.22221922498898788,True,Crítica
2025-12-15 06:30:00,Pump_2,189310002,1.621,1.934,1.649,0.22212507857139155,True,Crítica
2025-12-15 07:00:00,Pump_2,189310002,1.62,1.939,1.643,0.2221244737373517,True,Crítica
2025-12-15 07:30:00,Pump_2,189310002,1.614,1.927,1.634,0.22201550613488016,True,Crítica
2025-12-15 08:00:00,Pump_2,189310002,1.613,1.932,1.642,0.22172808940722305,True,Crítica
2025-12-15 08:30:00,Pump_2,189310002,1.619,1.924,1.637,0.2215900194055457,True,Crítica
2025-12-15 09:00:00,Pump_2,189310002,1.627,1.926,1.629,0.2212582601321381,True,Crítica
2025-12-15 09:30:00,Pump_2,189310002,1.619,1.932,1.646,0.22099571362314266,True,Crítica
2025-12-15 10:00:00,Pump_2,189310002,1.629,1.941,1.627,0.22092606734933815,True,Crítica
2025-12-15 10:30:00,Pump_2,189310002,1.63,1.934,1.639,0.22081377138169933,True,Crítica
2025-12-15 11:00:00,Pump_2,189310002,1.622,1.932,1.63,0.22076362769127747,True,Crítica
2025-12-15 11:30:00,Pump_2,189310002,1.617,1.929,1.638,0.22075164839575762,True,Crítica
2025-12-15 12:00:00,Pump_2,189310002,1.613,1.93,1.639,0.2206478680680508,True,Crítica
2025-12-15 12:30:00,Pump_2,189310002,1.625,1.938,1.623,0.22065652514293102,True,Crítica
2025-12-15 13:00:00,Pump_2,189310002,1.851,1.925,1.64,0.22061012900470753,True,Crítica
2025-12-15 13:30:00,Pump_2,189310002,1.622,1.938,1.63,0.22232115067471728,True,Crítica
2025-12-15 14:00:00,Pump_2,189310002,2.155,1.923,1.624,0.2199489782755485,True,Crítica
2025-12-15 14:30:00,Pump_2,189310002,1.63,1.93,1.636,0.22358463080398985,True,Crítica
2025-12-15 15:00:00,Pump_2,189310002,1.622,1.938,1.632,0.22354934409064187,True,Crítica
2025-12-15 15:30:00,Pump_2,189310002,1.615,1.933,1.633,0.22353247039542706,True,Crítica
2025-12-15 16:00:00,Pump_2,189310002,1.63,1.938,1.624,0.22341186596296783,True,Crítica
2025-12-15 16:30:00,Pump_2,189310002,1.617,1.926,1.628,0.22326758808847538,True,Crítica
2025-12-15 17:00:00,Pump_2,189310002,1.623,1.934,1.631,0.22322575302670522,True,Crítica
2025-12-15 17:30:00,Pump_2,189310002,1.633,1.934,1.634,0.22327520273701465,True,Crítica
2025-12-15 18:00:00,Pump_2,189310002,1.622,1.922,1.614,0.22324334403442092,True,Crítica
2025-12-15 18:30:00,Pump_2,189310002,1.617,1.928,1.629,0.2229163183963619,True,Crítica
2025-12-15 19:00:00,Pump_2,189310002,1.629,1.931,1.631,0.22266745532658552,True,Crítica
2025-12-15 19:30:00,Pump_2,189310002,1.632,1.94,1.616,0.22256728273308182,True,Crítica
2025-12-15 20:00:00,Pump_2,189310002,1.625,1.931,1.612,0.2226368623017201,True,Crítica
2025-12-15 20:30:00,Pump_2,189310002,1.624,1.927,1.618,0.22245861613728118,True,Crítica
2025-12-15 21:00:00,Pump_2,189310002,1.633,1.922,1.612,0.22234541702555305,True,Crítica
2025-12-15 21:30:00,Pump_2,189310002,1.625,1.932,1.623,0.22221303064280204,True,Crítica
2025-12-15 22:00:00,Pump_2,189310002,1.626,1.922,1.622,0.222060926525125,True,Crítica
2025-12-15 22:30:00,Pump_2,189310002,1.624,1.925,1.621,0.22186787441610298,True,Crítica
2025-12-15 23:00:00,Pump_2,189310002,1.636,1.931,1.609,0.2216155912915153,True,Crítica
2025-12-15 23:30:00,Pump_2,189310002,1.637,1.929,1.613,0.22155101739809924,True,Crítica
2025-12-16 00:00:00,Pump_2,189310002,1.633,1.933,1.615,0.2214977287239515,True,Crítica
2025-12-16 00:30:00,Pump_2,189310002,1.638,1.929,1.608,0.22147160507822233,True,Crítica
2025-12-16 01:00:00,Pump_2,189310002,1.623,1.929,1.607,0.2213867997669484,True,Crítica
2025-12-16 01:30:00,Pump_2,189310002,1.63,1.926,1.607,0.21948082145039277,True,Crítica
2025-12-16 02:00:00,Pump_2,189310002,1.632,1.919,1.607,0.21926365337392406,True,Crítica
2025-12-16 02:30:00,Pump_2,189310002,1.641,1.919,1.607,0.2153219960514794,True,Crítica
2025-12-16 03:00:00,Pump_2,189310002,1.622,1.925,1.617,0.2150813590533599,True,Crítica
2025-12-16 03:30:00,Pump_2,189310002,1.638,1.935,1.609,0.21486514341113383,True,Crítica
2025-12-16 04:00:00,Pump_2,189310002,1.638,1.922,1.603,0.21485122834749776,True,Crítica
2025-12-16 04:30:00,Pump_2,189310002,1.639,1.931,1.599,0.21462759211998364,True,Crítica
2025-12-16 05:00:00,Pump_2,189310002,1.623,1.936,1.606,0.2145858243593487,True,Crítica
2025-12-16 05:30:00,Pump_2,189310002,1.641,1.932,1.607,0.2143974423777462,True,Crítica
2025-12-16 06:00:00,Pump_2,189310002,1.634,1.918,1.614,0.21421921458267315,True,Crítica
2025-12-16 06:30:00,Pump_2,189310002,1.634,1.926,1.613,0.21427347790077386,True,Crítica
2025-12-16 07:00:00,Pump_2,189310002,1.639,1.927,1.597,0.21424539578155782,True,Crítica
2025-12-16 07:30:00,Pump_2,189310002,1.635,1.926,1.605,0.21400913523709106,True,Crítica
2025-12-16 08:00:00,Pump_2,189310002,1.635,1.923,1.607,0.21384718545528558,True,Crítica
2025-12-16 08:30:00,Pump_2,189310002,1.626,1.917,1.6,0.2138234291702305,True,Crítica
2025-12-16 09:00:00,Pump_2,189310002,1.64,1.918,1.605,0.21361430454780875,True,Crítica
2025-12-16 09:30:00,Pump_2,189310002,1.635,1.929,1.608,0.21357555762330527,True,Crítica
2025-12-16 10:00:00,Pump_2,189310002,1.641,1.927,1.6,0.21350167313682267,True,Crítica
2025-12-16 10:30:00,Pump_2,189310002,1.646,1.917,1.6,0.21346071848882917,True,Crítica
2025-12-16 11:00:00,Pump_2,189310002,1.642,1.933,1.596,0.21338367518730467,True,Crítica
2025-12-16 11:30:00,Pump_2,189310002,1.633,1.923,1.59,0.21334319482613923,True,Crítica
2025-12-16 12:00:00,Pump_2,189310002,1.639,1.921,1.598,0.21308499463220462,True,Crítica
2025-12-16 12:30:00,Pump_2,189310002,1.642,1.935,1.589,0.2129030328968138,True,Crítica
2025-12-16 13:00:00,Pump_2,189310002,1.639,1.917,1.595,0.2128274204595687,True,Crítica
2025-12-16 13:30:00,Pump_2,189310002,1.647,1.934,1.6,0.2127579050530346,True,Crítica
2025-12-16 14:00:00,Pump_2,189310002,1.643,1.923,1.589,0.21288418023874067,True,Crítica
2025-12-16 14:30:00,Pump_2,189310002,1.642,1.93,1.599,0.21284309629190015,True,Crítica
2025-12-16 15:00:00,Pump_2,189310002,1.642,1.922,1.583,0.21286323117278677,True,Crítica
2025-12-16 15:30:00,Pump_2,189310002,1.641,1.925,1.594,0.21270510518225486,True,Crítica
2025-12-16 16:00:00,Pump_2,189310002,1.649,1.923,1.585,0.21253689361735262,True,Crítica
2025-12-16 16:30:00,Pump_2,189310002,1.635,1.922,1.599,0.21248032766802627,True,Crítica
2025-12-16 17:00:00,Pump_2,189310002,1.641,1.927,1.582,0.21239362219891036,True,Crítica
2025-12-16 17:30:00,Pump_2,189310002,1.644,1.925,1.583,0.21227277813676304,True,Crítica
2025-12-16 18:00:00,Pump_2,189310002,1.647,1.918,1.579,0.21205442584317646,True,Crítica
2025-12-16 18:30:00,Pump_2,189310002,1.635,1.923,1.585,0.21185668996494136,True,Crítica
2025-12-16 19:00:00,Pump_2,189310002,1.632,1.913,1.584,0.21161094777962888,True,Crítica
2025-12-16 19:30:00,Pump_2,189310002,1.647,1.922,1.591,0.21135430298214575,True,Crítica
2025-12-16 20:00:00,Pump_2,189310002,1.653,1.932,1.583,0.21129639224724978,True,Crítica
2025-12-16 20:30:00,Pump_2,189310002,1.645,1.923,1.585,0.21129564475330379,True,Crítica
2025-12-16 21:00:00,Pump_2,189310002,1.642,1.926,1.581,0.21134990358996353,True,Crítica
2025-12-16 21:30:00,Pump_2,189310002,1.644,1.929,1.593,0.21122131234295982,True,Crítica
2025-12-16 22:00:00,Pump_2,189310002,1.643,1.931,1.583,0.21116077034169792,True,Crítica
2025-12-16 22:30:00,Pump_2,189310002,1.635,1.916,1.574,0.21106633905390074,True,Crítica
2025-12-16 23:00:00,Pump_2,189310002,1.638,1.928,1.589,0.21075973688122435,True,Crítica
2025-12-16 23:30:00,Pump_2,189310002,1.646,1.923,1.581,0.21064044932030393,True,Crítica
2025-12-17 00:00:00,Pump_2,189310002,1.645,1.93,1.579,0.2106622275736682,True,Crítica
2025-12-17 00:30:00,Pump_2,189310002,1.637,1.929,1.588,0.21061513722837902,True,Crítica
2025-12-17 01:00:00,Pump_2,189310002,1.656,1.925,1.579,0.21053510463145056,True,Crítica
2025-12-17 01:30:00,Pump_2,189310002,1.644,1.925,1.576,0.21058312090129402,True,Crítica
2025-12-17 02:00:00,Pump_2,189310002,1.641,1.914,1.578,0.2103033787565562,True,Crítica
2025-12-17 02:30:00,Pump_2,189310002,1.652,1.921,1.574,0.21013232447817282,True,Crítica
2025-12-17 03:00:00,Pump_2,189310002,1.655,1.916,1.588,0.20993534440206998,True,Crítica
2025-12-17 03:30:00,Pump_2,189310002,1.651,1.917,1.591,0.2100264283313499,True,Crítica
2025-12-17 04:00:00,Pump_2,189310002,1.648,1.917,1.584,0.21001152188363062,True,Crítica
2025-12-17 04:30:00,Pump_2,189310002,1.639,1.917,1.578,0.20995134409163235,True,Crítica
2025-12-17 05:00:00,Pump_2,189310002,1.654,1.928,1.581,0.20976393080900987,True,Crítica
2025-12-17 05:30:00,Pump_2,189310002,1.658,1.915,1.591,0.2098614043616231,True,Crítica
2025-12-17 06:00:00,Pump_2,189310002,1.659,1.918,1.575,0.20995275635306554,True,Crítica
2025-12-17 06:30:00,Pump_2,189310002,1.644,1.916,1.584,0.2100060552508739,True,Crítica
2025-12-17 07:00:00,Pump_2,189310002,1.656,1.92,1.577,0.21000764411774434,True,Crítica
2025-12-17 07:30:00,Pump_2,189310002,1.652,1.92,1.578,0.21016884040205375,True,Crítica
2025-12-17 08:00:00,Pump_2,189310002,1.656,1.917,1.577,0.21007934022014876,True,Crítica
2025-12-17 08:30:00,Pump_2,189310002,1.648,1.913,1.578,0.20994601990379658,True,Crítica
2025-12-17 09:00:00,Pump_2,189310002,1.661,1.914,1.582,0.2098339037454512,True,Crítica
2025-12-17 09:30:00,Pump_2,189310002,1.654,1.916,1.578,0.2098922671629454,True,Crítica
2025-12-17 10:00:00,Pump_2,189310002,1.661,1.915,1.574,0.20974467592377494,True,Crítica
2025-12-17 10:30:00,Pump_2,189310002,1.662,1.923,1.589,0.2096885452854146,True,Crítica
2025-12-17 11:00:00,Pump_2,189310002,1.65,1.915,1.591,0.21005845803834375,True,Crítica
2025-12-17 11:30:00,Pump_2,189310002,1.654,1.912,1.581,0.2100651480310611,True,Crítica
2025-12-17 12:00:00,Pump_2,189310002,1.649,1.926,1.574,0.21004388651533207,True,Crítica
2025-12-17 12:30:00,Pump_2,189310002,1.663,1.915,1.591,0.2100134253770335,True,Crítica
2025-12-17 13:00:00,Pump_2,189310002,1.655,1.922,1.589,0.21012502455268334,True,Crítica
2025-12-17 13:30:00,Pump_2,189310002,1.665,1.918,1.591,0.2101821962886895,True,Crítica
2025-12-17 14:00:00,Pump_2,189310002,1.666,1.915,1.575,0.21041082783070478,True,Crítica
2025-12-17 14:30:00,Pump_2,189310002,1.647,1.909,1.587,0.2105754999564223,True,Crítica
2025-12-17 15:00:00,Pump_2,189310002,1.659,1.918,1.574,0.2105598821431688,True,Crítica
2025-12-17 15:30:00,Pump_2,189310002,1.659,1.92,1.587,0.21048679264095987,True,Crítica
2025-12-17 16:00:00,Pump_2,189310002,1.657,1.919,1.591,0.21052915974187178,True,Crítica
2025-12-17 16:30:00,Pump_2,189310002,1.656,1.919,1.581,0.21066348060317763,True,Crítica
2025-12-17 17:00:00,Pump_2,189310002,1.65,1.905,1.574,0.2108277057037359,True,Crítica
2025-12-17 17:30:00,Pump_2,189310002,1.665,1.923,1.574,0.2105772831255386,True,Crítica
2025-12-17 18:00:00,Pump_2,189310002,1.661,1.918,1.584,0.21054470387727736,True,Crítica
2025-12-17 18:30:00,Pump_2,189310002,1.652,1.924,1.585,0.2106358869846896,True,Crítica
2025-12-17 19:00:00,Pump_2,189310002,1.656,1.919,1.575,0.2107595353683018,True,Crítica
2025-12-17 19:30:00,Pump_2,189310002,1.668,1.916,1.585,0.2107407680816807,True,Crítica
2025-12-17 20:00:00,Pump_2,189310002,1.665,1.907,1.58,0.21088723412336277,True,Crítica
2025-12-17 20:30:00,Pump_2,189310002,1.656,1.923,1.586,0.21090382420303866,True,Crítica
2025-12-17 21:00:00,Pump_2,189310002,1.666,1.916,1.574,0.21110006037690265,True,Crítica
2025-12-17 21:30:00,Pump_2,189310002,1.656,1.919,1.59,0.2110852883794734,True,Crítica
2025-12-17 22:00:00,Pump_2,189310002,1.667,1.92,1.58,0.21122053297968468,True,Crítica
2025-12-17 22:30:00,Pump_2,189310002,1.659,1.917,1.579,0.2113547434557248,True,Crítica
2025-12-17 23:00:00,Pump_2,189310002,1.654,1.904,1.582,0.211209587234267,True,Crítica
2025-12-17 23:30:00,Pump_2,189310002,1.67,1.918,1.576,0.21107742597359858,True,Crítica
2025-12-18 00:00:00,Pump_2,189310002,1.667,1.904,1.576,0.21119742697574242,True,Crítica
2025-12-18 00:30:00,Pump_2,189310002,1.669,1.921,1.59,0.21119190447638297,True,Crítica
2025-12-18 01:00:00,Pump_2,189310002,1.666,1.916,1.587,0.21126727731858952,True,Crítica
2025-12-18 01:30:00,Pump_2,189310002,1.656,1.916,1.575,0.21128591572608746,True,Crítica
2025-12-18 02:00:00,Pump_2,189310002,1.666,1.92,1.583,0.21107198491030404,True,Crítica
2025-12-18 02:30:00,Pump_2,189310002,1.673,1.911,1.576,0.21117575359191618,True,Crítica
2025-12-18 03:00:00,Pump_2,189310002,1.664,1.914,1.584,0.21128201014060208,True,Crítica
2025-12-18 03:30:00,Pump_2,189310002,1.667,1.918,1.581,0.21137346433601556,True,Crítica
2025-12-18 04:00:00,Pump_2,189310002,1.676,1.916,1.583,0.21136709583694477,True,Crítica
2025-12-18 04:30:00,Pump_2,189310002,1.662,1.914,1.591,0.2114137331113233,True,Crítica
2025-12-18 05:00:00,Pump_2,189310002,1.663,1.909,1.585,0.2115004790139226,True,Crítica
2025-12-18 05:30:00,Pump_2,189310002,1.671,1.903,1.591,0.21170821296873793,True,Crítica
2025-12-18 06:00:00,Pump_2,189310002,1.675,1.915,1.589,0.2117471445182516,True,Crítica
2025-12-18 06:30:00,Pump_2,189310002,1.668,1.901,1.592,0.21186706391892324,True,Crítica
2025-12-18 07:00:00,Pump_2,189310002,1.67,1.906,1.578,0.21187019016579983,True,Crítica
2025-12-18 07:30:00,Pump_2,189310002,1.676,1.911,1.588,0.21190444608433878,True,Crítica
2025-12-18 08:00:00,Pump_2,189310002,1.664,1.9,1.581,0.21194765703688068,True,Crítica
2025-12-18 08:30:00,Pump_2,189310002,1.68,1.913,1.579,0.21189092916830152,True,Crítica
2025-12-18 09:00:00,Pump_2,189310002,1.665,1.904,1.578,0.21193857039284208,True,Crítica
2025-12-18 09:30:00,Pump_2,189310002,1.664,1.917,1.574,0.21187926998807338,True,Crítica
2025-12-18 10:00:00,Pump_2,189310002,1.676,1.916,1.581,0.21179276699479965,True,Crítica
2025-12-18 10:30:00,Pump_2,189310002,1.673,1.898,1.585,0.21184121329016314,True,Crítica
2025-12-18 11:00:00,Pump_2,189310002,1.667,1.915,1.579,0.21185071556756474,True,Crítica
2025-12-18 11:30:00,Pump_2,189310002,2.141,1.902,1.575,0.21199554958876166,True,Crítica
2025-12-18 12:00:00,Pump_2,189310002,1.669,1.908,1.582,0.21531140683616065,True,Crítica
2025-12-18 12:30:00,Pump_2,189310002,1.676,1.905,1.592,0.21540888952707693,True,Crítica
2025-12-18 13:00:00,Pump_2,189310002,1.672,1.913,1.928,0.2153587672827795,True,Crítica
2025-12-18 13:30:00,Pump_2,189310002,1.673,1.911,1.577,0.21810914284690122,True,Crítica
2025-12-18 14:00:00,Pump_2,189310002,1.684,1.904,1.592,0.2182196577335424,True,Crítica
2025-12-18 14:30:00,Pump_2,189310002,1.681,1.916,1.577,0.21831044775125616,True,Crítica
2025-12-18 15:00:00,Pump_2,189310002,1.673,1.911,1.579,0.21842107696319094,True,Crítica
2025-12-18 15:30:00,Pump_2,189310002,1.669,1.898,1.582,0.21842874469195997,True,Crítica
2025-12-18 16:00:00,Pump_2,189310002,1.666,1.913,1.576,0.21831014135936544,True,Crítica
2025-12-18 16:30:00,Pump_2,189310002,1.668,1.91,1.58,0.21816534884949162,True,Crítica
2025-12-18 17:00:00,Pump_2,189310002,1.673,1.912,1.582,0.2180895941118292,True,Crítica
2025-12-18 17:30:00,Pump_2,189310002,1.683,1.901,1.589,0.21815830193197566,True,Crítica
2025-12-18 18:00:00,Pump_2,189310002,1.67,1.913,1.587,0.21820317711259002,True,Crítica
2025-12-18 18:30:00,Pump_2,189310002,1.682,1.895,1.591,0.21813453222114232,True,Crítica
2025-12-18 19:00:00,Pump_2,189310002,1.686,1.902,1.589,0.21817060910469532,True,Crítica
2025-12-18 19:30:00,Pump_2,189310002,1.675,1.904,1.587,0.21834788122016122,True,Crítica
2025-12-18 20:00:00,Pump_2,189310002,1.671,1.914,1.592,0.2182846636926109,True,Crítica
2025-12-18 20:30:00,Pump_2,189310002,1.687,1.895,1.574,0.21853425920973585,True,Crítica
2025-12-18 21:00:00,Pump_2,189310002,1.689,1.896,1.584,0.21842960027628838,True,Crítica
2025-12-18 21:30:00,Pump_2,189310002,1.677,1.913,1.582,0.21860828384488873,True,Crítica
2025-12-18 22:00:00,Pump_2,189310002,1.671,1.904,1.576,0.2187654342441711,True,Crítica
2025-12-18 22:30:00,Pump_2,189310002,1.688,1.895,1.592,0.2186207879302259,True,Crítica
2025-12-18 23:00:00,Pump_2,189310002,1.677,1.906,1.581,0.21876960291419975,True,Crítica
2025-12-18 23:30:00,Pump_2,189310002,1.684,1.898,1.594,0.2188154213774607,True,Crítica
2025-12-19 00:00:00,Pump_2,189310002,1.677,1.9,1.578,0.21564390088548477,True,Crítica
2025-12-19 00:30:00,Pump_2,189310002,1.682,1.902,1.588,0.2156368477442593,True,Crítica
2025-12-19 01:00:00,Pump_2,189310002,1.676,1.906,1.588,0.21564046506573487,True,Crítica
2025-12-19 01:30:00,Pump_2,189310002,1.677,1.899,1.589,0.2126930550482498,True,Crítica
2025-12-19 02:00:00,Pump_2,189310002,1.68,1.904,1.592,0.21273379212698723,True,Crítica
2025-12-19 02:30:00,Pump_2,189310002,1.683,1.907,1.585,0.2126972894136344,True,Crítica
2025-12-19 03:00:00,Pump_2,189310002,1.681,1.904,1.588,0.21271994992772358,True,Crítica
2025-12-19 03:30:00,Pump_2,189310002,1.677,1.912,1.577,0.21280503230001224,True,Crítica
2025-12-19 04:00:00,Pump_2,189310002,1.672,1.904,1.579,0.21292578284565408,True,Crítica
2025-12-19 04:30:00,Pump_2,189310002,1.686,1.897,1.58,0.2129388939401696,True,Crítica
2025-12-19 05:00:00,Pump_2,189310002,1.675,1.911,1.58,0.21298124113373282,True,Crítica
2025-12-19 05:30:00,Pump_2,189310002,1.682,1.916,1.586,0.21298224181086078,True,Crítica
2025-12-19 06:00:00,Pump_2,189310002,1.675,1.913,1.594,0.21306138671694963,True,Crítica
2025-12-19 06:30:00,Pump_2,189310002,1.671,1.913,1.586,0.21316098327280153,True,Crítica
2025-12-19 07:00:00,Pump_2,189310002,1.686,1.909,1.585,0.21316694516892834,True,Crítica
2025-12-19 07:30:00,Pump_2,189310002,1.681,1.917,1.588,0.21318512595324865,True,Crítica
2025-12-19 08:00:00,Pump_2,189310002,1.677,1.916,1.581,0.21333497098168352,True,Crítica
2025-12-19 08:30:00,Pump_2,189310002,1.676,1.914,1.595,0.21330975706343244,True,Crítica
2025-12-19 09:00:00,Pump_2,189310002,1.678,1.918,1.588,0.21354120421625433,True,Crítica
2025-12-19 09:30:00,Pump_2,189310002,1.683,1.909,1.594,0.2136549032589705,True,Crítica
2025-12-19 10:00:00,Pump_2,189310002,1.673,1.916,1.588,0.2137746122877549,True,Crítica
2025-12-19 10:30:00,Pump_2,189310002,1.667,1.916,1.59,0.21398153056132496,True,Crítica
2025-12-19 11:00:00,Pump_2,189310002,1.677,1.906,1.596,0.21395960327687988,True,Crítica
2025-12-19 11:30:00,Pump_2,189310002,1.674,1.916,1.592,0.21408267638916204,True,Crítica
2025-12-19 12:00:00,Pump_2,189310002,1.683,1.917,1.582,0.21411801701620206,True,Crítica
2025-12-19 12:30:00,Pump_2,189310002,1.678,1.914,1.593,0.21432122838342776,True,Crítica
2025-12-19 13:00:00,Pump_2,189310002,1.677,1.924,1.597,0.2144170518268087,True,Crítica
2025-12-19 13:30:00,Pump_2,189310002,1.68,1.92,1.591,0.2146284172252288,True,Crítica
2025-12-19 14:00:00,Pump_2,189310002,1.682,1.915,1.594,0.21481388372171212,True,Crítica
2025-12-19 14:30:00,Pump_2,189310002,1.68,1.927,1.598,0.21491781832740461,True,Crítica
2025-12-19 15:00:00,Pump_2,189310002,1.662,1.917,1.593,0.2151468510765023,True,Crítica
2025-12-19 15:30:00,Pump_2,189310002,1.677,1.922,1.602,0.21513742606437766,True,Crítica
2025-12-19 16:00:00,Pump_2,189310002,1.678,1.914,1.6,0.21541606730256457,True,Crítica
2025-12-19 16:30:00,Pump_2,189310002,1.672,1.917,1.599,0.21569913684367525,True,Crítica
2025-12-19 17:00:00,Pump_2,189310002,1.678,1.923,1.596,0.21589100095017746,True,Crítica
2025-12-19 17:30:00,Pump_2,189310002,1.674,1.92,1.595,0.21613385829251192,True,Crítica
2025-12-19 18:00:00,Pump_2,189310002,1.668,1.926,1.605,0.21618076508893325,True,Crítica
2025-12-19 18:30:00,Pump_2,189310002,1.677,1.921,1.596,0.2163112182210362,True,Crítica
2025-12-19 19:00:00,Pump_2,189310002,1.678,1.931,1.596,0.21649535431236192,True,Crítica
2025-12-19 19:30:00,Pump_2,189310002,1.667,1.929,1.594,0.21668961044839488,True,Crítica
2025-12-19 20:00:00,Pump_2,189310002,1.667,1.914,1.596,0.21672925744092764,True,Crítica
2025-12-19 20:30:00,Pump_2,189310002,1.666,1.924,1.603,0.21676765117947325,True,Crítica
2025-12-19 21:00:00,Pump_2,189310002,1.677,1.922,1.596,0.21683028179887887,True,Crítica
2025-12-19 21:30:00,Pump_2,189310002,1.667,1.919,1.593,0.2169201383193719,True,Crítica
2025-12-19 22:00:00,Pump_2,189310002,1.665,1.924,1.596,0.21686315540816808,True,Crítica
2025-12-19 22:30:00,Pump_2,189310002,1.674,1.922,1.595,0.2169297109482676,True,Crítica
2025-12-19 23:00:00,Pump_2,189310002,1.666,1.926,1.606,0.21706465050926718,True,Crítica
2025-12-19 23:30:00,Pump_2,189310002,1.66,1.919,1.592,0.21720294969806428,True,Crítica
2025-12-20 00:00:00,Pump_2,189310002,1.667,1.925,1.611,0.217121272566169,True,Crítica
2025-12-20 00:30:00,Pump_2,189310002,1.663,1.927,1.592,0.2173023174328688,True,Crítica
2025-12-20 01:00:00,Pump_2,189310002,1.67,1.926,1.604,0.21728008244268146,True,Crítica
2025-12-20 01:30:00,Pump_2,189310002,1.662,1.926,1.595,0.21730264773663371,True,Crítica
2025-12-20 02:00:00,Pump_2,189310002,1.655,1.935,1.592,0.21725175087593515,True,Crítica
2025-12-20 02:30:00,Pump_2,189310002,1.659,1.923,1.608,0.21718733658982403,True,Crítica
2025-12-20 03:00:00,Pump_2,189310002,1.667,1.935,1.61,0.21708790384050208,True,Crítica
2025-12-20 03:30:00,Pump_2,189310002,1.665,1.934,1.601,0.21739421594740446,True,Crítica
2025-12-20 04:00:00,Pump_2,189310002,1.662,1.926,1.605,0.21738562750136545,True,Crítica
2025-12-20 04:30:00,Pump_2,189310002,1.666,1.928,1.612,0.2173906180988752,True,Crítica
2025-12-20 05:00:00,Pump_2,189310002,1.665,1.939,1.602,0.21752793813364518,True,Crítica
2025-12-20 05:30:00,Pump_2,189310002,1.669,1.94,1.598,0.21760295962247536,True,Crítica
2025-12-20 06:00:00,Pump_2,189310002,1.66,1.943,1.614,0.21774118872821452,True,Crítica
2025-12-20 06:30:00,Pump_2,189310002,1.669,1.941,1.603,0.21788138541050714,True,Crítica
2025-12-20 07:00:00,Pump_2,189310002,1.661,1.933,1.602,0.2180301447861667,True,Crítica
2025-12-20 07:30:00,Pump_2,189310002,1.67,1.931,1.61,0.21797721572619633,True,Crítica
2025-12-20 08:00:00,Pump_2,189310002,1.666,1.934,1.604,0.21814865943898212,True,Crítica
2025-12-20 08:30:00,Pump_2,189310002,1.655,1.936,1.599,0.2183495611027566,True,Crítica
2025-12-20 09:00:00,Pump_2,189310002,1.654,1.939,1.613,0.21832393779990975,True,Crítica
2025-12-20 09:30:00,Pump_2,189310002,1.651,1.935,1.617,0.21841884673023032,True,Crítica
2025-12-20 10:00:00,Pump_2,189310002,1.66,1.938,1.6,0.21861216759316024,True,Crítica
2025-12-20 10:30:00,Pump_2,189310002,1.662,1.949,1.611,0.21871219041730194,True,Crítica
2025-12-20 11:00:00,Pump_2,189310002,1.647,1.933,1.611,0.21895435022732165,True,Crítica
2025-12-20 11:30:00,Pump_2,189310002,1.66,1.948,1.618,0.2189017952399528,True,Crítica
2025-12-20 12:00:00,Pump_2,189310002,1.658,1.942,1.613,0.2193241302771591,True,Crítica
2025-12-20 12:30:00,Pump_2,189310002,1.663,1.952,1.605,0.21939146375010551,True,Crítica
2025-12-20 13:00:00,Pump_2,189310002,1.654,1.951,1.614,0.21968551832778968,True,Crítica
2025-12-20 13:30:00,Pump_2,189310002,1.658,1.945,1.615,0.21983114817296334,True,Crítica
2025-12-20 14:00:00,Pump_2,189310002,1.656,1.939,1.62,0.2201042056010341,True,Crítica
2025-12-20 14:30:00,Pump_2,189310002,1.649,1.949,1.605,0.22037285648240687,True,Crítica
2025-12-20 15:00:00,Pump_2,189310002,1.65,1.948,1.611,0.22046018759032793,True,Crítica
2025-12-20 15:30:00,Pump_2,189310002,1.662,1.946,1.62,0.22043809361886002,True,Crítica
2025-12-20 16:00:00,Pump_2,189310002,1.655,1.946,1.613,0.2206589164207634,True,Crítica
2025-12-20 16:30:00,Pump_2,189310002,1.646,1.949,1.611,0.2208147555641807,True,Crítica
2025-12-20 17:00:00,Pump_2,189310002,1.645,1.942,1.622,0.22080927756651506,True,Crítica
2025-12-20 17:30:00,Pump_2,189310002,1.659,1.946,1.619,0.2208504917626329,True,Crítica
2025-12-20 18:00:00,Pump_2,189310002,1.65,1.942,1.62,0.22099865635995908,True,Crítica
2025-12-20 18:30:00,Pump_2,189310002,1.657,1.956,1.622,0.22096562243587564,True,Crítica
2025-12-20 19:00:00,Pump_2,189310002,1.656,1.95,1.611,0.22114700482771865,True,Crítica
2025-12-20 19:30:00,Pump_2,189310002,1.649,1.948,1.614,0.22130815283318217,True,Crítica
2025-12-20 20:00:00,Pump_2,189310002,1.647,1.941,1.624,0.2213062396512025,True,Crítica
2025-12-20 20:30:00,Pump_2,189310002,1.648,1.957,1.614,0.2213769581139496,True,Crítica
2025-12-20 21:00:00,Pump_2,189310002,1.645,1.96,1.607,0.22160486857536213,True,Crítica
2025-12-20 21:30:00,Pump_2,189310002,1.647,1.948,1.607,0.22164361874704325,True,Crítica
2025-12-20 22:00:00,Pump_2,189310002,1.651,1.954,1.622,0.2216205711042672,True,Crítica
2025-12-20 22:30:00,Pump_2,189310002,1.644,1.946,1.626,0.22185304634666134,True,Crítica
2025-12-20 23:00:00,Pump_2,189310002,1.644,1.961,1.611,0.22182240923066004,True,Crítica
2025-12-20 23:30:00,Pump_2,189310002,1.638,1.953,1.616,0.22200250236487631,True,Crítica
2025-12-21 00:00:00,Pump_2,189310002,1.654,1.947,1.627,0.22186235713877028,True,Crítica
2025-12-21 00:30:00,Pump_2,189310002,1.65,1.959,1.622,0.22198020984772715,True,Crítica
2025-12-21 01:00:00,Pump_2,189310002,1.64,1.956,1.621,0.2220847579478326,True,Crítica
2025-12-21 01:30:00,Pump_2,189310002,1.653,1.954,1.617,0.2220801099800672,True,Crítica
2025-12-21 02:00:00,Pump_2,189310002,1.926,1.953,1.621,0.22212595579686356,True,Crítica
2025-12-21 02:30:00,Pump_2,189310002,1.646,1.963,1.62,0.2242016747152518,True,Crítica
2025-12-21 03:00:00,Pump_2,189310002,1.646,1.953,1.629,0.22441763002313536,True,Crítica
2025-12-21 03:30:00,Pump_2,189310002,1.635,1.967,1.625,0.22457409535865708,True,Crítica
2025-12-21 04:00:00,Pump_2,189310002,1.642,1.966,1.626,0.2245721212733562,True,Crítica
2025-12-21 04:30:00,Pump_2,189310002,1.647,1.953,1.629,0.2247318425102989,True,Crítica
2025-12-21 05:00:00,Pump_2,189310002,1.645,1.965,1.618,0.22491519481727285,True,Crítica
2025-12-21 05:30:00,Pump_2,189310002,1.646,1.95,1.631,0.22504563353382728,True,Crítica
2025-12-21 06:00:00,Pump_2,189310002,1.649,1.957,1.629,0.22507031161967136,True,Crítica
2025-12-21 06:30:00,Pump_2,189310002,1.635,1.962,1.63,0.2252368778910581,True,Crítica
2025-12-21 07:00:00,Pump_2,189310002,1.631,1.969,1.626,0.22518300136918157,True,Crítica
2025-12-21 07:30:00,Pump_2,189310002,1.632,1.968,1.617,0.22526228362478845,True,Crítica
2025-12-21 08:00:00,Pump_2,189310002,1.633,1.963,1.624,0.22530722202090173,True,Crítica
2025-12-21 08:30:00,Pump_2,189310002,1.639,1.961,1.62,0.2253537699393076,True,Crítica
2025-12-21 09:00:00,Pump_2,189310002,1.645,1.97,1.62,0.22536716955532274,True,Crítica
2025-12-21 09:30:00,Pump_2,189310002,1.638,1.964,1.612,0.22555442571933415,True,Crítica
2025-12-21 10:00:00,Pump_2,189310002,1.628,1.963,1.631,0.22564991078946214,True,Crítica
2025-12-21 10:30:00,Pump_2,189310002,1.624,1.968,1.616,0.22561961602178776,True,Crítica
2025-12-21 11:00:00,Pump_2,189310002,1.639,1.962,1.613,0.22555028677411798,True,Crítica
2025-12-21 11:30:00,Pump_2,189310002,1.641,1.953,1.62,0.22554887022962877,True,Crítica
2025-12-21 12:00:00,Pump_2,189310002,1.628,1.959,1.628,0.22560521470070435,True,Crítica
2025-12-21 12:30:00,Pump_2,189310002,1.624,1.965,1.615,0.22550487230585736,True,Crítica
2025-12-21 13:00:00,Pump_2,189310002,1.627,1.954,1.624,0.22530495600760586,True,Crítica
2025-12-21 13:30:00,Pump_2,189310002,1.623,1.955,1.62,0.22521591019409273,True,Crítica
2025-12-21 14:00:00,Pump_2,189310002,1.625,1.957,1.631,0.22502565153582685,True,Crítica
2025-12-21 14:30:00,Pump_2,189310002,1.618,1.957,1.614,0.22294624018203102,True,Crítica
2025-12-21 15:00:00,Pump_2,189310002,1.627,1.966,1.625,0.22265391862995682,True,Crítica
2025-12-21 15:30:00,Pump_2,189310002,1.627,1.966,1.63,0.2225734708714138,True,Crítica
2025-12-21 16:00:00,Pump_2,189310002,1.63,2.312,1.615,0.22255124217490685,True,Crítica
2025-12-21 16:30:00,Pump_2,189310002,1.616,1.972,1.627,0.2249889863766209,True,Crítica
2025-12-21 17:00:00,Pump_2,189310002,1.621,1.964,1.631,0.2248798307920328,True,Crítica
2025-12-21 17:30:00,Pump_2,189310002,1.626,1.956,1.619,0.224805387414334,True,Crítica
2025-12-21 18:00:00,Pump_2,189310002,1.631,1.966,1.621,0.22459316572727106,True,Crítica
2025-12-21 18:30:00,Pump_2,189310002,1.626,1.968,1.62,0.2244567802090238,True,Crítica
2025-12-21 19:00:00,Pump_2,189310002,1.629,1.973,1.629,0.2243495431622345,True,Crítica
2025-12-21 19:30:00,Pump_2,189310002,1.616,1.957,1.621,0.22438930233958765,True,Crítica
2025-12-21 20:00:00,Pump_2,189310002,1.621,1.967,1.631,0.2242261260418277,True,Crítica
2025-12-21 20:30:00,Pump_2,189310002,1.623,1.963,1.623,0.22422111218684307,True,Crítica
2025-12-21 21:00:00,Pump_2,189310002,1.617,1.958,1.629,0.2241410221031913,True,Crítica
2025-12-21 21:30:00,Pump_2,189310002,1.62,1.976,1.63,0.2239221500932437,True,Crítica
2025-12-21 22:00:00,Pump_2,189310002,1.614,1.962,1.626,0.22402806476159348,True,Crítica
2025-12-21 22:30:00,Pump_2,189310002,1.612,1.976,1.63,0.22386587448331013,True,Crítica
2025-12-21 23:00:00,Pump_2,189310002,1.622,1.96,1.637,0.22394695694637878,True,Crítica
2025-12-21 23:30:00,Pump_2,189310002,1.615,1.963,1.627,0.22398937188970514,True,Crítica
2025-12-22 00:00:00,Pump_2,189310002,1.604,1.975,1.625,0.22390419223884953,True,Crítica
2025-12-22 00:30:00,Pump_2,189310002,1.618,1.967,1.624,0.22379116475032979,True,Crítica
2025-12-22 01:00:00,Pump_2,189310002,1.603,1.96,1.635,0.22380598532789314,True,Crítica
2025-12-22 01:30:00,Pump_2,189310002,1.609,1.976,1.632,0.22372039579687186,True,Crítica
2025-12-22 02:00:00,Pump_2,189310002,1.604,1.977,1.634,0.22383385704489292,True,Crítica
2025-12-22 02:30:00,Pump_2,189310002,1.6,1.964,1.632,0.22381841196115562,True,Crítica
2025-12-22 03:00:00,Pump_2,189310002,1.612,1.979,1.632,0.22386650649151937,True,Crítica
2025-12-22 03:30:00,Pump_2,189310002,1.609,1.977,1.627,0.2239069962689356,True,Crítica
2025-12-22 04:00:00,Pump_2,189310002,1.611,1.969,1.638,0.22384155424288388,True,Crítica
2025-12-22 04:30:00,Pump_2,189310002,1.613,1.964,1.637,0.22156503079222395,True,Crítica
2025-12-22 05:00:00,Pump_2,189310002,1.6,1.979,1.63,0.22156666814506196,True,Crítica
2025-12-22 05:30:00,Pump_2,189310002,1.596,1.97,1.637,0.22151399509372383,True,Crítica
2025-12-22 06:00:00,Pump_2,189310002,1.597,1.979,1.635,0.22154237103285113,True,Crítica
2025-12-22 06:30:00,Pump_2,189310002,1.593,1.978,1.624,0.22150947987919503,True,Crítica
2025-12-22 07:00:00,Pump_2,189310002,1.594,1.964,1.634,0.22138325082361984,True,Crítica
2025-12-22 07:30:00,Pump_2,189310002,1.6,1.975,1.636,0.22110509370731146,True,Crítica
2025-12-22 08:00:00,Pump_2,189310002,1.596,1.981,1.63,0.22124100714327966,True,Crítica
2025-12-22 08:30:00,Pump_2,189310002,1.589,1.974,1.628,0.22115501701704654,True,Crítica
2025-12-22 09:00:00,Pump_2,189310002,1.593,1.967,1.625,0.2210309933747617,True,Crítica
2025-12-22 09:30:00,Pump_2,189310002,1.597,1.963,1.626,0.2208849484181693,True,Crítica
2025-12-22 10:00:00,Pump_2,189310002,1.605,1.979,1.632,0.2205932977113716,True,Crítica
2025-12-22 10:30:00,Pump_2,189310002,1.599,1.974,1.631,0.22070116026578088,True,Crítica
2025-12-22 11:00:00,Pump_2,189310002,1.586,1.973,1.634,0.22060371496113695,True,Crítica
2025-12-22 11:30:00,Pump_2,189310002,1.593,1.977,1.638,0.22040339975142,True,Crítica
2025-12-22 12:00:00,Pump_2,189310002,1.599,1.976,1.631,0.22043298785293525,True,Crítica
2025-12-22 12:30:00,Pump_2,189310002,1.598,1.977,1.629,0.22045816863203493,True,Crítica
2025-12-22 13:00:00,Pump_2,189310002,1.595,1.98,1.638,0.22043050949686574,True,Crítica
2025-12-22 13:30:00,Pump_2,189310002,1.583,1.975,1.63,0.22053654849252466,True,Crítica
2025-12-22 14:00:00,Pump_2,189310002,1.598,1.98,1.642,0.22032774114382933,True,Crítica
2025-12-22 14:30:00,Pump_2,189310002,1.593,1.972,1.642,0.2203734379661827,True,Crítica
2025-12-22 15:00:00,Pump_2,189310002,1.597,1.983,1.632,0.2204566130162876,True,Crítica
2025-12-22 15:30:00,Pump_2,189310002,1.583,1.967,1.642,0.22038392081046912,True,Crítica
2025-12-22 16:00:00,Pump_2,189310002,1.587,1.974,1.626,0.22024623396296616,True,Crítica
2025-12-22 16:30:00,Pump_2,189310002,1.589,1.965,1.634,0.22000668712349278,True,Crítica
2025-12-22 17:00:00,Pump_2,189310002,1.584,1.977,1.637,0.21980632462134628,True,Crítica
2025-12-22 17:30:00,Pump_2,189310002,1.583,1.984,1.63,0.2197362356844087,True,Crítica
2025-12-22 18:00:00,Pump_2,189310002,1.584,1.978,1.632,0.21968478617429646,True,Crítica
2025-12-22 18:30:00,Pump_2,189310002,1.583,1.972,1.636,0.2195603833333366,True,Crítica
2025-12-22 19:00:00,Pump_2,189310002,1.581,1.983,1.64,0.2195457774672252,True,Crítica
2025-12-22 19:30:00,Pump_2,189310002,1.58,1.983,1.632,0.2196328760432084,True,Crítica
2025-12-22 20:00:00,Pump_2,189310002,2.071,1.986,1.628,0.21951355708387274,True,Crítica
2025-12-22 20:30:00,Pump_2,189310002,1.581,1.983,1.641,0.22300791170533354,True,Crítica
2025-12-22 21:00:00,Pump_2,189310002,1.578,1.98,1.643,0.2231293233797667,True,Crítica
2025-12-22 21:30:00,Pump_2,189310002,1.583,1.973,1.636,0.22326033179276777,True,Crítica
2025-12-22 22:00:00,Pump_2,189310002,1.574,1.972,1.631,0.2233085566684577,True,Crítica
2025-12-22 22:30:00,Pump_2,189310002,1.568,1.97,1.641,0.223025850409621,True,Crítica
2025-12-22 23:00:00,Pump_2,189310002,1.579,1.969,1.637,0.22284952062925406,True,Crítica
2025-12-22 23:30:00,Pump_2,189310002,1.572,1.988,1.645,0.22278780432909834,True,Crítica
2025-12-23 00:00:00,Pump_2,189310002,1.584,1.974,1.626,0.22277057656375523,True,Crítica
2025-12-23 00:30:00,Pump_2,189310002,1.576,1.984,1.637,0.22260742820048401,True,Crítica
2025-12-23 01:00:00,Pump_2,189310002,1.569,1.978,1.633,0.22256711825670067,True,Crítica
2025-12-23 01:30:00,Pump_2,189310002,1.574,1.988,1.639,0.22232050687240237,True,Crítica
2025-12-23 02:00:00,Pump_2,189310002,1.569,1.988,1.638,0.22242133554719767,True,Crítica
2025-12-23 02:30:00,Pump_2,189310002,1.577,1.97,1.642,0.2222301904636258,True,Crítica
2025-12-23 03:00:00,Pump_2,189310002,1.574,1.974,1.638,0.2220819934813934,True,Crítica
2025-12-23 03:30:00,Pump_2,189310002,1.577,1.973,1.64,0.2218922259360772,True,Crítica
2025-12-23 04:00:00,Pump_2,189310002,1.568,1.978,1.63,0.22185679703301375,True,Crítica
2025-12-23 04:30:00,Pump_2,189310002,1.564,1.978,1.643,0.22177794873515613,True,Crítica
2025-12-23 05:00:00,Pump_2,189310002,1.564,1.975,1.63,0.22175565970718744,True,Crítica
2025-12-23 05:30:00,Pump_2,189310002,1.566,1.973,1.629,0.22153882453211718,True,Crítica
2025-12-23 06:00:00,Pump_2,189310002,1.559,1.988,1.635,0.22133501809562922,True,Crítica
2025-12-23 06:30:00,Pump_2,189310002,1.563,1.978,1.631,0.22125764744733062,True,Crítica
2025-12-23 07:00:00,Pump_2,189310002,1.56,1.99,1.647,0.22111467258170592,True,Crítica
2025-12-23 07:30:00,Pump_2,189310002,1.562,1.975,1.639,0.2210723160690201,True,Crítica
2025-12-23 08:00:00,Pump_2,189310002,1.563,1.989,1.648,0.22094210329259814,True,Crítica
2025-12-23 08:30:00,Pump_2,189310002,1.575,1.975,1.642,0.21749030503828182,True,Crítica
2025-12-23 09:00:00,Pump_2,189310002,1.567,1.98,1.633,0.21739705183314795,True,Crítica
2025-12-23 09:30:00,Pump_2,189310002,1.577,1.991,1.641,0.21723432272447873,True,Crítica
2025-12-23 10:00:00,Pump_2,189310002,1.574,1.982,1.646,0.2173632725791483,True,Crítica
2025-12-23 10:30:00,Pump_2,189310002,1.565,1.992,1.638,0.2175568346211428,True,Crítica
2025-12-23 11:00:00,Pump_2,189310002,1.564,1.995,1.65,0.21766592278358926,True,Crítica
2025-12-23 11:30:00,Pump_2,189310002,1.575,1.993,1.64,0.217850474624247,True,Crítica
2025-12-23 12:00:00,Pump_2,189310002,1.567,1.984,1.65,0.21787258184218053,True,Crítica
2025-12-23 12:30:00,Pump_2,189310002,1.564,1.984,1.652,0.21802390070611394,True,Crítica
2025-12-23 13:00:00,Pump_2,189310002,1.582,1.98,1.654,0.21806391027240288,True,Crítica
2025-12-23 13:30:00,Pump_2,189310002,1.565,1.989,1.641,0.2183464409970076,True,Crítica
2025-12-23 14:00:00,Pump_2,189310002,1.567,1.984,1.655,0.21831309970702117,True,Crítica
2025-12-23 14:30:00,Pump_2,189310002,1.57,1.999,1.654,0.21841088210040238,True,Crítica
2025-12-23 15:00:00,Pump_2,189310002,1.573,1.999,1.646,0.21866423228154644,True,Crítica
2025-12-23 15:30:00,Pump_2,189310002,1.572,1.989,1.657,0.218903686054041,True,Crítica
2025-12-23 16:00:00,Pump_2,189310002,1.572,1.998,1.652,0.2191158548941641,True,Crítica
2025-12-23 16:30:00,Pump_2,189310002,1.567,1.989,1.647,0.21947266158810105,True,Crítica
2025-12-23 17:00:00,Pump_2,189310002,1.584,1.997,1.643,0.2196002175938754,True,Crítica
2025-12-23 17:30:00,Pump_2,189310002,1.576,2.0,1.654,0.22001371687756544,True,Crítica
2025-12-23 18:00:00,Pump_2,189310002,1.577,1.991,1.642,0.22048882613647702,True,Crítica
2025-12-23 18:30:00,Pump_2,189310002,1.568,1.992,1.648,0.22070369599488193,True,Crítica
2025-12-23 19:00:00,Pump_2,189310002,1.574,1.991,1.653,0.22098233291156197,True,Crítica
2025-12-23 19:30:00,Pump_2,189310002,1.575,2.0,1.646,0.22113742081856633,True,Crítica
2025-12-23 20:00:00,Pump_2,189310002,2.077,1.993,1.657,0.22146789641500028,True,Crítica
2025-12-23 20:30:00,Pump_2,189310002,1.587,1.995,1.658,0.22531693719673168,True,Crítica
2025-12-23 21:00:00,Pump_2,189310002,1.587,1.986,1.645,0.2256822175733261,True,Crítica
2025-12-23 21:30:00,Pump_2,189310002,1.58,1.997,1.659,0.22597127422642233,True,Crítica
2025-12-23 22:00:00,Pump_2,189310002,1.574,1.99,1.66,0.22618869113080547,True,Crítica
2025-12-23 22:30:00,Pump_2,189310002,1.581,1.989,1.657,0.2263562089415086,True,Crítica
2025-12-23 23:00:00,Pump_2,189310002,1.576,2.005,1.66,0.22660861921836326,True,Crítica
2025-12-23 23:30:00,Pump_2,189310002,1.591,1.993,1.654,0.2268506773294935,True,Crítica
2025-12-24 00:00:00,Pump_2,189310002,1.588,1.989,1.657,0.22708348390270394,True,Crítica
2025-12-24 00:30:00,Pump_2,189310002,1.573,1.989,1.654,0.2273179993743277,True,Crítica
2025-12-24 01:00:00,Pump_2,189310002,1.582,1.989,1.665,0.22742143883649243,True,Crítica
2025-12-24 01:30:00,Pump_2,189310002,1.585,2.005,1.652,0.22755837781642402,True,Crítica
2025-12-24 02:00:00,Pump_2,189310002,1.586,2.003,1.667,0.22790607811621133,True,Crítica
2025-12-24 02:30:00,Pump_2,189310002,1.578,2.006,1.664,0.22826385971815918,True,Crítica
2025-12-24 03:00:00,Pump_2,189310002,1.579,2.005,1.653,0.22844634759456076,True,Crítica
2025-12-24 03:30:00,Pump_2,189310002,1.582,1.998,1.664,0.2285879262811942,True,Crítica
2025-12-24 04:00:00,Pump_2,189310002,1.589,2.49,1.665,0.22876850249384362,True,Crítica
2025-12-24 04:30:00,Pump_2,189310002,1.592,1.999,1.668,0.23270757191102268,True,Crítica
2025-12-24 05:00:00,Pump_2,189310002,1.582,2.011,1.667,0.2331309636638703,True,Crítica
2025-12-24 05:30:00,Pump_2,189310002,1.578,2.012,1.664,0.23342512113929004,True,Crítica
2025-12-24 06:00:00,Pump_2,189310002,1.585,2.013,1.667,0.23361717447345576,True,Crítica
2025-12-24 06:30:00,Pump_2,189310002,1.594,1.994,1.663,0.23404843848231346,True,Crítica
2025-12-24 07:00:00,Pump_2,189310002,1.586,2.011,1.668,0.23437492607402058,True,Crítica
2025-12-24 07:30:00,Pump_2,189310002,1.589,2.002,1.659,0.2347292900066415,True,Crítica
2025-12-24 08:00:00,Pump_2,189310002,1.581,2.012,1.671,0.23495422150804263,True,Crítica
2025-12-24 08:30:00,Pump_2,189310002,1.579,2.012,1.675,0.23162590562402452,True,Crítica
2025-12-24 09:00:00,Pump_2,189310002,1.585,2.003,1.675,0.23182431947265947,True,Crítica
2025-12-24 09:30:00,Pump_2,189310002,1.583,2.004,1.661,0.23217070830740974,True,Crítica
2025-12-24 10:00:00,Pump_2,189310002,1.585,2.008,1.673,0.23225011058499867,True,Crítica
2025-12-24 10:30:00,Pump_2,189310002,1.595,1.998,1.672,0.23254875042409318,True,Crítica
2025-12-24 11:00:00,Pump_2,189310002,1.6,2.013,1.68,0.23281481690276282,True,Crítica
2025-12-24 11:30:00,Pump_2,189310002,1.593,2.006,1.669,0.23318902999877394,True,Crítica
2025-12-24 12:00:00,Pump_2,189310002,1.6,2.007,1.666,0.23338861420716395,True,Crítica
2025-12-24 12:30:00,Pump_2,189310002,1.591,2.019,1.667,0.23363762900652058,True,Crítica
2025-12-24 13:00:00,Pump_2,189310002,1.589,2.004,1.669,0.23404731369239432,True,Crítica
2025-12-24 13:30:00,Pump_2,189310002,1.6,2.009,1.675,0.23418325682639185,True,Crítica
2025-12-24 14:00:00,Pump_2,189310002,1.584,2.003,1.67,0.23446811163657066,True,Crítica
2025-12-24 14:30:00,Pump_2,189310002,1.596,2.012,1.665,0.23443690154161612,True,Crítica
2025-12-24 15:00:00,Pump_2,189310002,1.588,2.019,1.667,0.23459699174805848,True,Crítica
2025-12-24 15:30:00,Pump_2,189310002,1.599,2.006,1.68,0.2348782884665076,True,Crítica
2025-12-24 16:00:00,Pump_2,189310002,1.587,2.011,1.686,0.23519686299151252,True,Crítica
2025-12-24 16:30:00,Pump_2,189310002,1.596,2.016,1.685,0.23209132755820822,True,Crítica
2025-12-24 17:00:00,Pump_2,189310002,1.591,2.023,1.681,0.23237907668601437,True,Crítica
2025-12-24 17:30:00,Pump_2,189310002,1.588,2.013,1.682,0.232650187007766,True,Crítica
2025-12-24 18:00:00,Pump_2,189310002,1.603,2.01,1.686,0.23287940046959024,True,Crítica
2025-12-24 18:30:00,Pump_2,189310002,1.597,2.014,1.685,0.2331441753166075,True,Crítica
2025-12-24 19:00:00,Pump_2,189310002,1.59,2.01,1.683,0.23348738598384802,True,Crítica
2025-12-24 19:30:00,Pump_2,189310002,1.602,2.009,1.675,0.23363249122761076,True,Crítica
2025-12-24 20:00:00,Pump_2,189310002,1.593,2.02,1.679,0.23391160650186066,True,Crítica
2025-12-24 20:30:00,Pump_2,189310002,1.597,2.011,1.677,0.23412588056949454,True,Crítica
2025-12-24 21:00:00,Pump_2,189310002,1.594,2.008,1.689,0.23426422748134218,True,Crítica
2025-12-24 21:30:00,Pump_2,189310002,1.597,2.021,1.675,0.23447160376246134,True,Crítica
2025-12-24 22:00:00,Pump_2,189310002,1.602,2.019,1.69,0.23481538757681322,True,Crítica
2025-12-24 22:30:00,Pump_2,189310002,1.595,2.02,1.686,0.23515516294046884,True,Crítica
2025-12-24 23:00:00,Pump_2,189310002,1.595,2.01,1.688,0.23542420011590215,True,Crítica
2025-12-24 23:30:00,Pump_2,189310002,1.601,2.02,1.69,0.2354264535835755,True,Crítica
2025-12-25 00:00:00,Pump_2,189310002,1.605,2.011,1.686,0.23575669640207153,True,Crítica
2025-12-25 00:30:00,Pump_2,189310002,1.608,2.023,1.676,0.2359856330555749,True,Crítica
2025-12-25 01:00:00,Pump_2,189310002,1.6,2.022,1.695,0.2362213278437386,True,Crítica
2025-12-25 01:30:00,Pump_2,189310002,1.607,2.015,1.681,0.2366421721852833,True,Crítica
2025-12-25 02:00:00,Pump_2,189310002,1.607,2.016,1.685,0.23678470357562567,True,Crítica
2025-12-25 02:30:00,Pump_2,189310002,1.597,2.028,1.691,0.23716663118806006,True,Crítica
2025-12-25 03:00:00,Pump_2,189310002,1.592,2.023,1.696,0.23751131713654416,True,Crítica
2025-12-25 03:30:00,Pump_2,189310002,1.599,2.023,1.695,0.23781494681638174,True,Crítica
2025-12-25 04:00:00,Pump_2,189310002,1.607,2.029,1.696,0.23805930951893461,True,Crítica
2025-12-25 04:30:00,Pump_2,189310002,1.601,2.028,1.697,0.2384161153656762,True,Crítica
2025-12-25 05:00:00,Pump_2,189310002,1.602,2.027,1.687,0.23863966362567102,True,Crítica
2025-12-25 05:30:00,Pump_2,189310002,1.822,2.025,1.684,0.23880503522289903,True,Crítica
2025-12-25 06:00:00,Pump_2,189310002,1.599,2.028,1.691,0.2406172400664087,True,Crítica
2025-12-25 06:30:00,Pump_2,189310002,1.611,2.028,1.701,0.24076120441440643,True,Crítica
2025-12-25 07:00:00,Pump_2,189310002,1.614,2.027,1.688,0.2410935322265929,True,Crítica
2025-12-25 07:30:00,Pump_2,189310002,1.614,2.031,1.7,0.24143029999329643,True,Crítica
2025-12-25 08:00:00,Pump_2,189310002,1.606,2.033,1.701,0.2418830496563928,True,Crítica
2025-12-25 08:30:00,Pump_2,189310002,1.608,2.033,1.693,0.24225571938949603,True,Crítica
2025-12-25 09:00:00,Pump_2,189310002,1.603,2.038,1.692,0.24262857146404915,True,Crítica
2025-12-25 09:30:00,Pump_2,189310002,1.609,2.037,1.689,0.2429334328713938,True,Crítica
2025-12-25 10:00:00,Pump_2,189310002,1.615,2.037,1.691,0.2432610151679072,True,Crítica
2025-12-25 10:30:00,Pump_2,189310002,1.611,2.03,1.685,0.2434960050507602,True,Crítica
2025-12-25 11:00:00,Pump_2,189310002,1.615,2.038,1.689,0.24367777053942666,True,Crítica
2025-12-25 11:30:00,Pump_2,189310002,1.612,2.029,1.695,0.24403081481237912,True,Crítica
2025-12-25 12:00:00,Pump_2,189310002,1.617,2.03,1.683,0.2442121544651389,True,Crítica
2025-12-25 12:30:00,Pump_2,189310002,1.61,2.026,1.692,0.24440766035721642,True,Crítica
2025-12-25 13:00:00,Pump_2,189310002,1.611,2.034,1.694,0.24457627237525234,True,Crítica
2025-12-25 13:30:00,Pump_2,189310002,1.624,2.04,1.691,0.2447293469227883,True,Crítica
2025-12-25 14:00:00,Pump_2,189310002,1.625,2.027,1.683,0.24511732085968296,True,Crítica
2025-12-25 14:30:00,Pump_2,189310002,1.626,2.033,1.678,0.24531136834523715,True,Crítica
2025-12-25 15:00:00,Pump_2,189310002,1.608,2.043,1.68,0.24545800765186732,True,Crítica
2025-12-25 15:30:00,Pump_2,189310002,1.628,2.035,1.686,0.24559231412957228,True,Crítica
2025-12-25 16:00:00,Pump_2,189310002,1.614,2.047,1.682,0.24581721237632978,True,Crítica
2025-12-25 16:30:00,Pump_2,189310002,1.622,2.042,1.695,0.24588978536107264,True,Crítica
2025-12-25 17:00:00,Pump_2,189310002,1.615,2.043,1.681,0.24612666539317404,True,Crítica
2025-12-25 17:30:00,Pump_2,189310002,1.619,2.035,1.688,0.24629190864050957,True,Crítica
2025-12-25 18:00:00,Pump_2,189310002,1.628,2.036,1.679,0.2449300500049208,True,Crítica
2025-12-25 18:30:00,Pump_2,189310002,1.627,2.037,1.691,0.24510161419873672,True,Crítica
2025-12-25 19:00:00,Pump_2,189310002,1.62,2.048,1.683,0.24519622819100853,True,Crítica
2025-12-25 19:30:00,Pump_2,189310002,1.615,2.032,1.685,0.24535544876858,True,Crítica
2025-12-25 20:00:00,Pump_2,189310002,1.624,2.051,1.684,0.24524265358977015,True,Crítica
2025-12-25 20:30:00,Pump_2,189310002,1.627,2.044,1.675,0.24536611162697314,True,Crítica
2025-12-25 21:00:00,Pump_2,189310002,1.628,2.04,1.689,0.24544095353665205,True,Crítica
2025-12-25 21:30:00,Pump_2,189310002,1.628,2.039,1.683,0.2456153344953981,True,Crítica
2025-12-25 22:00:00,Pump_2,189310002,1.62,2.035,1.675,0.2457229213548846,True,Crítica
2025-12-25 22:30:00,Pump_2,189310002,1.638,2.052,1.677,0.24561662850117078,True,Crítica
2025-12-25 23:00:00,Pump_2,189310002,1.631,2.037,1.679,0.24591367858277197,True,Crítica
2025-12-25 23:30:00,Pump_2,189310002,1.624,2.037,1.688,0.24594351575712242,True,Crítica
2025-12-26 00:00:00,Pump_2,189310002,1.637,2.038,1.682,0.24602460461891948,True,Crítica
2025-12-26 00:30:00,Pump_2,189310002,1.623,2.04,1.67,0.24621880433690457,True,Crítica
2025-12-26 01:00:00,Pump_2,189310002,1.641,2.038,1.681,0.2462298704685989,True,Crítica
2025-12-26 01:30:00,Pump_2,189310002,1.627,2.051,1.67,0.24636477061785828,True,Crítica
2025-12-26 02:00:00,Pump_2,189310002,1.643,2.054,1.686,0.24629710190033605,True,Crítica
2025-12-26 02:30:00,Pump_2,189310002,1.641,2.041,1.674,0.24664724083371756,True,Crítica
2025-12-26 03:00:00,Pump_2,189310002,1.644,2.039,1.673,0.24678410161201214,True,Crítica
2025-12-26 03:30:00,Pump_2,189310002,1.636,2.043,1.68,0.2469649117569134,True,Crítica
2025-12-26 04:00:00,Pump_2,189310002,1.636,2.05,1.687,0.247032013247636,True,Crítica
2025-12-26 04:30:00,Pump_2,189310002,1.633,2.05,1.681,0.24726086499450486,True,Crítica
2025-12-26 05:00:00,Pump_2,189310002,1.634,2.043,1.678,0.24728364742575756,True,Crítica
2025-12-26 05:30:00,Pump_2,189310002,1.644,2.054,1.669,0.2473997868175758,True,Crítica
2025-12-26 06:00:00,Pump_2,189310002,1.647,2.046,1.683,0.24756536529183137,True,Crítica
2025-12-26 06:30:00,Pump_2,189310002,1.645,2.051,1.669,0.24780944864924204,True,Crítica
2025-12-26 07:00:00,Pump_2,189310002,1.644,2.048,1.683,0.24786240132548323,True,Crítica
2025-12-26 07:30:00,Pump_2,189310002,1.646,2.061,1.681,0.24804084836640777,True,Crítica
2025-12-26 08:00:00,Pump_2,189310002,1.638,2.049,1.681,0.24844517061230467,True,Crítica
2025-12-26 08:30:00,Pump_2,189310002,1.652,2.047,2.188,0.24851287211836748,True,Crítica
2025-12-26 09:00:00,Pump_2,189310002,1.636,2.064,1.679,0.2528265880569299,True,Crítica
2025-12-26 09:30:00,Pump_2,189310002,1.642,2.062,1.684,0.25297894865278786,True,Crítica
2025-12-26 10:00:00,Pump_2,189310002,1.648,2.058,1.679,0.2532579945126867,True,Crítica
2025-12-26 10:30:00,Pump_2,189310002,1.646,2.061,1.666,0.253664319611779,True,Crítica
2025-12-26 11:00:00,Pump_2,189310002,1.657,2.06,1.67,0.25370945990668253,True,Crítica
2025-12-26 11:30:00,Pump_2,189310002,1.641,2.062,1.672,0.2539955901727391,True,Crítica
2025-12-26 12:00:00,Pump_2,189310002,1.653,2.052,1.667,0.2541697376684778,True,Crítica
2025-12-26 12:30:00,Pump_2,189310002,1.659,2.063,1.677,0.25426547361397844,True,Crítica
2025-12-26 13:00:00,Pump_2,189310002,1.658,2.06,1.663,0.2547592958239442,True,Crítica
2025-12-26 13:30:00,Pump_2,189310002,1.643,2.051,1.675,0.25490046963421115,True,Crítica
2025-12-26 14:00:00,Pump_2,189310002,1.663,2.06,1.68,0.2550669547773598,True,Crítica
2025-12-26 14:30:00,Pump_2,189310002,1.653,2.052,1.674,0.2552132370224842,True,Crítica
2025-12-26 15:00:00,Pump_2,189310002,1.657,2.069,1.667,0.25538569441728065,True,Crítica
2025-12-26 15:30:00,Pump_2,189310002,1.647,2.06,1.662,0.25566193292610223,True,Crítica
2025-12-26 16:00:00,Pump_2,189310002,1.664,2.064,1.66,0.2557302937934728,True,Crítica
2025-12-26 16:30:00,Pump_2,189310002,1.661,2.06,1.662,0.2558309387862467,True,Crítica
2025-12-26 17:00:00,Pump_2,189310002,1.65,2.059,1.675,0.25597100436368525,True,Crítica
2025-12-26 17:30:00,Pump_2,189310002,1.659,2.067,1.668,0.2561961181746889,True,Crítica
2025-12-26 18:00:00,Pump_2,189310002,1.658,2.06,1.677,0.25642237619820946,True,Crítica
2025-12-26 18:30:00,Pump_2,189310002,1.66,2.074,1.661,0.2565769910633245,True,Crítica
2025-12-26 19:00:00,Pump_2,189310002,1.652,2.066,1.677,0.2568275689545971,True,Crítica
2025-12-26 19:30:00,Pump_2,189310002,1.653,2.067,1.663,0.25699808100716287,True,Crítica
2025-12-26 20:00:00,Pump_2,189310002,1.669,2.065,1.669,0.25698396067335794,True,Crítica
2025-12-26 20:30:00,Pump_2,189310002,1.67,2.061,1.669,0.25725347675737037,True,Crítica
2025-12-26 21:00:00,Pump_2,189310002,1.663,2.067,1.667,0.25305943001293985,True,Crítica
2025-12-26 21:30:00,Pump_2,189310002,1.673,2.069,1.668,0.253183688989857,True,Crítica
2025-12-26 22:00:00,Pump_2,189310002,1.662,2.062,1.663,0.25333078508952256,True,Crítica
2025-12-26 22:30:00,Pump_2,189310002,1.673,2.066,1.67,0.2533308892738677,True,Crítica
2025-12-26 23:00:00,Pump_2,189310002,1.674,2.078,1.665,0.25360185574545646,True,Crítica
2025-12-26 23:30:00,Pump_2,189310002,1.66,2.061,1.666,0.25382310474159325,True,Crítica
2025-12-27 00:00:00,Pump_2,189310002,1.67,2.073,1.665,0.25390722712932656,True,Crítica
2025-12-27 00:30:00,Pump_2,189310002,1.666,2.063,1.667,0.2541702180041699,True,Crítica
2025-12-27 01:00:00,Pump_2,189310002,1.663,2.074,1.663,0.25413870736672006,True,Crítica
2025-12-27 01:30:00,Pump_2,189310002,1.663,2.075,1.655,0.25428270145794307,True,Crítica
2025-12-27 02:00:00,Pump_2,189310002,1.667,2.081,1.656,0.25443928171171915,True,Crítica
2025-12-27 02:30:00,Pump_2,189310002,1.677,2.068,1.668,0.2544261680973452,True,Crítica
2025-12-27 03:00:00,Pump_2,189310002,1.682,2.073,1.668,0.254663060642329,True,Crítica
2025-12-27 03:30:00,Pump_2,189310002,1.685,2.071,1.661,0.2548865398893248,True,Crítica
2025-12-27 04:00:00,Pump_2,189310002,1.671,2.066,1.666,0.25523878276213163,True,Crítica
2025-12-27 04:30:00,Pump_2,189310002,1.681,2.084,1.654,0.2553559209095201,True,Crítica
2025-12-27 05:00:00,Pump_2,189310002,1.683,2.079,1.661,0.25561863259215756,True,Crítica
2025-12-27 05:30:00,Pump_2,189310002,1.675,2.07,1.67,0.25589127722916416,True,Crítica
2025-12-27 06:00:00,Pump_2,189310002,1.687,2.084,1.661,0.25604769727078847,True,Crítica
2025-12-27 06:30:00,Pump_2,189310002,1.679,2.072,1.654,0.2563046737205632,True,Crítica
2025-12-27 07:00:00,Pump_2,189310002,1.672,2.084,1.665,0.25638091091019394,True,Crítica
2025-12-27 07:30:00,Pump_2,189310002,1.677,2.082,1.666,0.25656188661376067,True,Crítica
2025-12-27 08:00:00,Pump_2,189310002,1.69,2.073,1.666,0.256876124238052,True,Crítica
2025-12-27 08:30:00,Pump_2,189310002,1.683,2.081,1.656,0.25706216449804037,True,Crítica
2025-12-27 09:00:00,Pump_2,189310002,1.686,2.082,1.657,0.25719741431640764,True,Crítica
2025-12-27 09:30:00,Pump_2,189310002,1.689,2.082,1.659,0.25739595018055483,True,Crítica
2025-12-27 10:00:00,Pump_2,189310002,1.688,2.078,1.664,0.25753580710588986,True,Crítica
2025-12-27 10:30:00,Pump_2,189310002,1.684,2.071,1.663,0.2578491581381495,True,Crítica
2025-12-27 11:00:00,Pump_2,189310002,1.693,2.079,1.663,0.25790396873338417,True,Crítica
2025-12-27 11:30:00,Pump_2,189310002,1.679,2.075,1.653,0.25803596792807043,True,Crítica
2025-12-27 12:00:00,Pump_2,189310002,1.69,2.085,1.666,0.25816753255378067,True,Crítica
2025-12-27 12:30:00,Pump_2,189310002,1.687,2.074,1.658,0.2584103520751596,True,Crítica
2025-12-27 13:00:00,Pump_2,189310002,1.686,2.082,1.668,0.2585661548956717,True,Crítica
2025-12-27 13:30:00,Pump_2,189310002,1.696,2.066,1.659,0.2588346667770343,True,Crítica
2025-12-27 14:00:00,Pump_2,189310002,1.684,2.072,1.657,0.25904412904981683,True,Crítica
2025-12-27 14:30:00,Pump_2,189310002,1.679,2.082,1.661,0.2591152165954719,True,Crítica
2025-12-27 15:00:00,Pump_2,189310002,1.687,2.067,1.668,0.2591712315733401,True,Crítica
2025-12-27 15:30:00,Pump_2,189310002,1.695,2.075,1.668,0.2591560034028623,True,Crítica
2025-12-27 16:00:00,Pump_2,189310002,1.687,2.064,1.655,0.25931054448219454,True,Crítica
2025-12-27 16:30:00,Pump_2,189310002,1.682,2.071,1.655,0.2593149101907857,True,Crítica
2025-12-27 17:00:00,Pump_2,189310002,1.689,2.08,1.668,0.25923868095322405,True,Crítica
2025-12-27 17:30:00,Pump_2,189310002,1.69,2.064,1.667,0.2593460106553532,True,Crítica
2025-12-27 18:00:00,Pump_2,189310002,1.694,2.079,1.67,0.25937691410804437,True,Crítica
2025-12-27 18:30:00,Pump_2,189310002,1.683,2.073,1.662,0.25946535942809684,True,Crítica
2025-12-27 19:00:00,Pump_2,189310002,1.696,2.064,1.668,0.2595664051633084,True,Crítica
2025-12-27 19:30:00,Pump_2,189310002,1.692,2.062,1.656,0.2596171329578874,True,Crítica
2025-12-27 20:00:00,Pump_2,189310002,1.695,2.062,1.652,0.2594961802118862,True,Crítica
2025-12-27 20:30:00,Pump_2,189310002,1.691,2.068,1.67,0.2593323335661583,True,Crítica
2025-12-27 21:00:00,Pump_2,189310002,1.698,2.078,1.668,0.25940974295659935,True,Crítica
2025-12-27 21:30:00,Pump_2,189310002,1.697,2.067,1.657,0.2595608045079647,True,Crítica
2025-12-27 22:00:00,Pump_2,189310002,1.691,2.06,1.662,0.25949486247637193,True,Crítica
2025-12-27 22:30:00,Pump_2,189310002,1.688,2.057,1.667,0.2593651824791783,True,Crítica
2025-12-27 23:00:00,Pump_2,189310002,1.691,2.062,1.672,0.2593178013446952,True,Crítica
2025-12-27 23:30:00,Pump_2,189310002,1.698,2.061,1.671,0.25924902320168786,True,Crítica
2025-12-28 00:00:00,Pump_2,189310002,1.685,2.068,1.664,0.25943212244471386,True,Crítica
2025-12-28 00:30:00,Pump_2,189310002,1.693,2.068,1.672,0.25925712203521784,True,Crítica
2025-12-28 01:00:00,Pump_2,189310002,1.691,2.067,1.671,0.25937098069456216,True,Crítica
2025-12-28 01:30:00,Pump_2,189310002,1.7,2.057,1.661,0.25932174432407673,True,Crítica
2025-12-28 02:00:00,Pump_2,189310002,1.693,2.056,1.656,0.259297134351417,True,Crítica
2025-12-28 02:30:00,Pump_2,189310002,1.686,2.065,1.66,0.25923817036431185,True,Crítica
2025-12-28 03:00:00,Pump_2,189310002,1.697,2.064,1.669,0.25916136987084837,True,Crítica
2025-12-28 03:30:00,Pump_2,189310002,1.687,2.065,1.657,0.259215325314181,True,Crítica
2025-12-28 04:00:00,Pump_2,189310002,1.689,2.061,1.658,0.25899414843078317,True,Crítica
2025-12-28 04:30:00,Pump_2,189310002,1.694,2.067,1.666,0.2590117675109314,True,Crítica
2025-12-28 05:00:00,Pump_2,189310002,1.696,2.065,1.67,0.25916459236637135,True,Crítica
2025-12-28 05:30:00,Pump_2,189310002,1.687,2.053,1.674,0.25912519223406366,True,Crítica
2025-12-28 06:00:00,Pump_2,189310002,1.699,2.055,1.665,0.2590738762400814,True,Crítica
2025-12-28 06:30:00,Pump_2,189310002,1.686,2.059,1.664,0.2588942461157045,True,Crítica
2025-12-28 07:00:00,Pump_2,189310002,1.694,2.064,1.661,0.2588323366008369,True,Crítica
2025-12-28 07:30:00,Pump_2,189310002,1.7,2.061,1.673,0.25875875486551386,True,Crítica
2025-12-28 08:00:00,Pump_2,189310002,1.686,2.066,1.661,0.25894843779958315,True,Crítica
2025-12-28 08:30:00,Pump_2,189310002,1.704,2.06,1.662,0.25899081840942145,True,Crítica
2025-12-28 09:00:00,Pump_2,189310002,1.688,2.052,1.676,0.2589626381208019,True,Crítica
2025-12-28 09:30:00,Pump_2,189310002,1.692,2.062,1.677,0.2587654445656953,True,Crítica
2025-12-28 10:00:00,Pump_2,189310002,1.705,2.051,1.668,0.2588577285463019,True,Crítica
2025-12-28 10:30:00,Pump_2,189310002,1.695,2.054,1.676,0.2589401370528985,True,Crítica
2025-12-28 11:00:00,Pump_2,189310002,1.703,2.05,1.671,0.2590368411388796,True,Crítica
2025-12-28 11:30:00,Pump_2,189310002,1.704,2.06,1.666,0.25902242240268525,True,Crítica
2025-12-28 12:00:00,Pump_2,189310002,1.694,2.057,1.672,0.2590149343294824,True,Crítica
2025-12-28 12:30:00,Pump_2,189310002,1.7,2.048,1.67,0.2590659135873341,True,Crítica
2025-12-28 13:00:00,Pump_2,189310002,1.699,2.054,1.665,0.25894938307519655,True,Crítica
2025-12-28 13:30:00,Pump_2,189310002,1.691,2.042,1.665,0.25886052493200895,True,Crítica
2025-12-28 14:00:00,Pump_2,189310002,1.704,2.042,1.67,0.25871106402878347,True,Crítica
2025-12-28 14:30:00,Pump_2,189310002,1.705,2.041,1.677,0.2587982605626236,True,Crítica
2025-12-28 15:00:00,Pump_2,189310002,1.7,2.054,1.674,0.25889735459325663,True,Crítica
2025-12-28 15:30:00,Pump_2,189310002,1.691,2.055,1.675,0.258884557135659,True,Crítica
2025-12-28 16:00:00,Pump_2,189310002,1.71,2.044,1.665,0.2589905683303144,True,Crítica
2025-12-28 16:30:00,Pump_2,189310002,1.693,2.04,1.663,0.2590772971423532,True,Crítica
2025-12-28 17:00:00,Pump_2,189310002,1.702,2.057,1.678,0.2588478693330732,True,Crítica
2025-12-28 17:30:00,Pump_2,189310002,1.699,2.047,1.667,0.25889732518050823,True,Crítica
2025-12-28 18:00:00,Pump_2,189310002,1.693,2.049,1.671,0.2588769128901054,True,Crítica
2025-12-28 18:30:00,Pump_2,189310002,1.693,2.042,1.661,0.25883529582539244,True,Crítica
2025-12-28 19:00:00,Pump_2,189310002,1.697,2.041,1.666,0.25873828046173486,True,Crítica
2025-12-28 19:30:00,Pump_2,189310002,1.694,2.052,1.677,0.25863635219792364,True,Crítica
2025-12-28 20:00:00,Pump_2,189310002,1.694,2.052,1.674,0.25855955276451303,True,Crítica
2025-12-28 20:30:00,Pump_2,189310002,1.697,2.042,1.665,0.258629672175457,True,Crítica
2025-12-28 21:00:00,Pump_2,189310002,1.693,2.052,1.68,0.2584758118244888,True,Crítica
2025-12-28 21:30:00,Pump_2,189310002,1.699,2.04,1.666,0.25854257874771813,True,Crítica
2025-12-28 22:00:00,Pump_2,189310002,1.71,2.036,1.675,0.25834357249376305,True,Crítica
2025-12-28 22:30:00,Pump_2,189310002,1.709,2.043,1.677,0.25832444763738144,True,Crítica
2025-12-28 23:00:00,Pump_2,189310002,1.697,2.036,1.669,0.2583523929221417,True,Crítica
2025-12-28 23:30:00,Pump_2,189310002,1.705,2.039,1.679,0.25818803374847876,True,Crítica
2025-12-29 00:00:00,Pump_2,189310002,1.697,2.037,1.68,0.2581511220132431,True,Crítica
2025-12-29 00:30:00,Pump_2,189310002,1.708,2.042,1.675,0.25809176760963837,True,Crítica
2025-12-29 01:00:00,Pump_2,189310002,1.705,2.033,1.678,0.2581454088517764,True,Crítica
2025-12-29 01:30:00,Pump_2,189310002,1.708,2.034,1.665,0.25814157293561046,True,Crítica
2025-12-29 02:00:00,Pump_2,189310002,1.699,2.036,1.668,0.25820472540996264,True,Crítica
2025-12-29 02:30:00,Pump_2,189310002,1.706,2.031,1.665,0.2581035061576289,True,Crítica
2025-12-29 03:00:00,Pump_2,189310002,1.715,2.039,1.678,0.25793173691373655,True,Crítica
2025-12-29 03:30:00,Pump_2,189310002,1.7,2.043,1.674,0.25796255630818365,True,Crítica
2025-12-29 04:00:00,Pump_2,189310002,1.711,2.026,1.679,0.2579325179670777,True,Crítica
2025-12-29 04:30:00,Pump_2,189310002,1.701,2.03,1.669,0.2579160404885336,True,Crítica
2025-12-29 05:00:00,Pump_2,189310002,1.697,2.042,1.68,0.2579470217106689,True,Crítica
2025-12-29 05:30:00,Pump_2,189310002,1.703,2.033,1.667,0.2578165184419827,True,Crítica
2025-12-29 06:00:00,Pump_2,189310002,1.699,2.04,1.684,0.2577428947143314,True,Crítica
2025-12-29 06:30:00,Pump_2,189310002,1.709,2.033,1.677,0.2578261213417527,True,Crítica
2025-12-29 07:00:00,Pump_2,189310002,1.715,2.033,1.673,0.25800830067937736,True,Crítica
2025-12-29 07:30:00,Pump_2,189310002,1.71,2.037,1.679,0.2581393066754665,True,Crítica
2025-12-29 08:00:00,Pump_2,189310002,1.702,2.035,1.669,0.25816583180756214,True,Crítica
2025-12-29 08:30:00,Pump_2,189310002,1.719,2.038,1.683,0.25806496011012364,True,Crítica
2025-12-29 09:00:00,Pump_2,189310002,1.706,2.024,1.667,0.2583470888502133,True,Crítica
2025-12-29 09:30:00,Pump_2,189310002,1.702,2.031,1.68,0.25813379171277145,True,Crítica
2025-12-29 10:00:00,Pump_2,189310002,1.711,2.021,1.669,0.2582060322702058,True,Crítica
2025-12-29 10:30:00,Pump_2,189310002,1.708,2.029,1.67,0.25805127630181424,True,Crítica
2025-12-29 11:00:00,Pump_2,189310002,1.717,2.036,1.68,0.2578855111520405,True,Crítica
2025-12-29 11:30:00,Pump_2,189310002,1.702,2.035,1.684,0.25812289232623337,True,Crítica
2025-12-29 12:00:00,Pump_2,189310002,1.715,2.023,1.684,0.2581109165548167,True,Crítica
2025-12-29 12:30:00,Pump_2,189310002,1.719,2.029,1.674,0.2581666748874072,True,Crítica
2025-12-29 13:00:00,Pump_2,189310002,1.713,2.022,1.681,0.258144137230429,True,Crítica
2025-12-29 13:30:00,Pump_2,189310002,1.723,2.023,1.681,0.2581393736746541,True,Crítica
2025-12-29 14:00:00,Pump_2,189310002,1.709,2.023,1.679,0.25829719151320396,True,Crítica
2025-12-29 14:30:00,Pump_2,189310002,1.715,2.032,1.686,0.2583640546335652,True,Crítica
2025-12-29 15:00:00,Pump_2,189310002,1.725,2.032,1.676,0.25860771263367643,True,Crítica
2025-12-29 15:30:00,Pump_2,189310002,1.719,2.021,1.67,0.2586130916336998,True,Crítica
2025-12-29 16:00:00,Pump_2,189310002,1.719,2.032,1.675,0.2585600904863855,True,Crítica
2025-12-29 16:30:00,Pump_2,189310002,1.726,2.018,1.685,0.2586244116607951,True,Crítica
2025-12-29 17:00:00,Pump_2,189310002,1.718,2.029,1.682,0.258846002434,True,Crítica
2025-12-29 17:30:00,Pump_2,189310002,1.728,2.021,1.683,0.25892198369786584,True,Crítica
2025-12-29 18:00:00,Pump_2,189310002,1.73,2.026,1.676,0.25914780971221896,True,Crítica
2025-12-29 18:30:00,Pump_2,189310002,1.729,2.032,1.676,0.2592069534072211,True,Crítica
2025-12-29 19:00:00,Pump_2,189310002,1.717,2.02,1.682,0.2593389222349118,True,Crítica
2025-12-29 19:30:00,Pump_2,189310002,1.716,2.034,1.671,0.2593314473131326,True,Crítica
2025-12-29 20:00:00,Pump_2,189310002,1.736,2.017,1.676,0.25929265759291376,True,Crítica
2025-12-29 20:30:00,Pump_2,189310002,1.727,2.024,1.675,0.2594693496627016,True,Crítica
2025-12-29 21:00:00,Pump_2,189310002,1.719,2.031,1.681,0.25936110997391487,True,Crítica
2025-12-29 21:30:00,Pump_2,189310002,1.735,2.02,1.68,0.2596237042102622,True,Crítica
2025-12-29 22:00:00,Pump_2,189310002,1.738,2.021,1.673,0.2597831857149154,True,Crítica
2025-12-29 22:30:00,Pump_2,189310002,1.732,2.016,1.68,0.2600139141769635,True,Crítica
2025-12-29 23:00:00,Pump_2,189310002,1.733,2.021,1.685,0.26017872567769235,True,Crítica
2025-12-29 23:30:00,Pump_2,189310002,1.73,2.016,2.036,0.2602294340436278,True,Crítica
2025-12-30 00:00:00,Pump_2,189310002,1.739,2.017,1.674,0.2631106034871256,True,Crítica
2025-12-30 00:30:00,Pump_2,189310002,1.743,2.035,1.68,0.2631557509543814,True,Crítica
2025-12-30 01:00:00,Pump_2,189310002,1.741,2.031,1.675,0.2634288497591128,True,Crítica
2025-12-30 01:30:00,Pump_2,189310002,1.731,2.03,1.684,0.2636497683901779,True,Crítica
2025-12-30 02:00:00,Pump_2,189310002,1.727,2.032,1.682,0.26378238467998355,True,Crítica
2025-12-30 02:30:00,Pump_2,189310002,1.736,2.024,1.669,0.2640049822594628,True,Crítica
2025-12-30 03:00:00,Pump_2,189310002,1.73,2.022,1.677,0.2639634964736668,True,Crítica
2025-12-30 03:30:00,Pump_2,189310002,1.73,2.021,1.675,0.26393901477512816,True,Crítica
2025-12-30 04:00:00,Pump_2,189310002,1.74,2.018,1.683,0.26406221142281433,True,Crítica
2025-12-30 04:30:00,Pump_2,189310002,1.738,2.023,1.681,0.26418185959501944,True,Crítica
2025-12-30 05:00:00,Pump_2,189310002,1.751,2.026,1.682,0.26426892318959316,True,Crítica
2025-12-30 05:30:00,Pump_2,189310002,1.742,2.033,1.687,0.26449074868634476,True,Crítica
2025-12-30 06:00:00,Pump_2,189310002,1.745,2.019,1.674,0.26471427713663687,True,Crítica
2025-12-30 06:30:00,Pump_2,189310002,1.738,2.018,1.671,0.2647623990840546,True,Crítica
2025-12-30 07:00:00,Pump_2,189310002,1.746,2.019,1.673,0.26469617306911,True,Crítica
2025-12-30 07:30:00,Pump_2,189310002,1.746,2.029,1.675,0.2648336326192917,True,Crítica
2025-12-30 08:00:00,Pump_2,189310002,1.756,2.022,1.688,0.2650699580924003,True,Crítica
2025-12-30 08:30:00,Pump_2,189310002,1.756,2.026,1.677,0.26536045694809474,True,Crítica
2025-12-30 09:00:00,Pump_2,189310002,1.758,2.018,1.684,0.26562225798225,True,Crítica
2025-12-30 09:30:00,Pump_2,189310002,1.747,2.028,1.672,0.26585579148216953,True,Crítica
2025-12-30 10:00:00,Pump_2,189310002,1.745,2.02,1.68,0.26595758333620406,True,Crítica
2025-12-30 10:30:00,Pump_2,189310002,1.754,2.017,1.682,0.2660810068678773,True,Crítica
2025-12-30 11:00:00,Pump_2,189310002,1.749,2.015,1.678,0.26628161294753827,True,Crítica
2025-12-30 11:30:00,Pump_2,189310002,1.755,2.03,1.676,0.2663104794605275,True,Crítica
2025-12-30 12:00:00,Pump_2,189310002,1.749,2.022,1.678,0.26353460865591644,True,Crítica
2025-12-30 12:30:00,Pump_2,189310002,1.747,2.023,1.671,0.2636741376508709,True,Crítica
2025-12-30 13:00:00,Pump_2,189310002,1.752,2.016,1.677,0.2635472403267257,True,Crítica
2025-12-30 13:30:00,Pump_2,189310002,1.754,2.032,1.681,0.2635372358817237,True,Crítica
2025-12-30 14:00:00,Pump_2,189310002,1.765,2.022,1.682,0.26369875225356487,True,Crítica
2025-12-30 14:30:00,Pump_2,189310002,1.753,2.023,1.676,0.26390554712155606,True,Crítica
2025-12-30 15:00:00,Pump_2,189310002,1.75,2.031,1.677,0.2640840681132899,True,Crítica
2025-12-30 15:30:00,Pump_2,189310002,1.769,2.027,1.674,0.26429900652267063,True,Crítica
2025-12-30 16:00:00,Pump_2,189310002,1.764,2.028,1.672,0.2646224562644463,True,Crítica
2025-12-30 16:30:00,Pump_2,189310002,1.761,2.017,1.682,0.26478058012940714,True,Crítica
2025-12-30 17:00:00,Pump_2,189310002,1.756,2.012,1.68,0.26491111861824207,True,Crítica
2025-12-30 17:30:00,Pump_2,189310002,1.772,2.012,1.67,0.26482661348714925,True,Crítica
2025-12-30 18:00:00,Pump_2,189310002,1.761,2.019,1.688,0.26475391568284934,True,Crítica
2025-12-30 18:30:00,Pump_2,189310002,1.759,2.015,1.69,0.2649827229499638,True,Crítica
2025-12-30 19:00:00,Pump_2,189310002,1.765,2.017,1.677,0.2652670583451072,True,Crítica
2025-12-30 19:30:00,Pump_2,189310002,1.768,2.028,1.688,0.2654241905037185,True,Crítica
2025-12-30 20:00:00,Pump_2,189310002,1.767,2.013,1.684,0.2656886663505168,True,Crítica
2025-12-30 20:30:00,Pump_2,189310002,1.767,2.029,2.14,0.2656643472945431,True,Crítica
2025-12-30 21:00:00,Pump_2,189310002,1.78,2.024,1.677,0.2694741304300433,True,Crítica
2025-12-30 21:30:00,Pump_2,189310002,1.77,2.376,1.683,0.2696178519750745,True,Crítica
2025-12-30 22:00:00,Pump_2,189310002,1.771,2.026,1.676,0.27250962811549057,True,Crítica
2025-12-30 22:30:00,Pump_2,189310002,1.771,2.021,1.691,0.27271066173646746,True,Crítica
2025-12-30 23:00:00,Pump_2,189310002,1.782,2.03,1.678,0.2729309967388095,True,Crítica
2025-12-30 23:30:00,Pump_2,189310002,1.777,2.03,1.688,0.2732801164785402,True,Crítica
2025-12-31 00:00:00,Pump_2,189310002,1.768,2.013,1.689,0.2735426425537819,True,Crítica
2025-12-31 00:30:00,Pump_2,189310002,1.777,2.022,1.673,0.27370148231611985,True,Crítica
2025-12-31 01:00:00,Pump_2,189310002,1.779,2.013,1.69,0.27393390804345213,True,Crítica
2025-12-31 01:30:00,Pump_2,189310002,1.771,2.027,1.672,0.2742106905907271,True,Crítica
2025-12-31 02:00:00,Pump_2,189310002,1.775,2.028,1.679,0.27423311862850597,True,Crítica
2025-12-31 02:30:00,Pump_2,189310002,1.789,2.029,1.68,0.2743287508872505,True,Crítica
2025-12-31 03:00:00,Pump_2,189310002,1.787,2.029,1.689,0.27467600959089056,True,Crítica
2025-12-31 03:30:00,Pump_2,189310002,1.784,2.019,1.685,0.27504037309881935,True,Crítica
2025-12-31 04:00:00,Pump_2,189310002,1.774,2.02,1.691,0.27518874113331515,True,Crítica
2025-12-31 04:30:00,Pump_2,189310002,1.788,2.029,1.677,0.27536580940908195,True,Crítica
2025-12-31 05:00:00,Pump_2,189310002,1.788,2.029,1.677,0.27561160702321547,True,Crítica
2025-12-31 05:30:00,Pump_2,189310002,1.785,2.017,1.672,0.27594244132995766,True,Crítica
2025-12-31 06:00:00,Pump_2,189310002,1.778,2.024,1.689,0.27608449533115337,True,Crítica
2025-12-31 06:30:00,Pump_2,189310002,1.78,2.018,1.684,0.276240867840339,True,Crítica
2025-12-31 07:00:00,Pump_2,189310002,1.781,2.011,1.686,0.27635094673544447,True,Crítica
2025-12-31 07:30:00,Pump_2,189310002,1.791,2.014,1.688,0.2764864301994186,True,Crítica
2025-12-31 08:00:00,Pump_2,189310002,1.788,2.02,1.682,0.27654602414098384,True,Crítica
2025-12-31 08:30:00,Pump_2,189310002,1.788,2.022,1.683,0.27672977768961726,True,Crítica
2025-12-31 09:00:00,Pump_2,189310002,1.798,2.024,1.688,0.27296412569767015,True,Crítica
2025-12-31 09:30:00,Pump_2,189310002,1.796,2.008,1.69,0.2731885963397112,True,Crítica
2025-12-31 10:00:00,Pump_2,189310002,1.799,2.01,1.689,0.2708874055565085,True,Crítica
2025-12-31 10:30:00,Pump_2,189310002,1.798,2.015,1.681,0.271081150175684,True,Crítica
2025-12-31 11:00:00,Pump_2,189310002,1.799,2.016,1.678,0.2711482821132868,True,Crítica
2025-12-31 11:30:00,Pump_2,189310002,1.792,2.017,1.674,0.27117324186380354,True,Crítica
2025-12-31 12:00:00,Pump_2,189310002,1.788,2.017,1.692,0.2710738897186167,True,Crítica
2025-12-31 12:30:00,Pump_2,189310002,1.799,2.024,1.685,0.2712635371158833,True,Crítica
2025-12-31 13:00:00,Pump_2,189310002,1.806,2.027,1.68,0.2715381258923695,True,Crítica
2025-12-31 13:30:00,Pump_2,189310002,1.8,2.016,1.68,0.27175045395977826,True,Crítica
2025-12-31 14:00:00,Pump_2,189310002,1.794,2.022,1.677,0.271952275194119,True,Crítica
2025-12-31 14:30:00,Pump_2,189310002,1.791,2.015,1.678,0.27203672590667743,True,Crítica
2025-12-31 15:00:00,Pump_2,189310002,1.797,2.021,1.69,0.27193638510383583,True,Crítica
2025-12-31 15:30:00,Pump_2,189310002,1.807,2.018,1.686,0.2719597253763898,True,Crítica
2025-12-31 16:00:00,Pump_2,189310002,1.806,2.01,1.691,0.2721268353612694,True,Crítica
2025-12-31 16:30:00,Pump_2,189310002,1.799,2.016,1.693,0.27228300336696076,True,Crítica
2025-12-31 17:00:00,Pump_2,189310002,1.801,2.003,1.682,0.2724040012173032,True,Crítica
2025-12-31 17:30:00,Pump_2,189310002,1.815,2.017,1.679,0.27235418676001816,True,Crítica
2025-12-31 18:00:00,Pump_2,189310002,1.808,2.014,1.679,0.2726363492449717,True,Crítica
2025-12-31 18:30:00,Pump_2,189310002,1.812,2.011,1.681,0.2727045108863975,True,Crítica
2025-12-31 19:00:00,Pump_2,189310002,1.803,2.014,1.68,0.27286405960501514,True,Crítica
2025-12-31 19:30:00,Pump_2,189310002,1.806,2.011,1.683,0.272996585402645,True,Crítica
2025-12-31 20:00:00,Pump_2,189310002,1.805,2.007,1.683,0.2730410885551077,True,Crítica
2025-12-31 20:30:00,Pump_2,189310002,1.811,2.002,1.686,0.2730796807988152,True,Crítica
2025-12-31 21:00:00,Pump_2,189310002,1.813,1.998,1.679,0.27312524993530274,True,Crítica
2025-12-31 21:30:00,Pump_2,189310002,1.811,2.012,1.686,0.27296792788974233,True,Crítica
2025-12-31 22:00:00,Pump_2,189310002,1.813,2.003,1.681,0.2730643580838326,True,Crítica
2025-12-31 22:30:00,Pump_2,189310002,1.811,2.001,1.68,0.2730396173374609,True,Crítica
2025-12-31 23:00:00,Pump_2,189310002,1.812,2.002,1.692,0.2730182796569523,True,Crítica
2025-12-31 23:30:00,Pump_2,189310002,1.814,1.994,1.677,0.2731196367648,True,Crítica
2025-10-20 12:00:00,Pump_3,189310003,1.503,2.307,1.926,0.05636257475016033,True,Crítica
2025-10-20 12:30:00,Pump_3,189310003,1.497,2.305,1.922,0.05639330590439432,True,Crítica
2025-10-20 13:00:00,Pump_3,189310003,1.504,2.307,1.941,0.056485674809172624,True,Crítica
2025-10-20 13:30:00,Pump_3,189310003,1.513,2.306,1.93,0.05642894032580324,True,Crítica
2025-10-20 14:00:00,Pump_3,189310003,1.512,2.304,1.941,0.05675426407025546,True,Crítica
2025-10-20 14:30:00,Pump_3,189310003,1.502,2.298,1.925,0.057050538931933965,True,Crítica
2025-10-20 15:00:00,Pump_3,189310003,1.51,2.297,1.941,0.05694312653930553,True,Crítica
2025-10-20 15:30:00,Pump_3,189310003,1.499,2.307,1.934,0.057363729966457194,True,Crítica
2025-10-20 16:00:00,Pump_3,189310003,1.512,2.303,1.93,0.05717222620170549,True,Crítica
2025-10-20 16:30:00,Pump_3,189310003,1.5,2.31,1.942,0.057390783651510874,True,Crítica
2025-10-20 17:00:00,Pump_3,189310003,1.51,2.309,1.935,0.057538534646633104,True,Crítica
2025-10-20 17:30:00,Pump_3,189310003,1.496,2.31,1.945,0.05748457175727771,True,Crítica
2025-10-20 18:00:00,Pump_3,189310003,1.507,2.298,1.928,0.057453936366690925,True,Crítica
2025-10-20 18:30:00,Pump_3,189310003,1.5,2.293,1.934,0.057573560402093,True,Crítica
2025-10-20 19:00:00,Pump_3,189310003,1.503,2.311,1.93,0.0575842779747614,True,Crítica
2025-10-20 19:30:00,Pump_3,189310003,1.493,2.3,1.928,0.057762113155037355,True,Crítica
2025-10-20 20:00:00,Pump_3,189310003,1.498,2.308,1.945,0.05748222547763896,True,Crítica
2025-10-20 20:30:00,Pump_3,189310003,1.495,2.295,1.929,0.05774342867106138,True,Crítica
2025-10-20 21:00:00,Pump_3,189310003,1.504,2.3,1.936,0.05810684903647799,True,Crítica
2025-10-20 21:30:00,Pump_3,189310003,1.912,2.305,1.942,0.05830572105873325,True,Crítica
2025-10-20 22:00:00,Pump_3,189310003,1.509,2.297,1.93,0.06194634122999207,True,Crítica
2025-10-20 22:30:00,Pump_3,189310003,1.506,2.307,1.933,0.06235770477590893,True,Crítica
2025-10-20 23:00:00,Pump_3,189310003,1.505,2.294,1.94,0.06267184056379763,True,Crítica
2025-10-20 23:30:00,Pump_3,189310003,1.501,2.3,1.932,0.06257769195155591,True,Crítica
2025-10-21 00:00:00,Pump_3,189310003,1.497,2.31,1.946,0.06242517820387063,True,Crítica
2025-10-21 00:30:00,Pump_3,189310003,1.496,2.307,1.943,0.0627425564235214,True,Crítica
2025-10-21 01:00:00,Pump_3,189310003,1.497,2.309,1.949,0.06312959694438086,True,Crítica
2025-10-21 01:30:00,Pump_3,189310003,1.501,2.31,1.936,0.06294595252774395,True,Crítica
2025-10-21 02:00:00,Pump_3,189310003,1.5,2.311,1.951,0.06300767228602952,True,Crítica
2025-10-21 02:30:00,Pump_3,189310003,1.492,2.303,1.953,0.06261450047350785,True,Crítica
2025-10-21 03:00:00,Pump_3,189310003,1.504,2.308,1.953,0.06261390736717876,True,Crítica
2025-10-21 03:30:00,Pump_3,189310003,1.491,2.301,1.949,0.062030785388863086,True,Crítica
2025-10-21 04:00:00,Pump_3,189310003,1.499,2.309,1.95,0.061553222058583316,True,Crítica
2025-10-21 04:30:00,Pump_3,189310003,1.495,2.306,1.937,0.061380622916546806,True,Crítica
2025-10-21 05:00:00,Pump_3,189310003,1.51,2.298,1.954,0.060613402684851686,True,Crítica
2025-10-21 05:30:00,Pump_3,189310003,1.508,2.305,1.954,0.06021084939274804,True,Crítica
2025-10-21 06:00:00,Pump_3,189310003,1.495,2.298,1.954,0.05971324770400986,True,Crítica
2025-10-21 06:30:00,Pump_3,189310003,1.509,2.295,1.955,0.05957993387794036,True,Crítica
2025-10-21 07:00:00,Pump_3,189310003,1.497,2.294,1.948,0.05957944874655917,True,Crítica
2025-10-21 07:30:00,Pump_3,189310003,1.505,2.309,1.946,0.05959142061355524,True,Crítica
2025-10-21 08:00:00,Pump_3,189310003,1.493,2.294,1.952,0.05983549074556908,True,Crítica
2025-10-21 08:30:00,Pump_3,189310003,1.492,2.293,1.948,0.05970455440444108,True,Crítica
2025-10-21 09:00:00,Pump_3,189310003,1.501,2.293,1.955,0.0599825740849392,True,Crítica
2025-10-21 09:30:00,Pump_3,189310003,1.495,2.296,1.941,0.0603941384992991,True,Crítica
2025-10-21 10:00:00,Pump_3,189310003,1.491,2.304,1.958,0.06459378768957397,True,Crítica
2025-10-21 10:30:00,Pump_3,189310003,1.507,2.293,1.952,0.06537423951636437,True,Crítica
2025-10-21 11:00:00,Pump_3,189310003,1.49,2.292,1.944,0.0660979012768195,True,Crítica
2025-10-21 11:30:00,Pump_3,189310003,1.494,2.293,1.952,0.06625121014312471,True,Crítica
2025-10-21 12:00:00,Pump_3,189310003,1.493,2.296,1.959,0.06679323814027349,True,Crítica
2025-10-21 12:30:00,Pump_3,189310003,1.492,2.294,1.958,0.0669410946503661,True,Crítica
2025-10-21 13:00:00,Pump_3,189310003,1.504,2.293,1.956,0.06715352744373958,True,Crítica
2025-10-21 13:30:00,Pump_3,189310003,1.5,2.291,1.949,0.06727797496424413,True,Crítica
2025-10-21 14:00:00,Pump_3,189310003,1.488,2.291,1.95,0.06775044430731816,True,Crítica
2025-10-21 14:30:00,Pump_3,189310003,1.49,2.289,1.951,0.06767072329882308,True,Crítica
2025-10-21 15:00:00,Pump_3,189310003,1.498,2.29,1.961,0.06748815052482307,True,Crítica
2025-10-21 15:30:00,Pump_3,189310003,1.49,2.288,1.958,0.06755079708079831,True,Crítica
2025-10-21 16:00:00,Pump_3,189310003,1.507,2.297,1.96,0.06757256362517862,True,Crítica
2025-10-21 16:30:00,Pump_3,189310003,1.494,2.307,1.956,0.0678563882856073,True,Crítica
2025-10-21 17:00:00,Pump_3,189310003,1.506,2.29,1.958,0.06838739181680976,True,Crítica
2025-10-21 17:30:00,Pump_3,189310003,1.493,2.305,1.946,0.06849285789089828,True,Crítica
2025-10-21 18:00:00,Pump_3,189310003,1.494,2.305,1.959,0.06850031344333159,True,Crítica
2025-10-21 18:30:00,Pump_3,189310003,1.496,2.292,1.952,0.06855894510377958,True,Crítica
2025-10-21 19:00:00,Pump_3,189310003,1.493,2.309,1.953,0.06852043348632803,True,Crítica
2025-10-21 19:30:00,Pump_3,189310003,1.501,2.303,1.959,0.06869966506634723,True,Crítica
2025-10-21 20:00:00,Pump_3,189310003,1.489,2.296,1.957,0.06902062615208743,True,Crítica
2025-10-21 20:30:00,Pump_3,189310003,1.501,2.295,1.949,0.06903230108350561,True,Crítica
2025-10-21 21:00:00,Pump_3,189310003,1.499,2.307,1.954,0.06916914860451089,True,Crítica
2025-10-21 21:30:00,Pump_3,189310003,1.502,2.294,1.953,0.06924318299547275,True,Crítica
2025-10-21 22:00:00,Pump_3,189310003,1.488,2.298,1.94,0.06955113707528808,True,Crítica
2025-10-21 22:30:00,Pump_3,189310003,1.498,2.3,1.955,0.06936627960440643,True,Crítica
2025-10-21 23:00:00,Pump_3,189310003,1.496,2.296,1.95,0.06943698186101656,True,Crítica
2025-10-21 23:30:00,Pump_3,189310003,1.499,2.303,1.939,0.06960020858637246,True,Crítica
2025-10-22 00:00:00,Pump_3,189310003,1.487,2.305,1.94,0.06958989600632676,True,Crítica
2025-10-22 00:30:00,Pump_3,189310003,1.494,2.315,1.95,0.0693720821740892,True,Crítica
2025-10-22 01:00:00,Pump_3,189310003,1.486,2.309,1.94,0.06933017168440092,True,Crítica
2025-10-22 01:30:00,Pump_3,189310003,1.492,2.307,1.945,0.06914259807446858,True,Crítica
2025-10-22 02:00:00,Pump_3,189310003,1.504,2.316,1.932,0.0691496054040596,True,Crítica
2025-10-22 02:30:00,Pump_3,189310003,1.503,2.317,1.946,0.06919575137063681,True,Crítica
2025-10-22 03:00:00,Pump_3,189310003,1.499,2.306,1.932,0.0693046653061523,True,Crítica
2025-10-22 03:30:00,Pump_3,189310003,1.492,2.308,1.941,0.06901862027040129,True,Crítica
2025-10-22 04:00:00,Pump_3,189310003,1.487,2.307,1.949,0.06879343576987348,True,Crítica
2025-10-22 04:30:00,Pump_3,189310003,1.503,2.31,1.948,0.0685531624261384,True,Crítica
2025-10-22 05:00:00,Pump_3,189310003,1.502,2.321,1.945,0.06852618305386136,True,Crítica
2025-10-22 05:30:00,Pump_3,189310003,1.495,2.32,1.94,0.06842456731512452,True,Crítica
2025-10-22 06:00:00,Pump_3,189310003,1.489,2.321,1.941,0.06852056614367757,True,Crítica
2025-10-22 06:30:00,Pump_3,189310003,1.492,2.318,1.944,0.06823710794716929,True,Crítica
2025-10-22 07:00:00,Pump_3,189310003,1.488,2.312,1.935,0.06808309215320205,True,Crítica
2025-10-22 07:30:00,Pump_3,189310003,1.498,2.314,1.931,0.06780029154975639,True,Crítica
2025-10-22 08:00:00,Pump_3,189310003,1.485,2.315,1.933,0.06736049421349101,True,Crítica
2025-10-22 08:30:00,Pump_3,189310003,1.495,2.322,1.929,0.06674317264149354,True,Crítica
2025-10-22 09:00:00,Pump_3,189310003,1.491,2.311,1.936,0.06646798151261207,True,Crítica
2025-10-22 09:30:00,Pump_3,189310003,1.5,2.311,1.923,0.06599090798443369,True,Crítica
2025-10-22 10:00:00,Pump_3,189310003,1.489,2.327,1.923,0.0654047185681995,True,Crítica
2025-10-22 10:30:00,Pump_3,189310003,1.491,2.312,1.931,0.06514190103971623,True,Crítica
2025-10-22 11:00:00,Pump_3,189310003,1.488,2.326,1.924,0.06438499767419335,True,Crítica
2025-10-22 11:30:00,Pump_3,189310003,1.482,2.667,1.919,0.06373177736911885,True,Crítica
2025-10-22 12:00:00,Pump_3,189310003,1.481,2.313,1.919,0.06518750388817836,True,Crítica
2025-10-22 12:30:00,Pump_3,189310003,1.492,2.316,1.929,0.06469462659237393,True,Crítica
2025-10-22 13:00:00,Pump_3,189310003,1.48,2.318,1.917,0.06411209563888937,True,Crítica
2025-10-22 13:30:00,Pump_3,189310003,1.489,2.321,1.92,0.06362639390883626,True,Crítica
2025-10-22 14:00:00,Pump_3,189310003,1.493,2.324,1.926,0.06312101598754462,True,Crítica
2025-10-22 14:30:00,Pump_3,189310003,1.498,2.333,1.926,0.06335582755159717,True,Crítica
2025-10-22 15:00:00,Pump_3,189310003,1.496,2.328,1.915,0.06303314215378296,True,Crítica
2025-10-22 15:30:00,Pump_3,189310003,1.488,2.319,1.913,0.062909879523477,True,Crítica
2025-10-22 16:00:00,Pump_3,189310003,1.488,2.329,1.918,0.06215666344209127,True,Crítica
2025-10-22 16:30:00,Pump_3,189310003,1.497,2.329,1.92,0.06102559683538665,True,Crítica
2025-10-22 17:00:00,Pump_3,189310003,1.486,2.334,1.922,0.06013213267370795,True,Crítica
2025-10-22 17:30:00,Pump_3,189310003,1.495,2.332,1.909,0.059290943041841696,True,Crítica
2025-10-22 18:00:00,Pump_3,189310003,1.489,2.338,1.92,0.05851065874485929,True,Crítica
2025-10-22 18:30:00,Pump_3,189310003,1.497,2.325,1.91,0.05766072092571885,True,Crítica
2025-10-22 19:00:00,Pump_3,189310003,1.484,2.327,1.909,0.056710556106361026,True,Crítica
2025-10-22 19:30:00,Pump_3,189310003,1.485,2.336,1.92,0.05594987968624813,True,Crítica
2025-10-22 20:00:00,Pump_3,189310003,1.486,2.326,1.911,0.05562363806881181,True,Crítica
2025-10-22 20:30:00,Pump_3,189310003,1.482,2.333,1.912,0.05500590096152261,True,Crítica
2025-10-22 21:00:00,Pump_3,189310003,1.482,2.329,2.511,0.05453961832354007,True,Crítica
2025-10-22 21:30:00,Pump_3,189310003,1.482,2.329,1.916,0.05815505199161028,True,Crítica
2025-10-22 22:00:00,Pump_3,189310003,1.488,2.341,1.902,0.057846718503997446,True,Crítica
2025-10-22 22:30:00,Pump_3,189310003,1.491,2.334,1.912,0.057771833517772944,True,Crítica
2025-10-22 23:00:00,Pump_3,189310003,1.488,2.329,1.918,0.05779555591530164,True,Crítica
2025-10-22 23:30:00,Pump_3,189310003,1.483,2.338,1.91,0.05778492536275675,True,Crítica
2025-10-23 00:00:00,Pump_3,189310003,1.482,2.33,1.901,0.058335411413530075,True,Crítica
2025-10-23 00:30:00,Pump_3,189310003,1.485,2.345,1.914,0.05809177547187626,True,Crítica
2025-10-23 01:00:00,Pump_3,189310003,1.479,2.338,1.91,0.057903721915263766,True,Crítica
2025-10-23 01:30:00,Pump_3,189310003,1.485,2.338,1.907,0.0579998055077812,True,Crítica
2025-10-23 02:00:00,Pump_3,189310003,1.494,2.335,1.906,0.05823177103792717,True,Crítica
2025-10-23 02:30:00,Pump_3,189310003,1.489,2.331,1.9,0.058552527730262455,True,Crítica
2025-10-23 03:00:00,Pump_3,189310003,1.482,2.349,1.904,0.05909664982150109,True,Crítica
2025-10-23 03:30:00,Pump_3,189310003,1.48,2.343,1.905,0.06037521154256003,True,Crítica
2025-10-23 04:00:00,Pump_3,189310003,1.492,2.336,1.911,0.06180834160760576,True,Crítica
2025-10-23 04:30:00,Pump_3,189310003,1.478,2.332,1.899,0.06333917123749816,True,Crítica
2025-10-23 05:00:00,Pump_3,189310003,1.486,2.333,1.894,0.06457278925169395,True,Crítica
2025-10-23 05:30:00,Pump_3,189310003,1.485,2.347,1.909,0.06558655591055754,True,Crítica
2025-10-23 06:00:00,Pump_3,189310003,1.481,2.342,1.895,0.06684920192682992,True,Crítica
2025-10-23 06:30:00,Pump_3,189310003,1.483,2.345,1.903,0.06735320590595108,True,Crítica
2025-10-23 07:00:00,Pump_3,189310003,1.494,2.341,1.904,0.06788690500376668,True,Crítica
2025-10-23 07:30:00,Pump_3,189310003,1.477,2.345,1.898,0.0683808220451505,True,Crítica
2025-10-23 08:00:00,Pump_3,189310003,1.476,2.34,1.905,0.06844528534443929,True,Crítica
2025-10-23 08:30:00,Pump_3,189310003,1.491,2.355,1.901,0.06853917841619807,True,Crítica
2025-10-23 09:00:00,Pump_3,189310003,1.485,2.351,1.894,0.06862105561898073,True,Crítica
2025-10-23 09:30:00,Pump_3,189310003,1.476,2.348,1.887,0.0514260195845747,True,Crítica
2025-10-23 10:00:00,Pump_3,189310003,1.493,2.355,1.884,0.05119252751726163,True,Crítica
2025-10-23 10:30:00,Pump_3,189310003,1.491,2.339,1.887,0.05122835344387558,True,Crítica
2025-10-23 11:00:00,Pump_3,189310003,1.485,2.347,1.887,0.05105821788156456,True,Crítica
2025-10-23 11:30:00,Pump_3,189310003,1.48,2.35,1.893,0.05081621992565504,True,Crítica
2025-10-23 12:00:00,Pump_3,189310003,1.485,2.347,1.899,0.050707573962695485,True,Crítica
2025-10-23 12:30:00,Pump_3,189310003,1.476,2.345,1.898,0.05078662043835022,True,Crítica
2025-10-23 13:00:00,Pump_3,189310003,1.486,2.357,1.897,0.05059263009965562,True,Crítica
2025-10-23 13:30:00,Pump_3,189310003,1.482,2.35,1.886,0.05062426403514896,True,Crítica
2025-10-23 14:00:00,Pump_3,189310003,1.478,2.356,1.894,0.050500293789288594,True,Crítica
2025-10-23 14:30:00,Pump_3,189310003,1.476,2.358,1.888,0.05039870683948719,True,Crítica
2025-10-23 15:00:00,Pump_3,189310003,2.022,2.362,1.889,0.05034588103816194,True,Crítica
2025-10-23 15:30:00,Pump_3,189310003,1.488,2.351,1.885,0.05444200105255537,True,Crítica
2025-10-23 16:00:00,Pump_3,189310003,1.476,2.358,1.884,0.05438191203608038,True,Crítica
2025-10-23 16:30:00,Pump_3,189310003,1.486,2.347,1.883,0.054151873866281425,True,Crítica
2025-10-23 17:00:00,Pump_3,189310003,1.485,2.355,1.872,0.05414682348278696,True,Crítica
2025-10-23 17:30:00,Pump_3,189310003,1.489,2.366,1.885,0.05408647864842273,True,Crítica
2025-10-23 18:00:00,Pump_3,189310003,1.49,2.35,1.873,0.054047026040991285,True,Crítica
2025-10-23 18:30:00,Pump_3,189310003,1.472,2.368,1.888,0.05400197339875758,True,Crítica
2025-10-23 19:00:00,Pump_3,189310003,1.482,2.353,1.868,0.053931143155417804,True,Crítica
2025-10-23 19:30:00,Pump_3,189310003,1.481,2.363,1.869,0.053654172192619594,True,Crítica
2025-10-23 20:00:00,Pump_3,189310003,1.484,2.357,1.885,0.05359660735042066,True,Crítica
2025-10-23 20:30:00,Pump_3,189310003,1.473,2.353,1.884,0.05364710815344524,True,Crítica
2025-10-23 21:00:00,Pump_3,189310003,1.487,2.36,1.874,0.05344349889154531,True,Crítica
2025-10-23 21:30:00,Pump_3,189310003,1.489,2.355,1.884,0.05343260995085741,True,Crítica
2025-10-23 22:00:00,Pump_3,189310003,1.487,2.362,1.878,0.053623933841676324,True,Crítica
2025-10-23 22:30:00,Pump_3,189310003,1.492,2.351,1.877,0.053646366745730395,True,Crítica
2025-10-23 23:00:00,Pump_3,189310003,1.483,2.36,1.885,0.05373553512281677,True,Crítica
2025-10-23 23:30:00,Pump_3,189310003,1.48,2.368,1.877,0.05389046121075167,True,Crítica
2025-10-24 00:00:00,Pump_3,189310003,1.486,2.351,1.872,0.05406900361494544,True,Crítica
2025-10-24 00:30:00,Pump_3,189310003,1.48,2.355,1.879,0.054158706163864485,True,Crítica
2025-10-24 01:00:00,Pump_3,189310003,1.475,2.364,1.887,0.054362641830028896,True,Crítica
2025-10-24 01:30:00,Pump_3,189310003,1.483,2.368,1.887,0.05445346644480854,True,Crítica
2025-10-24 02:00:00,Pump_3,189310003,1.492,2.364,1.888,0.054689090713385693,True,Crítica
2025-10-24 02:30:00,Pump_3,189310003,1.486,2.356,1.886,0.05496475892161798,True,Crítica
2025-10-24 03:00:00,Pump_3,189310003,1.488,2.37,1.875,0.055137106965198794,True,Crítica
2025-10-24 03:30:00,Pump_3,189310003,1.487,2.356,1.875,0.049748796637032786,True,Crítica
2025-10-24 04:00:00,Pump_3,189310003,1.485,2.361,1.88,0.049708999608305375,True,Crítica
2025-10-24 04:30:00,Pump_3,189310003,1.493,2.352,1.881,0.04979627881761991,True,Crítica
2025-10-24 05:00:00,Pump_3,189310003,1.49,2.37,1.891,0.049851580027425964,True,Crítica
2025-10-24 05:30:00,Pump_3,189310003,1.482,2.371,1.879,0.050049593370517065,True,Crítica
2025-10-24 06:00:00,Pump_3,189310003,1.487,2.372,1.884,0.0499874187244368,True,Crítica
2025-10-24 06:30:00,Pump_3,189310003,1.495,2.355,1.88,0.0500991409615882,True,Crítica
2025-10-24 07:00:00,Pump_3,189310003,1.482,2.37,1.894,0.050190435157066275,True,Crítica
2025-10-24 07:30:00,Pump_3,189310003,1.494,2.364,1.887,0.05040012401567773,True,Crítica
2025-10-24 08:00:00,Pump_3,189310003,1.491,2.365,1.892,0.050598099757683035,True,Crítica
2025-10-24 08:30:00,Pump_3,189310003,1.497,2.361,1.892,0.050738849129447955,True,Crítica
2025-10-24 09:00:00,Pump_3,189310003,1.488,2.368,1.889,0.051021267379133685,True,Crítica
2025-10-24 09:30:00,Pump_3,189310003,1.494,2.36,1.886,0.05113848822169095,True,Crítica
2025-10-24 10:00:00,Pump_3,189310003,1.478,2.355,1.877,0.051200304062827606,True,Crítica
2025-10-24 10:30:00,Pump_3,189310003,1.482,2.359,1.892,0.051067828104976926,True,Crítica
2025-10-24 11:00:00,Pump_3,189310003,1.482,2.358,1.889,0.05109269996432602,True,Crítica
2025-10-24 11:30:00,Pump_3,189310003,1.48,2.373,1.887,0.05109828810398206,True,Crítica
2025-10-24 12:00:00,Pump_3,189310003,1.486,2.356,1.893,0.05117592869298501,True,Crítica
2025-10-24 12:30:00,Pump_3,189310003,1.489,2.361,1.878,0.051296736123750436,True,Crítica
2025-10-24 13:00:00,Pump_3,189310003,1.482,2.371,1.879,0.05137311952609327,True,Crítica
2025-10-24 13:30:00,Pump_3,189310003,1.493,2.366,1.896,0.0514226413320082,True,Crítica
2025-10-24 14:00:00,Pump_3,189310003,1.497,2.359,1.888,0.05155093806519931,True,Crítica
2025-10-24 14:30:00,Pump_3,189310003,1.494,2.371,1.894,0.05154577192052169,True,Crítica
2025-10-24 15:00:00,Pump_3,189310003,1.481,2.359,1.882,0.05170864807881681,True,Crítica
2025-10-24 15:30:00,Pump_3,189310003,1.494,2.367,1.884,0.05160206798898173,True,Crítica
2025-10-24 16:00:00,Pump_3,189310003,1.495,2.356,1.893,0.05172139269439648,True,Crítica
2025-10-24 16:30:00,Pump_3,189310003,1.484,2.362,1.886,0.051834316187601294,True,Crítica
2025-10-24 17:00:00,Pump_3,189310003,1.48,2.375,1.898,0.05181302022276261,True,Crítica
2025-10-24 17:30:00,Pump_3,189310003,1.496,2.365,1.893,0.051815031641846594,True,Crítica
2025-10-24 18:00:00,Pump_3,189310003,1.489,2.36,1.898,0.05197906896433943,True,Crítica
2025-10-24 18:30:00,Pump_3,189310003,1.493,2.361,1.888,0.05203143864254668,True,Crítica
2025-10-24 19:00:00,Pump_3,189310003,1.494,2.362,1.892,0.05207475147560035,True,Crítica
2025-10-24 19:30:00,Pump_3,189310003,1.481,2.36,1.897,0.0521447031598465,True,Crítica
2025-10-24 20:00:00,Pump_3,189310003,1.487,2.363,1.884,0.05208868682187792,True,Crítica
2025-10-24 20:30:00,Pump_3,189310003,1.498,2.371,1.884,0.052001118087414984,True,Crítica
2025-10-24 21:00:00,Pump_3,189310003,1.488,2.373,1.885,0.051995320156476885,True,Crítica
2025-10-24 21:30:00,Pump_3,189310003,1.497,2.359,1.891,0.05198883366734877,True,Crítica
2025-10-24 22:00:00,Pump_3,189310003,1.499,2.376,1.893,0.05201178974759944,True,Crítica
2025-10-24 22:30:00,Pump_3,189310003,1.497,2.364,1.897,0.052352425711026766,True,Crítica
2025-10-24 23:00:00,Pump_3,189310003,1.483,2.369,1.896,0.05252289666234168,True,Crítica
2025-10-24 23:30:00,Pump_3,189310003,1.493,2.363,1.895,0.05262090618867034,True,Crítica
2025-10-25 00:00:00,Pump_3,189310003,1.488,2.371,1.895,0.052722558601676184,True,Crítica
2025-10-25 00:30:00,Pump_3,189310003,1.5,2.369,1.89,0.0528135435951824,True,Crítica
2025-10-25 01:00:00,Pump_3,189310003,1.503,2.367,1.886,0.05297739378105912,True,Crítica
2025-10-25 01:30:00,Pump_3,189310003,1.488,2.372,1.892,0.053151273689915984,True,Crítica
2025-10-25 02:00:00,Pump_3,189310003,1.502,2.368,1.9,0.05312068774400916,True,Crítica
2025-10-25 02:30:00,Pump_3,189310003,1.502,2.371,1.89,0.0532614044268546,True,Crítica
2025-10-25 03:00:00,Pump_3,189310003,1.491,2.368,1.89,0.05329789785947606,True,Crítica
2025-10-25 03:30:00,Pump_3,189310003,1.484,2.377,1.892,0.05345758793398056,True,Crítica
2025-10-25 04:00:00,Pump_3,189310003,1.486,2.368,1.885,0.05347152505435501,True,Crítica
2025-10-25 04:30:00,Pump_3,189310003,1.5,2.366,1.89,0.05340190185882088,True,Crítica
2025-10-25 05:00:00,Pump_3,189310003,1.495,2.361,1.899,0.053569272594558424,True,Crítica
2025-10-25 05:30:00,Pump_3,189310003,1.488,2.375,1.903,0.053656535963897536,True,Crítica
2025-10-25 06:00:00,Pump_3,189310003,1.495,2.365,1.891,0.05370618388794278,True,Crítica
2025-10-25 06:30:00,Pump_3,189310003,1.489,2.372,1.891,0.053733592319238514,True,Crítica
2025-10-25 07:00:00,Pump_3,189310003,1.503,2.361,1.9,0.05375536619711441,True,Crítica
2025-10-25 07:30:00,Pump_3,189310003,1.49,2.38,1.888,0.05385838150639921,True,Crítica
2025-10-25 08:00:00,Pump_3,189310003,1.498,2.374,1.906,0.053976540173268195,True,Crítica
2025-10-25 08:30:00,Pump_3,189310003,1.487,2.37,1.906,0.054241179627705555,True,Crítica
2025-10-25 09:00:00,Pump_3,189310003,1.503,2.362,1.89,0.05427541595251871,True,Crítica
2025-10-25 09:30:00,Pump_3,189310003,1.495,2.37,1.892,0.054364564933131715,True,Crítica
2025-10-25 10:00:00,Pump_3,189310003,1.504,2.37,1.893,0.05439875765512154,True,Crítica
2025-10-25 10:30:00,Pump_3,189310003,1.501,2.374,1.908,0.05440937791178689,True,Crítica
2025-10-25 11:00:00,Pump_3,189310003,1.491,2.374,1.897,0.05456217286536585,True,Crítica
2025-10-25 11:30:00,Pump_3,189310003,1.501,2.37,1.889,0.054668413260689934,True,Crítica
2025-10-25 12:00:00,Pump_3,189310003,1.493,2.381,1.897,0.05471425865166787,True,Crítica
2025-10-25 12:30:00,Pump_3,189310003,1.507,2.368,1.893,0.0548148575203096,True,Crítica
2025-10-25 13:00:00,Pump_3,189310003,1.499,2.371,1.908,0.05485190579034593,True,Crítica
2025-10-25 13:30:00,Pump_3,189310003,1.492,2.364,1.907,0.05494479598069692,True,Crítica
2025-10-25 14:00:00,Pump_3,189310003,1.494,2.366,1.9,0.0550279857578954,True,Crítica
2025-10-25 14:30:00,Pump_3,189310003,1.505,2.382,1.899,0.05494154191398434,True,Crítica
2025-10-25 15:00:00,Pump_3,189310003,1.496,2.367,1.893,0.05504426534517371,True,Crítica
2025-10-25 15:30:00,Pump_3,189310003,1.491,2.379,1.891,0.05507471874713289,True,Crítica
2025-10-25 16:00:00,Pump_3,189310003,1.49,2.378,1.9,0.05512996319935947,True,Crítica
2025-10-25 16:30:00,Pump_3,189310003,1.495,2.364,1.894,0.05528948250477459,True,Crítica
2025-10-25 17:00:00,Pump_3,189310003,1.508,2.364,1.902,0.05524304185946687,True,Crítica
2025-10-25 17:30:00,Pump_3,189310003,1.508,2.377,1.91,0.05537066407654219,True,Crítica
2025-10-25 18:00:00,Pump_3,189310003,1.504,2.384,1.901,0.055598649958719215,True,Crítica
2025-10-25 18:30:00,Pump_3,189310003,1.505,2.38,1.894,0.05580610600563293,True,Crítica
2025-10-25 19:00:00,Pump_3,189310003,1.491,2.375,1.905,0.055981204836695254,True,Crítica
2025-10-25 19:30:00,Pump_3,189310003,1.507,2.375,1.895,0.05597825233539025,True,Crítica
2025-10-25 20:00:00,Pump_3,189310003,1.494,2.375,1.907,0.05612448286358147,True,Crítica
2025-10-25 20:30:00,Pump_3,189310003,1.504,2.371,1.901,0.05611859726434908,True,Crítica
2025-10-25 21:00:00,Pump_3,189310003,1.493,2.378,1.906,0.05623682996694902,True,Crítica
2025-10-25 21:30:00,Pump_3,189310003,1.494,2.384,1.899,0.056305204741457233,True,Crítica
2025-10-25 22:00:00,Pump_3,189310003,1.498,2.381,1.898,0.056396939772288684,True,Crítica
2025-10-25 22:30:00,Pump_3,189310003,1.504,2.37,1.895,0.05641743259620077,True,Crítica
2025-10-25 23:00:00,Pump_3,189310003,1.502,2.378,1.908,0.056345617415633646,True,Crítica
2025-10-25 23:30:00,Pump_3,189310003,1.504,2.381,1.898,0.05652338851541023,True,Crítica
2025-10-26 00:00:00,Pump_3,189310003,1.497,2.377,1.896,0.05663368422001293,True,Crítica
2025-10-26 00:30:00,Pump_3,189310003,1.501,2.366,1.898,0.05664577532742597,True,Crítica
2025-10-26 01:00:00,Pump_3,189310003,1.494,2.369,1.91,0.056597311658514476,True,Crítica
2025-10-26 01:30:00,Pump_3,189310003,1.494,2.371,1.905,0.05657243723820254,True,Crítica
2025-10-26 02:00:00,Pump_3,189310003,1.513,2.378,1.9,0.05661441225403036,True,Crítica
2025-10-26 02:30:00,Pump_3,189310003,1.498,2.371,1.898,0.0568075306080531,True,Crítica
2025-10-26 03:00:00,Pump_3,189310003,1.503,2.368,1.907,0.056676348295392094,True,Crítica
2025-10-26 03:30:00,Pump_3,189310003,1.514,2.373,1.893,0.05680013964393238,True,Crítica
2025-10-26 04:00:00,Pump_3,189310003,1.503,2.382,1.892,0.05694686121064179,True,Crítica
2025-10-26 04:30:00,Pump_3,189310003,1.497,2.382,1.901,0.057020594923733015,True,Crítica
2025-10-26 05:00:00,Pump_3,189310003,1.511,2.37,1.894,0.057154103011926055,True,Crítica
2025-10-26 05:30:00,Pump_3,189310003,1.514,2.377,1.89,0.05713833510399965,True,Crítica
2025-10-26 06:00:00,Pump_3,189310003,1.502,2.375,1.892,0.057059758198558984,True,Crítica
2025-10-26 06:30:00,Pump_3,189310003,1.513,2.381,1.901,0.056938969177666894,True,Crítica
2025-10-26 07:00:00,Pump_3,189310003,1.506,2.38,1.888,0.057035727429935804,True,Crítica
2025-10-26 07:30:00,Pump_3,189310003,1.501,2.377,1.896,0.0570804039393576,True,Crítica
2025-10-26 08:00:00,Pump_3,189310003,1.511,2.376,1.899,0.057035421279214765,True,Crítica
2025-10-26 08:30:00,Pump_3,189310003,1.504,2.373,1.901,0.057142075523951195,True,Crítica
2025-10-26 09:00:00,Pump_3,189310003,1.506,2.38,1.895,0.05715302815178564,True,Crítica
2025-10-26 09:30:00,Pump_3,189310003,1.506,2.365,1.903,0.05722156248533196,True,Crítica
2025-10-26 10:00:00,Pump_3,189310003,1.508,2.366,1.894,0.0572713357578267,True,Crítica
2025-10-26 10:30:00,Pump_3,189310003,1.502,2.371,1.897,0.05726748955190467,True,Crítica
2025-10-26 11:00:00,Pump_3,189310003,1.52,2.371,1.899,0.057276020635844346,True,Crítica
2025-10-26 11:30:00,Pump_3,189310003,1.516,2.377,1.892,0.05736226641994857,True,Crítica
2025-10-26 12:00:00,Pump_3,189310003,1.505,2.369,1.895,0.05741682513662679,True,Crítica
2025-10-26 12:30:00,Pump_3,189310003,1.506,2.375,1.898,0.05745826242942578,True,Crítica
2025-10-26 13:00:00,Pump_3,189310003,1.522,2.368,1.898,0.05756105629025399,True,Crítica
2025-10-26 13:30:00,Pump_3,189310003,1.52,2.384,1.903,0.057746740300334914,True,Crítica
2025-10-26 14:00:00,Pump_3,189310003,1.509,2.378,1.9,0.058039922403676135,True,Crítica
2025-10-26 14:30:00,Pump_3,189310003,1.506,2.372,1.883,0.058012693290150366,True,Crítica
2025-10-26 15:00:00,Pump_3,189310003,1.507,2.373,1.883,0.057990728529354926,True,Crítica
2025-10-26 15:30:00,Pump_3,189310003,1.511,2.369,1.899,0.05790785036202135,True,Crítica
2025-10-26 16:00:00,Pump_3,189310003,1.517,2.365,1.882,0.05787510129683667,True,Crítica
2025-10-26 16:30:00,Pump_3,189310003,1.516,2.369,1.883,0.05782203549487355,True,Crítica
2025-10-26 17:00:00,Pump_3,189310003,1.509,2.379,1.895,0.05780621101229618,True,Crítica
2025-10-26 17:30:00,Pump_3,189310003,1.508,2.377,1.888,0.05782130513833225,True,Crítica
2025-10-26 18:00:00,Pump_3,189310003,1.511,2.367,1.884,0.05773656813367827,True,Crítica
2025-10-26 18:30:00,Pump_3,189310003,1.513,2.379,1.88,0.057715741845932186,True,Crítica
2025-10-26 19:00:00,Pump_3,189310003,1.517,2.372,1.891,0.057583575588739895,True,Crítica
2025-10-26 19:30:00,Pump_3,189310003,1.512,2.384,1.89,0.05764923657828022,True,Crítica
2025-10-26 20:00:00,Pump_3,189310003,1.514,2.366,1.894,0.05776149272009755,True,Crítica
2025-10-26 20:30:00,Pump_3,189310003,1.513,2.367,1.891,0.05773093015907734,True,Crítica
2025-10-26 21:00:00,Pump_3,189310003,1.526,2.38,1.894,0.05774851696125591,True,Crítica
2025-10-26 21:30:00,Pump_3,189310003,1.512,2.368,1.891,0.05792951797429461,True,Crítica
2025-10-26 22:00:00,Pump_3,189310003,1.521,2.372,1.883,0.05795945503934588,True,Crítica
2025-10-26 22:30:00,Pump_3,189310003,1.523,2.381,1.892,0.05804178756902932,True,Crítica
2025-10-26 23:00:00,Pump_3,189310003,1.518,2.382,1.883,0.05827079191038889,True,Crítica
2025-10-26 23:30:00,Pump_3,189310003,1.524,2.375,1.885,0.05823458209593359,True,Crítica
2025-10-27 00:00:00,Pump_3,189310003,1.53,2.378,1.883,0.058262231159413674,True,Crítica
2025-10-27 00:30:00,Pump_3,189310003,1.527,2.384,1.878,0.05846471635807329,True,Crítica
2025-10-27 01:00:00,Pump_3,189310003,1.526,2.372,1.895,0.058593022617801895,True,Crítica
2025-10-27 01:30:00,Pump_3,189310003,1.531,2.37,1.889,0.05864780344363082,True,Crítica
2025-10-27 02:00:00,Pump_3,189310003,1.525,2.374,1.877,0.058612017815676945,True,Crítica
2025-10-27 02:30:00,Pump_3,189310003,1.513,2.366,1.886,0.05860170701873757,True,Crítica
2025-10-27 03:00:00,Pump_3,189310003,1.53,2.379,1.882,0.0586363302667395,True,Crítica
2025-10-27 03:30:00,Pump_3,189310003,1.531,2.37,1.884,0.05882903820741898,True,Crítica
2025-10-27 04:00:00,Pump_3,189310003,1.53,2.375,1.893,0.058920121936617824,True,Crítica
2025-10-27 04:30:00,Pump_3,189310003,1.527,2.374,1.882,0.05911458260856666,True,Crítica
2025-10-27 05:00:00,Pump_3,189310003,1.532,2.365,1.883,0.0592031267394352,True,Crítica
2025-10-27 05:30:00,Pump_3,189310003,1.521,2.383,1.891,0.05927249353619062,True,Crítica
2025-10-27 06:00:00,Pump_3,189310003,1.527,2.369,1.884,0.059447503099161234,True,Crítica
2025-10-27 06:30:00,Pump_3,189310003,1.52,2.366,1.886,0.05958972061152031,True,Crítica
2025-10-27 07:00:00,Pump_3,189310003,1.995,2.372,1.88,0.05962745791149943,True,Crítica
2025-10-27 07:30:00,Pump_3,189310003,1.518,2.37,1.881,0.06323931229285115,True,Crítica
2025-10-27 08:00:00,Pump_3,189310003,1.531,2.376,1.889,0.06320256582690514,True,Crítica
2025-10-27 08:30:00,Pump_3,189310003,1.535,2.365,1.89,0.06339513793201718,True,Crítica
2025-10-27 09:00:00,Pump_3,189310003,1.523,2.384,1.876,0.0635944119099406,True,Crítica
2025-10-27 09:30:00,Pump_3,189310003,1.525,2.365,1.883,0.06351387801251958,True,Crítica
2025-10-27 10:00:00,Pump_3,189310003,1.536,2.377,1.87,0.06359764379997751,True,Crítica
2025-10-27 10:30:00,Pump_3,189310003,1.538,2.379,1.878,0.06364536159089372,True,Crítica
2025-10-27 11:00:00,Pump_3,189310003,1.521,2.369,1.873,0.06369977654628567,True,Crítica
2025-10-27 11:30:00,Pump_3,189310003,1.522,2.378,1.87,0.0636119627484231,True,Crítica
2025-10-27 12:00:00,Pump_3,189310003,1.537,2.371,1.872,0.06354186281792644,True,Crítica
2025-10-27 12:30:00,Pump_3,189310003,1.519,2.38,1.883,0.06351880965350135,True,Crítica
2025-10-27 13:00:00,Pump_3,189310003,1.537,2.373,1.876,0.06351958963236053,True,Crítica
2025-10-27 13:30:00,Pump_3,189310003,1.524,2.374,1.874,0.06363464415795296,True,Crítica
2025-10-27 14:00:00,Pump_3,189310003,1.535,2.371,1.875,0.06362784504813325,True,Crítica
2025-10-27 14:30:00,Pump_3,189310003,1.529,2.383,1.876,0.06378051472941568,True,Crítica
2025-10-27 15:00:00,Pump_3,189310003,1.528,2.367,1.877,0.06412044219209269,True,Crítica
2025-10-27 15:30:00,Pump_3,189310003,1.531,2.879,1.884,0.06416722397071803,True,Crítica
2025-10-27 16:00:00,Pump_3,189310003,1.522,2.37,1.874,0.06686610808400034,True,Crítica
2025-10-27 16:30:00,Pump_3,189310003,1.522,2.374,1.878,0.06687220352569458,True,Crítica
2025-10-27 17:00:00,Pump_3,189310003,1.542,2.372,1.882,0.06696001144945574,True,Crítica
2025-10-27 17:30:00,Pump_3,189310003,1.524,2.375,1.879,0.06719480150733038,True,Crítica
2025-10-27 18:00:00,Pump_3,189310003,1.534,2.37,1.874,0.06730096891987053,True,Crítica
2025-10-27 18:30:00,Pump_3,189310003,1.542,2.366,1.874,0.0674164508261183,True,Crítica
2025-10-27 19:00:00,Pump_3,189310003,1.537,2.377,1.874,0.06765507424458944,True,Crítica
2025-10-27 19:30:00,Pump_3,189310003,1.527,2.366,1.87,0.06291507633664553,True,Crítica
2025-10-27 20:00:00,Pump_3,189310003,1.528,2.38,1.881,0.06299136534870921,True,Crítica
2025-10-27 20:30:00,Pump_3,189310003,1.54,2.369,1.867,0.06304328568977148,True,Crítica
2025-10-27 21:00:00,Pump_3,189310003,1.54,2.368,1.879,0.06302929222752428,True,Crítica
2025-10-27 21:30:00,Pump_3,189310003,1.545,2.376,1.877,0.06313171245783716,True,Crítica
2025-10-27 22:00:00,Pump_3,189310003,1.544,2.374,1.875,0.06333917142753862,True,Crítica
2025-10-27 22:30:00,Pump_3,189310003,1.531,2.372,1.868,0.06334713321707634,True,Crítica
2025-10-27 23:00:00,Pump_3,189310003,1.531,2.37,1.871,0.06314640034425162,True,Crítica
2025-10-27 23:30:00,Pump_3,189310003,1.529,2.371,1.868,0.06316940232522368,True,Crítica
2025-10-28 00:00:00,Pump_3,189310003,1.525,2.366,1.875,0.06310727163241532,True,Crítica
2025-10-28 00:30:00,Pump_3,189310003,1.538,2.372,1.872,0.06290628226759558,True,Crítica
2025-10-28 01:00:00,Pump_3,189310003,1.54,2.369,1.883,0.0629477365094762,True,Crítica
2025-10-28 01:30:00,Pump_3,189310003,1.538,2.369,1.868,0.06291432801651771,True,Crítica
2025-10-28 02:00:00,Pump_3,189310003,1.534,2.365,1.879,0.06291636731587519,True,Crítica
2025-10-28 02:30:00,Pump_3,189310003,1.525,2.368,1.883,0.06286734711809558,True,Crítica
2025-10-28 03:00:00,Pump_3,189310003,1.523,2.375,1.871,0.06283623216933813,True,Crítica
2025-10-28 03:30:00,Pump_3,189310003,1.538,2.37,1.88,0.06286860069799996,True,Crítica
2025-10-28 04:00:00,Pump_3,189310003,1.536,2.371,1.872,0.06070869524712271,True,Crítica
2025-10-28 04:30:00,Pump_3,189310003,1.526,2.373,1.874,0.060859107676169054,True,Crítica
2025-10-28 05:00:00,Pump_3,189310003,1.522,2.375,1.872,0.06093719162929662,True,Crítica
2025-10-28 05:30:00,Pump_3,189310003,1.521,2.376,1.885,0.06077270623406027,True,Crítica
2025-10-28 06:00:00,Pump_3,189310003,1.517,2.378,1.887,0.06086363625091348,True,Crítica
2025-10-28 06:30:00,Pump_3,189310003,1.532,2.379,1.883,0.06086506192692246,True,Crítica
2025-10-28 07:00:00,Pump_3,189310003,1.516,2.376,1.873,0.060890103254680215,True,Crítica
2025-10-28 07:30:00,Pump_3,189310003,1.525,2.375,1.875,0.060710906354064495,True,Crítica
2025-10-28 08:00:00,Pump_3,189310003,1.516,2.38,1.874,0.06076553884457018,True,Crítica
2025-10-28 08:30:00,Pump_3,189310003,1.533,2.368,1.887,0.06068002765591994,True,Crítica
2025-10-28 09:00:00,Pump_3,189310003,1.521,2.366,1.886,0.06068234304043672,True,Crítica
2025-10-28 09:30:00,Pump_3,189310003,1.513,2.366,1.877,0.060565217057775816,True,Crítica
2025-10-28 10:00:00,Pump_3,189310003,1.515,2.375,1.892,0.0602300328220143,True,Crítica
2025-10-28 10:30:00,Pump_3,189310003,1.53,2.361,1.894,0.0600672179670302,True,Crítica
2025-10-28 11:00:00,Pump_3,189310003,1.524,2.368,1.89,0.0601103724359923,True,Crítica
2025-10-28 11:30:00,Pump_3,189310003,1.511,2.37,1.89,0.060119293089719354,True,Crítica
2025-10-28 12:00:00,Pump_3,189310003,1.521,2.372,1.879,0.060056744577313165,True,Crítica
2025-10-28 12:30:00,Pump_3,189310003,1.522,2.371,1.891,0.06005923313041656,True,Crítica
2025-10-28 13:00:00,Pump_3,189310003,1.508,2.373,1.893,0.059979018484363475,True,Crítica
2025-10-28 13:30:00,Pump_3,189310003,1.52,2.377,1.892,0.05978292390784206,True,Crítica
2025-10-28 14:00:00,Pump_3,189310003,1.519,2.362,1.899,0.05972075691803688,True,Crítica
2025-10-28 14:30:00,Pump_3,189310003,1.515,2.373,1.887,0.05966155313426621,True,Crítica
2025-10-28 15:00:00,Pump_3,189310003,1.521,2.359,1.895,0.059606528447580284,True,Crítica
2025-10-28 15:30:00,Pump_3,189310003,1.521,2.368,1.896,0.059576152831993655,True,Crítica
2025-10-28 16:00:00,Pump_3,189310003,1.507,2.366,1.888,0.05944352820141847,True,Crítica
2025-10-28 16:30:00,Pump_3,189310003,1.505,2.366,1.9,0.059162129549272434,True,Crítica
2025-10-28 17:00:00,Pump_3,189310003,1.506,2.358,1.887,0.05903601454582801,True,Crítica
2025-10-28 17:30:00,Pump_3,189310003,1.518,2.37,1.89,0.05882633083264485,True,Crítica
2025-10-28 18:00:00,Pump_3,189310003,1.506,2.362,1.897,0.05876738820194088,True,Crítica
2025-10-28 18:30:00,Pump_3,189310003,1.505,2.367,1.905,0.05863977455391215,True,Crítica
2025-10-28 19:00:00,Pump_3,189310003,1.507,2.369,1.893,0.058419964297975,True,Crítica
2025-10-28 19:30:00,Pump_3,189310003,1.501,2.361,1.896,0.05835117106963959,True,Crítica
2025-10-28 20:00:00,Pump_3,189310003,1.518,2.37,1.908,0.05815739374925058,True,Crítica
2025-10-28 20:30:00,Pump_3,189310003,1.503,2.362,1.897,0.05828821229307815,True,Crítica
2025-10-28 21:00:00,Pump_3,189310003,1.513,2.365,1.899,0.05803910077317768,True,Crítica
2025-10-28 21:30:00,Pump_3,189310003,1.514,2.367,1.896,0.05801677938844185,True,Crítica
2025-10-28 22:00:00,Pump_3,189310003,1.512,2.368,1.9,0.05810147272223793,True,Crítica
2025-10-28 22:30:00,Pump_3,189310003,1.513,2.368,1.911,0.0580873673900825,True,Crítica
2025-10-28 23:00:00,Pump_3,189310003,1.496,2.363,1.903,0.05806380719580753,True,Crítica
2025-10-28 23:30:00,Pump_3,189310003,1.502,2.36,1.912,0.05786706357867574,True,Crítica
2025-10-29 00:00:00,Pump_3,189310003,1.505,2.36,1.905,0.05787042249753211,True,Crítica
2025-10-29 00:30:00,Pump_3,189310003,1.501,2.362,1.912,0.057791940302731305,True,Crítica
2025-10-29 01:00:00,Pump_3,189310003,1.497,2.356,1.905,0.05768944569887004,True,Crítica
2025-10-29 01:30:00,Pump_3,189310003,1.494,2.368,1.896,0.057587955613304515,True,Crítica
2025-10-29 02:00:00,Pump_3,189310003,1.497,2.353,1.911,0.057335096495330924,True,Crítica
2025-10-29 02:30:00,Pump_3,189310003,1.493,2.361,1.913,0.05717065189228221,True,Crítica
2025-10-29 03:00:00,Pump_3,189310003,1.506,2.353,1.899,0.05706389639842323,True,Crítica
2025-10-29 03:30:00,Pump_3,189310003,1.5,2.369,1.908,0.056892194661373234,True,Crítica
2025-10-29 04:00:00,Pump_3,189310003,1.502,2.365,1.914,0.05676726365290263,True,Crítica
2025-10-29 04:30:00,Pump_3,189310003,1.488,2.351,1.908,0.056845858041366756,True,Crítica
2025-10-29 05:00:00,Pump_3,189310003,1.493,2.366,1.901,0.056668987604586225,True,Crítica
2025-10-29 05:30:00,Pump_3,189310003,1.498,2.364,1.914,0.05664017146007589,True,Crítica
2025-10-29 06:00:00,Pump_3,189310003,1.502,2.358,1.909,0.05655961755182142,True,Crítica
2025-10-29 06:30:00,Pump_3,189310003,1.494,2.351,1.908,0.05655380270852309,True,Crítica
2025-10-29 07:00:00,Pump_3,189310003,1.502,2.355,1.917,0.056392168009262056,True,Crítica
2025-10-29 07:30:00,Pump_3,189310003,1.485,2.368,1.914,0.05640358752704439,True,Crítica
2025-10-29 08:00:00,Pump_3,189310003,1.496,2.351,1.911,0.05640463792767936,True,Crítica
2025-10-29 08:30:00,Pump_3,189310003,1.49,2.358,1.913,0.05614119366592233,True,Crítica
2025-10-29 09:00:00,Pump_3,189310003,1.496,2.35,1.922,0.056100456496462926,True,Crítica
2025-10-29 09:30:00,Pump_3,189310003,1.498,2.359,1.909,0.05602558992534506,True,Crítica
2025-10-29 10:00:00,Pump_3,189310003,1.481,2.349,1.914,0.05593359485380832,True,Crítica
2025-10-29 10:30:00,Pump_3,189310003,1.48,2.354,1.92,0.05569365576347349,True,Crítica
2025-10-29 11:00:00,Pump_3,189310003,1.483,2.348,1.915,0.05543537070566781,True,Crítica
2025-10-29 11:30:00,Pump_3,189310003,1.496,2.362,1.909,0.055337761542701376,True,Crítica
2025-10-29 12:00:00,Pump_3,189310003,1.483,2.365,1.915,0.055271637657267315,True,Crítica
2025-10-29 12:30:00,Pump_3,189310003,1.492,2.363,1.922,0.05518046160631741,True,Crítica
2025-10-29 13:00:00,Pump_3,189310003,1.477,2.361,1.922,0.05517048654201077,True,Crítica
2025-10-29 13:30:00,Pump_3,189310003,1.489,2.357,1.929,0.055133280334326865,True,Crítica
2025-10-29 14:00:00,Pump_3,189310003,1.481,2.357,1.928,0.055263924807283066,True,Crítica
2025-10-29 14:30:00,Pump_3,189310003,1.483,2.363,1.926,0.055252406547526306,True,Crítica
2025-10-29 15:00:00,Pump_3,189310003,1.491,2.361,1.916,0.055262436960634605,True,Crítica
2025-10-29 15:30:00,Pump_3,189310003,1.474,2.347,1.919,0.05529424285828157,True,Crítica
2025-10-29 16:00:00,Pump_3,189310003,1.491,2.361,1.93,0.05508338547748739,True,Crítica
2025-10-29 16:30:00,Pump_3,189310003,1.485,2.354,1.933,0.05509905527444928,True,Crítica
2025-10-29 17:00:00,Pump_3,189310003,1.478,2.349,1.921,0.05524464823113557,True,Crítica
2025-10-29 17:30:00,Pump_3,189310003,1.478,2.357,1.926,0.05523065016640147,True,Crítica
2025-10-29 18:00:00,Pump_3,189310003,1.483,2.36,1.918,0.055156638777874877,True,Crítica
2025-10-29 18:30:00,Pump_3,189310003,1.472,2.351,1.917,0.0551285733396352,True,Crítica
2025-10-29 19:00:00,Pump_3,189310003,1.47,2.35,1.919,0.05504807582108359,True,Crítica
2025-10-29 19:30:00,Pump_3,189310003,1.483,2.361,1.924,0.0548208721885054,True,Crítica
2025-10-29 20:00:00,Pump_3,189310003,1.481,2.355,1.937,0.054881968910350305,True,Crítica
2025-10-29 20:30:00,Pump_3,189310003,1.468,2.362,1.933,0.05500427888432638,True,Crítica
2025-10-29 21:00:00,Pump_3,189310003,1.477,2.355,1.93,0.055039004976888566,True,Crítica
2025-10-29 21:30:00,Pump_3,189310003,1.469,2.353,1.934,0.05496198720490411,True,Crítica
2025-10-29 22:00:00,Pump_3,189310003,1.465,2.356,1.921,0.05501918205941785,True,Crítica
2025-10-29 22:30:00,Pump_3,189310003,1.481,2.344,1.93,0.054983959888869366,True,Crítica
2025-10-29 23:00:00,Pump_3,189310003,1.472,2.347,1.925,0.05500400267293623,True,Crítica
2025-10-29 23:30:00,Pump_3,189310003,1.467,2.353,1.942,0.05503457477315909,True,Crítica
2025-10-30 00:00:00,Pump_3,189310003,1.463,2.345,1.93,0.05528602488444559,True,Crítica
2025-10-30 00:30:00,Pump_3,189310003,1.479,2.347,1.943,0.05534466914182174,True,Crítica
2025-10-30 01:00:00,Pump_3,189310003,1.462,2.343,1.937,0.055507097875070265,True,Crítica
2025-10-30 01:30:00,Pump_3,189310003,1.472,2.343,1.929,0.055489337393798355,True,Crítica
2025-10-30 02:00:00,Pump_3,189310003,1.47,2.344,1.939,0.055364282579105,True,Crítica
2025-10-30 02:30:00,Pump_3,189310003,1.47,2.35,1.932,0.05532972455797199,True,Crítica
2025-10-30 03:00:00,Pump_3,189310003,1.466,2.347,1.937,0.055364156830996325,True,Crítica
2025-10-30 03:30:00,Pump_3,189310003,1.476,2.348,1.937,0.05567722084651324,True,Crítica
2025-10-30 04:00:00,Pump_3,189310003,1.469,2.341,1.926,0.055945763656327294,True,Crítica
2025-10-30 04:30:00,Pump_3,189310003,1.475,2.346,1.931,0.05591568754006991,True,Crítica
2025-10-30 05:00:00,Pump_3,189310003,1.482,2.337,1.936,0.05588214844719473,True,Crítica
2025-10-30 05:30:00,Pump_3,189310003,1.466,2.347,1.936,0.05623626479360983,True,Crítica
2025-10-30 06:00:00,Pump_3,189310003,1.484,2.349,1.933,0.056479112910258075,True,Crítica
2025-10-30 06:30:00,Pump_3,189310003,1.475,2.337,1.933,0.05723766346480974,True,Crítica
2025-10-30 07:00:00,Pump_3,189310003,1.48,2.348,1.928,0.05784081872763864,True,Crítica
2025-10-30 07:30:00,Pump_3,189310003,1.478,2.352,1.927,0.058476367544714115,True,Crítica
2025-10-30 08:00:00,Pump_3,189310003,1.482,2.347,1.939,0.059166522675586614,True,Crítica
2025-10-30 08:30:00,Pump_3,189310003,1.488,2.35,1.943,0.05938301478691462,True,Crítica
2025-10-30 09:00:00,Pump_3,189310003,1.485,2.341,1.928,0.059768028268711894,True,Crítica
2025-10-30 09:30:00,Pump_3,189310003,1.485,2.331,1.944,0.060136309758282325,True,Crítica
2025-10-30 10:00:00,Pump_3,189310003,1.49,2.343,1.934,0.0603069225803823,True,Crítica
2025-10-30 10:30:00,Pump_3,189310003,1.486,2.339,1.945,0.060977848348907765,True,Crítica
2025-10-30 11:00:00,Pump_3,189310003,1.491,2.342,1.944,0.061359244438946546,True,Crítica
2025-10-30 11:30:00,Pump_3,189310003,1.479,2.335,1.939,0.061862418681245236,True,Crítica
2025-10-30 12:00:00,Pump_3,189310003,1.492,2.326,1.934,0.061521061814227576,True,Crítica
2025-10-30 12:30:00,Pump_3,189310003,1.485,2.344,1.946,0.06153125250146675,True,Crítica
2025-10-30 13:00:00,Pump_3,189310003,1.489,2.334,1.947,0.061303798952856016,True,Crítica
2025-10-30 13:30:00,Pump_3,189310003,1.49,2.343,1.932,0.06107756280046523,True,Crítica
2025-10-30 14:00:00,Pump_3,189310003,1.477,2.341,1.932,0.06120219306106962,True,Crítica
2025-10-30 14:30:00,Pump_3,189310003,1.482,2.326,1.947,0.060810209834866846,True,Crítica
2025-10-30 15:00:00,Pump_3,189310003,1.482,2.337,1.94,0.060794219705298906,True,Crítica
2025-10-30 15:30:00,Pump_3,189310003,1.497,2.339,1.933,0.060532579589402724,True,Crítica
2025-10-30 16:00:00,Pump_3,189310003,1.485,2.338,1.934,0.0604653842678144,True,Crítica
2025-10-30 16:30:00,Pump_3,189310003,1.496,2.322,1.933,0.060616527709452216,True,Crítica
2025-10-30 17:00:00,Pump_3,189310003,1.487,2.336,1.934,0.06068875562573442,True,Crítica
2025-10-30 17:30:00,Pump_3,189310003,1.487,2.334,1.934,0.06059852106173645,True,Crítica
2025-10-30 18:00:00,Pump_3,189310003,1.495,2.329,1.933,0.06045181414545156,True,Crítica
2025-10-30 18:30:00,Pump_3,189310003,1.486,2.322,1.939,0.06068731418499492,True,Crítica
2025-10-30 19:00:00,Pump_3,189310003,1.494,2.335,1.946,0.06071070525656971,True,Crítica
2025-10-30 19:30:00,Pump_3,189310003,1.493,2.316,1.937,0.06128238957707158,True,Crítica
2025-10-30 20:00:00,Pump_3,189310003,1.5,2.319,1.938,0.06175592439069474,True,Crítica
2025-10-30 20:30:00,Pump_3,189310003,1.488,2.316,1.934,0.06183469518132825,True,Crítica
2025-10-30 21:00:00,Pump_3,189310003,1.505,2.327,1.95,0.06170938919730251,True,Crítica
2025-10-30 21:30:00,Pump_3,189310003,1.506,2.323,1.948,0.06234917106366438,True,Crítica
2025-10-30 22:00:00,Pump_3,189310003,1.492,2.324,1.943,0.06224047365357653,True,Crítica
2025-10-30 22:30:00,Pump_3,189310003,1.498,2.325,1.938,0.06253312717099652,True,Crítica
2025-10-30 23:00:00,Pump_3,189310003,1.5,2.328,1.943,0.06230371934860438,True,Crítica
2025-10-30 23:30:00,Pump_3,189310003,1.509,2.324,1.945,0.06223726989380778,True,Crítica
2025-10-31 00:00:00,Pump_3,189310003,1.502,2.322,1.938,0.062233515879948346,True,Crítica
2025-10-31 00:30:00,Pump_3,189310003,1.504,2.308,1.94,0.062388497684874804,True,Crítica
2025-10-31 01:00:00,Pump_3,189310003,1.511,2.317,1.939,0.06208930272389199,True,Crítica
2025-10-31 01:30:00,Pump_3,189310003,1.499,2.325,1.943,0.06181358146009069,True,Crítica
2025-10-31 02:00:00,Pump_3,189310003,1.512,2.315,1.934,0.062187893925996475,True,Crítica
2025-10-31 02:30:00,Pump_3,189310003,1.494,2.324,1.94,0.062385986988633874,True,Crítica
2025-10-31 03:00:00,Pump_3,189310003,1.508,2.319,1.935,0.06190005483890452,True,Crítica
2025-10-31 03:30:00,Pump_3,189310003,1.508,2.309,1.942,0.061865761618253065,True,Crítica
2025-10-31 04:00:00,Pump_3,189310003,1.508,2.322,1.938,0.06229372527868127,True,Crítica
2025-10-31 04:30:00,Pump_3,189310003,1.498,2.303,1.946,0.06256771535798342,True,Crítica
2025-10-31 05:00:00,Pump_3,189310003,1.511,2.313,1.938,0.06276205494198414,True,Crítica
2025-10-31 05:30:00,Pump_3,189310003,1.515,2.309,1.949,0.06301726501084569,True,Crítica
2025-10-31 06:00:00,Pump_3,189310003,1.516,2.309,1.952,0.06332703993255463,True,Crítica
2025-10-31 06:30:00,Pump_3,189310003,1.514,2.301,1.945,0.06373188749536628,True,Crítica
2025-10-31 07:00:00,Pump_3,189310003,1.516,2.3,1.946,0.0636165064069701,True,Crítica
2025-10-31 07:30:00,Pump_3,189310003,1.518,2.306,1.952,0.06342680913890776,True,Crítica
2025-10-31 08:00:00,Pump_3,189310003,1.516,2.314,1.946,0.06351168703091783,True,Crítica
2025-10-31 08:30:00,Pump_3,189310003,1.504,2.31,1.947,0.06364665002066905,True,Crítica
2025-10-31 09:00:00,Pump_3,189310003,1.521,2.306,1.949,0.0636814718391233,True,Crítica
2025-10-31 09:30:00,Pump_3,189310003,1.503,2.31,1.944,0.06348962456692155,True,Crítica
2025-10-31 10:00:00,Pump_3,189310003,1.522,2.305,1.952,0.0632068569034873,True,Crítica
2025-10-31 10:30:00,Pump_3,189310003,1.523,2.298,1.956,0.06316567943716216,True,Crítica
2025-10-31 11:00:00,Pump_3,189310003,1.523,2.3,1.956,0.06342463848232224,True,Crítica
2025-10-31 11:30:00,Pump_3,189310003,1.513,2.311,1.938,0.06358286303738499,True,Crítica
2025-10-31 12:00:00,Pump_3,189310003,1.526,2.31,1.95,0.06354064802159416,True,Crítica
2025-10-31 12:30:00,Pump_3,189310003,1.518,2.302,1.942,0.06388938424589903,True,Crítica
2025-10-31 13:00:00,Pump_3,189310003,1.523,2.303,1.946,0.06393575187087659,True,Crítica
2025-10-31 13:30:00,Pump_3,189310003,1.511,2.296,1.952,0.06427275962628877,True,Crítica
2025-10-31 14:00:00,Pump_3,189310003,1.527,2.295,1.94,0.06430095810703819,True,Crítica
2025-10-31 14:30:00,Pump_3,189310003,1.511,2.291,1.941,0.06482568164313385,True,Crítica
2025-10-31 15:00:00,Pump_3,189310003,1.522,2.289,1.943,0.06484096138157816,True,Crítica
2025-10-31 15:30:00,Pump_3,189310003,1.525,2.305,1.944,0.0653214422913497,True,Crítica
2025-10-31 16:00:00,Pump_3,189310003,1.523,2.287,1.945,0.06549667365482853,True,Crítica
2025-10-31 16:30:00,Pump_3,189310003,1.517,2.305,1.948,0.06587355320969385,True,Crítica
2025-10-31 17:00:00,Pump_3,189310003,1.529,2.298,1.941,0.06570300062472081,True,Crítica
2025-10-31 17:30:00,Pump_3,189310003,1.523,2.292,1.941,0.0661581935477813,True,Crítica
2025-10-31 18:00:00,Pump_3,189310003,1.515,2.298,1.946,0.06606116038147382,True,Crítica
2025-10-31 18:30:00,Pump_3,189310003,1.52,2.29,1.948,0.0657920116758149,True,Crítica
2025-10-31 19:00:00,Pump_3,189310003,1.517,2.301,1.941,0.06575859415594662,True,Crítica
2025-10-31 19:30:00,Pump_3,189310003,1.52,2.296,1.942,0.06568346304043113,True,Crítica
2025-10-31 20:00:00,Pump_3,189310003,1.524,2.288,1.96,0.06543756599424316,True,Crítica
2025-10-31 20:30:00,Pump_3,189310003,1.532,2.288,1.946,0.06558782196473845,True,Crítica
2025-10-31 21:00:00,Pump_3,189310003,1.526,2.28,1.945,0.06547256196158832,True,Crítica
2025-10-31 21:30:00,Pump_3,189310003,1.521,2.294,1.948,0.0654360326765546,True,Crítica
2025-10-31 22:00:00,Pump_3,189310003,1.527,2.291,1.948,0.06537682410125137,True,Crítica
2025-10-31 22:30:00,Pump_3,189310003,1.537,2.287,1.943,0.06517485055632292,True,Crítica
2025-10-31 23:00:00,Pump_3,189310003,1.535,2.285,1.948,0.0648307896511253,True,Crítica
2025-10-31 23:30:00,Pump_3,189310003,1.537,2.295,1.953,0.06458231486403333,True,Crítica
2025-11-01 00:00:00,Pump_3,189310003,1.529,2.277,1.957,0.06508895809981158,True,Crítica
2025-11-01 00:30:00,Pump_3,189310003,1.523,2.289,1.962,0.06519118296533744,True,Crítica
2025-11-01 01:00:00,Pump_3,189310003,1.527,2.29,2.292,0.06545927873924604,True,Crítica
2025-11-01 01:30:00,Pump_3,189310003,1.531,2.282,1.954,0.06787700427837967,True,Crítica
2025-11-01 02:00:00,Pump_3,189310003,1.54,2.286,1.953,0.06754667220543879,True,Crítica
2025-11-01 02:30:00,Pump_3,189310003,1.535,2.283,1.96,0.06789645009905823,True,Crítica
2025-11-01 03:00:00,Pump_3,189310003,1.532,2.281,1.946,0.06819146161970562,True,Crítica
2025-11-01 03:30:00,Pump_3,189310003,1.542,2.277,1.954,0.06821277224470419,True,Crítica
2025-11-01 04:00:00,Pump_3,189310003,1.525,2.277,1.961,0.06877732610128998,True,Crítica
2025-11-01 04:30:00,Pump_3,189310003,1.54,2.275,1.948,0.0690353739398636,True,Crítica
2025-11-01 05:00:00,Pump_3,189310003,1.543,2.275,1.946,0.06929162741815038,True,Crítica
2025-11-01 05:30:00,Pump_3,189310003,1.525,2.288,1.948,0.07007306492591095,True,Crítica
2025-11-01 06:00:00,Pump_3,189310003,1.54,2.28,1.946,0.07062078423240686,True,Crítica
2025-11-01 06:30:00,Pump_3,189310003,1.533,2.281,1.951,0.07120014567686243,True,Crítica
2025-11-01 07:00:00,Pump_3,189310003,1.531,2.279,1.948,0.07182898221864051,True,Crítica
2025-11-01 07:30:00,Pump_3,189310003,1.535,2.278,1.957,0.07276474461566752,True,Crítica
2025-11-01 08:00:00,Pump_3,189310003,1.529,2.291,1.96,0.0738087765405149,True,Crítica
2025-11-01 08:30:00,Pump_3,189310003,1.54,2.278,1.946,0.07419393228531973,True,Crítica
2025-11-01 09:00:00,Pump_3,189310003,1.53,2.273,1.947,0.07502904690221326,True,Crítica
2025-11-01 09:30:00,Pump_3,189310003,1.524,2.289,1.946,0.07563527074401066,True,Crítica
2025-11-01 10:00:00,Pump_3,189310003,1.524,2.286,1.961,0.07614711842861421,True,Crítica
2025-11-01 10:30:00,Pump_3,189310003,1.528,2.282,1.957,0.07665194728731278,True,Crítica
2025-11-01 11:00:00,Pump_3,189310003,1.531,2.273,1.947,0.07709601536533414,True,Crítica
2025-11-01 11:30:00,Pump_3,189310003,1.529,2.292,1.951,0.07730393119089116,True,Crítica
2025-11-01 12:00:00,Pump_3,189310003,1.531,2.287,1.962,0.07748484353555735,True,Crítica
2025-11-01 12:30:00,Pump_3,189310003,1.528,2.273,1.964,0.07770483945495538,True,Crítica
2025-11-01 13:00:00,Pump_3,189310003,1.53,2.284,1.963,0.0777511084346131,True,Crítica
2025-11-01 13:30:00,Pump_3,189310003,1.529,2.291,1.953,0.0682689956120836,True,Crítica
2025-11-01 14:00:00,Pump_3,189310003,1.523,2.277,1.947,0.06829134348844587,True,Crítica
2025-11-01 14:30:00,Pump_3,189310003,1.527,2.286,1.961,0.068266675033371,True,Crítica
2025-11-01 15:00:00,Pump_3,189310003,1.522,2.279,1.961,0.06804846402714453,True,Crítica
2025-11-01 15:30:00,Pump_3,189310003,1.529,2.281,1.964,0.06813807257850127,True,Crítica
2025-11-01 16:00:00,Pump_3,189310003,1.517,2.288,1.961,0.06812192674027656,True,Crítica
2025-11-01 16:30:00,Pump_3,189310003,1.52,2.278,1.964,0.06767897590470044,True,Crítica
2025-11-01 17:00:00,Pump_3,189310003,1.531,2.275,1.961,0.06789717285539942,True,Crítica
2025-11-01 17:30:00,Pump_3,189310003,1.528,2.291,1.956,0.06835300132918608,True,Crítica
2025-11-01 18:00:00,Pump_3,189310003,1.527,2.281,1.951,0.068642776526162,True,Crítica
2025-11-01 18:30:00,Pump_3,189310003,1.523,2.287,1.961,0.06905907082188358,True,Crítica
2025-11-01 19:00:00,Pump_3,189310003,1.527,2.281,1.965,0.06927768137882878,True,Crítica
2025-11-01 19:30:00,Pump_3,189310003,1.526,2.284,1.954,0.06977059400984895,True,Crítica
2025-11-01 20:00:00,Pump_3,189310003,1.527,2.289,1.949,0.0697126187650365,True,Crítica
2025-11-01 20:30:00,Pump_3,189310003,1.519,2.291,1.957,0.06952764967763425,True,Crítica
2025-11-01 21:00:00,Pump_3,189310003,1.523,2.284,1.95,0.07009804538358916,True,Crítica
2025-11-01 21:30:00,Pump_3,189310003,1.516,2.282,1.953,0.07050016711670222,True,Crítica
2025-11-01 22:00:00,Pump_3,189310003,1.516,2.277,1.947,0.07090710826752791,True,Crítica
2025-11-01 22:30:00,Pump_3,189310003,1.529,2.289,1.96,0.0705258769386045,True,Crítica
2025-11-01 23:00:00,Pump_3,189310003,1.527,2.286,1.962,0.07074790484176897,True,Crítica
2025-11-01 23:30:00,Pump_3,189310003,1.517,2.282,1.957,0.07133248611280717,True,Crítica
2025-11-02 00:00:00,Pump_3,189310003,1.514,2.282,1.965,0.07156321102898455,True,Crítica
2025-11-02 00:30:00,Pump_3,189310003,1.509,2.293,1.962,0.07149248444077812,True,Crítica
2025-11-02 01:00:00,Pump_3,189310003,1.515,2.291,1.957,0.07127311164409636,True,Crítica
2025-11-02 01:30:00,Pump_3,189310003,1.515,2.282,1.952,0.0710881553460776,True,Crítica
2025-11-02 02:00:00,Pump_3,189310003,1.527,2.29,1.963,0.07125050419058376,True,Crítica
2025-11-02 02:30:00,Pump_3,189310003,1.514,2.292,1.957,0.07162663905290004,True,Crítica
2025-11-02 03:00:00,Pump_3,189310003,1.512,2.277,1.95,0.07148937541622244,True,Crítica
2025-11-02 03:30:00,Pump_3,189310003,1.515,2.294,1.951,0.07114851477623721,True,Crítica
2025-11-02 04:00:00,Pump_3,189310003,1.51,2.293,1.954,0.0708933354040117,True,Crítica
2025-11-02 04:30:00,Pump_3,189310003,1.511,2.276,1.957,0.0705597722303363,True,Crítica
2025-11-02 05:00:00,Pump_3,189310003,1.508,2.287,1.959,0.0701248495979005,True,Crítica
2025-11-02 05:30:00,Pump_3,189310003,1.511,2.282,1.958,0.0698985045495226,True,Crítica
2025-11-02 06:00:00,Pump_3,189310003,1.507,2.287,1.966,0.07000693449022549,True,Crítica
2025-11-02 06:30:00,Pump_3,189310003,1.508,2.29,1.961,0.07021481335448694,True,Crítica
2025-11-02 07:00:00,Pump_3,189310003,1.512,2.281,1.953,0.07009574934542849,True,Crítica
2025-11-02 07:30:00,Pump_3,189310003,1.51,2.282,1.966,0.06978577477828815,True,Crítica
2025-11-02 08:00:00,Pump_3,189310003,1.509,2.29,1.957,0.06997948923850436,True,Crítica
2025-11-02 08:30:00,Pump_3,189310003,1.505,2.283,1.954,0.07034343118511135,True,Crítica
2025-11-02 09:00:00,Pump_3,189310003,1.508,2.29,1.949,0.07032382563915668,True,Crítica
2025-11-02 09:30:00,Pump_3,189310003,1.51,2.294,1.965,0.07049779486547811,True,Crítica
2025-11-02 10:00:00,Pump_3,189310003,1.516,2.285,1.952,0.07069284628215275,True,Crítica
2025-11-02 10:30:00,Pump_3,189310003,1.506,2.278,1.957,0.07095971573684935,True,Crítica
2025-11-02 11:00:00,Pump_3,189310003,1.503,2.279,1.966,0.07088293049093758,True,Crítica
2025-11-02 11:30:00,Pump_3,189310003,1.506,2.285,1.955,0.07076150099329953,True,Crítica
2025-11-02 12:00:00,Pump_3,189310003,1.945,2.293,1.95,0.07070593314612265,True,Crítica
2025-11-02 12:30:00,Pump_3,189310003,1.507,2.286,1.961,0.07377293793582836,True,Crítica
2025-11-02 13:00:00,Pump_3,189310003,1.508,2.289,1.955,0.07364129244337383,True,Crítica
2025-11-02 13:30:00,Pump_3,189310003,1.5,2.296,1.954,0.07365415266492557,True,Crítica
2025-11-02 14:00:00,Pump_3,189310003,1.503,2.29,1.955,0.07373281563678041,True,Crítica
2025-11-02 14:30:00,Pump_3,189310003,1.511,2.278,1.961,0.07357694245674978,True,Crítica
2025-11-02 15:00:00,Pump_3,189310003,1.511,2.281,1.95,0.07356312653414084,True,Crítica
2025-11-02 15:30:00,Pump_3,189310003,1.506,2.296,1.961,0.07359373724111279,True,Crítica
2025-11-02 16:00:00,Pump_3,189310003,1.508,2.294,1.957,0.07373999478028496,True,Crítica
2025-11-02 16:30:00,Pump_3,189310003,1.496,2.29,1.965,0.07372535823109007,True,Crítica
2025-11-02 17:00:00,Pump_3,189310003,1.5,2.279,1.965,0.07346231076920619,True,Crítica
2025-11-02 17:30:00,Pump_3,189310003,1.497,2.295,1.952,0.07305694037179324,True,Crítica
2025-11-02 18:00:00,Pump_3,189310003,1.505,2.298,1.954,0.07249390305861642,True,Crítica
2025-11-02 18:30:00,Pump_3,189310003,1.506,2.291,1.967,0.07155643157103903,True,Crítica
2025-11-02 19:00:00,Pump_3,189310003,1.501,2.279,1.966,0.07056774643110497,True,Crítica
2025-11-02 19:30:00,Pump_3,189310003,1.495,2.295,1.966,0.0696231798536088,True,Crítica
2025-11-02 20:00:00,Pump_3,189310003,1.511,2.292,1.964,0.06793407862823006,True,Crítica
2025-11-02 20:30:00,Pump_3,189310003,1.508,2.292,1.959,0.06708659274563823,True,Crítica
2025-11-02 21:00:00,Pump_3,189310003,1.511,2.29,1.966,0.06635127689311521,True,Crítica
2025-11-02 21:30:00,Pump_3,189310003,1.493,2.291,1.969,0.06613290991216628,True,Crítica
2025-11-02 22:00:00,Pump_3,189310003,1.492,2.296,1.963,0.06549937916334103,True,Crítica
2025-11-02 22:30:00,Pump_3,189310003,1.491,2.292,1.965,0.06545471249342136,True,Crítica
2025-11-02 23:00:00,Pump_3,189310003,1.499,2.285,1.968,0.06539220436027034,True,Crítica
2025-11-02 23:30:00,Pump_3,189310003,1.495,2.289,1.961,0.06536160861676285,True,Crítica
2025-11-03 00:00:00,Pump_3,189310003,1.49,2.296,1.968,0.06611897322261176,True,Crítica
2025-11-03 00:30:00,Pump_3,189310003,1.494,2.286,1.951,0.07095507631016486,True,Crítica
2025-11-03 01:00:00,Pump_3,189310003,1.495,2.28,1.966,0.07078247489109803,True,Crítica
2025-11-03 01:30:00,Pump_3,189310003,1.506,2.284,1.959,0.07081282825611733,True,Crítica
2025-11-03 02:00:00,Pump_3,189310003,1.507,2.283,1.961,0.07093721089312854,True,Crítica
2025-11-03 02:30:00,Pump_3,189310003,1.5,2.294,1.956,0.07104781693549116,True,Crítica
2025-11-03 03:00:00,Pump_3,189310003,1.489,2.289,1.956,0.07100185565617147,True,Crítica
2025-11-03 03:30:00,Pump_3,189310003,1.488,2.284,1.963,0.0710307583378633,True,Crítica
2025-11-03 04:00:00,Pump_3,189310003,1.501,2.29,1.968,0.07091231056309165,True,Crítica
2025-11-03 04:30:00,Pump_3,189310003,1.498,2.287,1.96,0.07100324652797779,True,Crítica
2025-11-03 05:00:00,Pump_3,189310003,1.496,2.284,1.965,0.07093633464803467,True,Crítica
2025-11-03 05:30:00,Pump_3,189310003,1.487,2.283,1.955,0.07087573134461739,True,Crítica
2025-11-03 06:00:00,Pump_3,189310003,1.492,2.295,1.964,0.07088549628322122,True,Crítica
2025-11-03 06:30:00,Pump_3,189310003,1.488,2.281,1.954,0.0709823250180867,True,Crítica
2025-11-03 07:00:00,Pump_3,189310003,1.5,2.292,1.96,0.07073592990252857,True,Crítica
2025-11-03 07:30:00,Pump_3,189310003,1.49,2.289,1.968,0.07072828632680014,True,Crítica
2025-11-03 08:00:00,Pump_3,189310003,1.497,2.291,1.96,0.07070431867292255,True,Crítica
2025-11-03 08:30:00,Pump_3,189310003,1.501,2.291,1.972,0.07063778354116236,True,Crítica
2025-11-03 09:00:00,Pump_3,189310003,1.496,2.283,1.964,0.0707465627108133,True,Crítica
2025-11-03 09:30:00,Pump_3,189310003,1.485,2.298,1.957,0.07061402347441852,True,Crítica
2025-11-03 10:00:00,Pump_3,189310003,1.496,2.287,1.963,0.07047935016484068,True,Crítica
2025-11-03 10:30:00,Pump_3,189310003,1.492,2.289,1.968,0.07048239387306367,True,Crítica
2025-11-03 11:00:00,Pump_3,189310003,1.484,2.291,1.972,0.07047973358415315,True,Crítica
2025-11-03 11:30:00,Pump_3,189310003,1.498,2.29,1.963,0.0703791641862037,True,Crítica
2025-11-03 12:00:00,Pump_3,189310003,1.498,2.29,1.967,0.07042605320575736,True,Crítica
2025-11-03 12:30:00,Pump_3,189310003,1.498,2.285,1.966,0.07042879494081974,True,Crítica
2025-11-03 13:00:00,Pump_3,189310003,1.492,2.294,1.965,0.07060792307932387,True,Crítica
2025-11-03 13:30:00,Pump_3,189310003,1.492,2.296,1.962,0.07059407276688799,True,Crítica
2025-11-03 14:00:00,Pump_3,189310003,1.485,2.284,1.979,0.07060188342579199,True,Crítica
2025-11-03 14:30:00,Pump_3,189310003,1.49,2.288,1.962,0.07057564069740983,True,Crítica
2025-11-03 15:00:00,Pump_3,189310003,1.483,2.291,1.963,0.07056978946992695,True,Crítica
2025-11-03 15:30:00,Pump_3,189310003,1.485,2.279,1.977,0.07059466230900803,True,Crítica
2025-11-03 16:00:00,Pump_3,189310003,1.494,2.288,1.971,0.07060298483788031,True,Crítica
2025-11-03 16:30:00,Pump_3,189310003,1.493,2.291,1.98,0.0705445448088831,True,Crítica
2025-11-03 17:00:00,Pump_3,189310003,1.479,2.289,1.976,0.07066223215447878,True,Crítica
2025-11-03 17:30:00,Pump_3,189310003,1.495,2.283,1.974,0.07059660271303803,True,Crítica
2025-11-03 18:00:00,Pump_3,189310003,1.479,2.286,1.982,0.07078267816902441,True,Crítica
2025-11-03 18:30:00,Pump_3,189310003,1.482,2.291,1.983,0.07077322312645652,True,Crítica
2025-11-03 19:00:00,Pump_3,189310003,1.492,2.28,1.982,0.07097712590322354,True,Crítica
2025-11-03 19:30:00,Pump_3,189310003,1.479,2.293,1.971,0.0710427947193006,True,Crítica
2025-11-03 20:00:00,Pump_3,189310003,1.492,2.29,1.985,0.07098499074343871,True,Crítica
2025-11-03 20:30:00,Pump_3,189310003,1.48,2.287,1.973,0.07113960470026509,True,Crítica
2025-11-03 21:00:00,Pump_3,189310003,1.483,2.278,1.985,0.07095938117206042,True,Crítica
2025-11-03 21:30:00,Pump_3,189310003,1.476,2.29,1.985,0.07096545146025944,True,Crítica
2025-11-03 22:00:00,Pump_3,189310003,1.484,2.282,1.977,0.07108932347801745,True,Crítica
2025-11-03 22:30:00,Pump_3,189310003,1.48,2.285,1.98,0.07107236991014851,True,Crítica
2025-11-03 23:00:00,Pump_3,189310003,1.483,2.282,1.973,0.07103950835365702,True,Crítica
2025-11-03 23:30:00,Pump_3,189310003,1.491,2.285,1.973,0.07098772290940353,True,Crítica
2025-11-04 00:00:00,Pump_3,189310003,1.488,2.285,1.97,0.07098917234985685,True,Crítica
2025-11-04 00:30:00,Pump_3,189310003,1.478,2.284,1.984,0.07090940089638648,True,Crítica
2025-11-04 01:00:00,Pump_3,189310003,1.489,2.287,1.986,0.07085935356504676,True,Crítica
2025-11-04 01:30:00,Pump_3,189310003,1.473,2.276,1.976,0.0709484716157819,True,Crítica
2025-11-04 02:00:00,Pump_3,189310003,1.479,2.278,1.978,0.0708043067071489,True,Crítica
2025-11-04 02:30:00,Pump_3,189310003,1.472,2.281,1.979,0.07070049409856408,True,Crítica
2025-11-04 03:00:00,Pump_3,189310003,1.486,2.293,1.984,0.07063297921496131,True,Crítica
2025-11-04 03:30:00,Pump_3,189310003,1.482,2.281,1.992,0.0708099006965669,True,Crítica
2025-11-04 04:00:00,Pump_3,189310003,1.471,2.293,1.986,0.0708813843603248,True,Crítica
2025-11-04 04:30:00,Pump_3,189310003,1.486,2.278,1.989,0.07082659778472827,True,Crítica
2025-11-04 05:00:00,Pump_3,189310003,1.475,2.282,1.991,0.07077238165111915,True,Crítica
2025-11-04 05:30:00,Pump_3,189310003,1.477,2.276,1.985,0.0708176209275994,True,Crítica
2025-11-04 06:00:00,Pump_3,189310003,1.477,2.29,1.992,0.07070582424875049,True,Crítica
2025-11-04 06:30:00,Pump_3,189310003,1.481,2.289,1.989,0.07078724890519049,True,Crítica
2025-11-04 07:00:00,Pump_3,189310003,1.482,2.282,1.994,0.07082369558845755,True,Crítica
2025-11-04 07:30:00,Pump_3,189310003,1.487,2.289,1.984,0.0708207103039526,True,Crítica
2025-11-04 08:00:00,Pump_3,189310003,1.471,2.286,1.987,0.07095990813040437,True,Crítica
2025-11-04 08:30:00,Pump_3,189310003,1.469,2.286,1.986,0.07078806603868168,True,Crítica
2025-11-04 09:00:00,Pump_3,189310003,1.482,2.273,1.984,0.07077670155986719,True,Crítica
2025-11-04 09:30:00,Pump_3,189310003,1.472,2.283,1.98,0.07071475914498399,True,Crítica
2025-11-04 10:00:00,Pump_3,189310003,1.479,2.286,1.983,0.07061402935746236,True,Crítica
2025-11-04 10:30:00,Pump_3,189310003,1.483,2.286,1.989,0.07060598723855833,True,Crítica
2025-11-04 11:00:00,Pump_3,189310003,1.467,2.289,1.999,0.07067304254080316,True,Crítica
2025-11-04 11:30:00,Pump_3,189310003,1.474,2.273,1.989,0.07072501309845926,True,Crítica
2025-11-04 12:00:00,Pump_3,189310003,1.478,2.286,2.0,0.07060379062362404,True,Crítica
2025-11-04 12:30:00,Pump_3,189310003,1.473,2.288,2.002,0.07069582192038266,True,Crítica
2025-11-04 13:00:00,Pump_3,189310003,1.466,2.288,2.001,0.07078231792976733,True,Crítica
2025-11-04 13:30:00,Pump_3,189310003,1.48,2.283,1.99,0.07068694418157631,True,Crítica
2025-11-04 14:00:00,Pump_3,189310003,1.466,2.291,2.0,0.07084046085840003,True,Crítica
2025-11-04 14:30:00,Pump_3,189310003,1.466,2.272,1.991,0.07092648615734994,True,Crítica
2025-11-04 15:00:00,Pump_3,189310003,1.475,2.272,2.001,0.07090638551914259,True,Crítica
2025-11-04 15:30:00,Pump_3,189310003,1.474,2.288,2.001,0.07082694295861308,True,Crítica
2025-11-04 16:00:00,Pump_3,189310003,1.474,2.287,2.003,0.07085091830668117,True,Crítica
2025-11-04 16:30:00,Pump_3,189310003,1.479,2.286,2.006,0.07096728554989458,True,Crítica
2025-11-04 17:00:00,Pump_3,189310003,1.474,2.288,2.002,0.0710397031844748,True,Crítica
2025-11-04 17:30:00,Pump_3,189310003,1.472,2.285,1.998,0.0711249358613128,True,Crítica
2025-11-04 18:00:00,Pump_3,189310003,1.472,2.271,1.99,0.07118964732276656,True,Crítica
2025-11-04 18:30:00,Pump_3,189310003,1.465,2.277,1.995,0.07103604254738857,True,Crítica
2025-11-04 19:00:00,Pump_3,189310003,1.47,2.271,1.995,0.07087166614778122,True,Crítica
2025-11-04 19:30:00,Pump_3,189310003,1.47,2.281,2.001,0.07069974078033607,True,Crítica
2025-11-04 20:00:00,Pump_3,189310003,1.468,2.274,1.992,0.07060002407449706,True,Crítica
2025-11-04 20:30:00,Pump_3,189310003,1.472,2.277,1.995,0.07052428618421445,True,Crítica
2025-11-04 21:00:00,Pump_3,189310003,1.465,2.278,2.008,0.07053748731811996,True,Crítica
2025-11-04 21:30:00,Pump_3,189310003,1.462,2.282,2.001,0.07053701127624633,True,Crítica
2025-11-04 22:00:00,Pump_3,189310003,1.458,2.272,2.004,0.0705638497794196,True,Crítica
2025-11-04 22:30:00,Pump_3,189310003,1.462,2.274,2.004,0.07044371689578731,True,Crítica
2025-11-04 23:00:00,Pump_3,189310003,1.464,2.27,2.006,0.07029828905415367,True,Crítica
2025-11-04 23:30:00,Pump_3,189310003,1.474,2.281,2.007,0.07023723891773173,True,Crítica
2025-11-05 00:00:00,Pump_3,189310003,1.468,2.275,2.009,0.07037276347070136,True,Crítica
2025-11-05 00:30:00,Pump_3,189310003,1.466,2.28,2.009,0.07030077838995792,True,Crítica
2025-11-05 01:00:00,Pump_3,189310003,1.467,2.274,2.006,0.07026261035662038,True,Crítica
2025-11-05 01:30:00,Pump_3,189310003,1.467,2.276,2.002,0.07024779779801961,True,Crítica
2025-11-05 02:00:00,Pump_3,189310003,1.461,2.273,2.014,0.0701717517127285,True,Crítica
2025-11-05 02:30:00,Pump_3,189310003,1.466,2.286,2.004,0.07015215775382533,True,Crítica
2025-11-05 03:00:00,Pump_3,189310003,1.459,2.27,2.004,0.07029324276859669,True,Crítica
2025-11-05 03:30:00,Pump_3,189310003,1.465,2.277,2.001,0.07016724377012842,True,Crítica
2025-11-05 04:00:00,Pump_3,189310003,1.457,2.269,2.016,0.07004567610255275,True,Crítica
2025-11-05 04:30:00,Pump_3,189310003,1.469,2.283,2.003,0.06991161437082,True,Crítica
2025-11-05 05:00:00,Pump_3,189310003,1.463,2.284,2.018,0.06978995799988581,True,Crítica
2025-11-05 05:30:00,Pump_3,189310003,1.468,2.28,2.012,0.06978008306735001,True,Crítica
2025-11-05 06:00:00,Pump_3,189310003,1.468,2.271,2.018,0.06979538665203831,True,Crítica
2025-11-05 06:30:00,Pump_3,189310003,1.456,2.279,2.015,0.06990524839966462,True,Crítica
2025-11-05 07:00:00,Pump_3,189310003,1.466,2.282,2.021,0.06995458908659005,True,Crítica
2025-11-05 07:30:00,Pump_3,189310003,1.46,2.275,2.011,0.07011661437739666,True,Crítica
2025-11-05 08:00:00,Pump_3,189310003,1.463,2.279,2.005,0.07005718001887158,True,Crítica
2025-11-05 08:30:00,Pump_3,189310003,1.459,2.279,2.019,0.07009702586063266,True,Crítica
2025-11-05 09:00:00,Pump_3,189310003,1.454,2.286,2.003,0.070137996298134,True,Crítica
2025-11-05 09:30:00,Pump_3,189310003,1.455,2.272,2.016,0.07005422222485709,True,Crítica
2025-11-05 10:00:00,Pump_3,189310003,1.463,2.283,2.005,0.07005813320284172,True,Crítica
2025-11-05 10:30:00,Pump_3,189310003,1.45,2.282,2.019,0.07013110750780416,True,Crítica
2025-11-05 11:00:00,Pump_3,189310003,1.463,2.272,2.023,0.0701649040584595,True,Crítica
2025-11-05 11:30:00,Pump_3,189310003,1.46,2.275,2.01,0.07026232915904106,True,Crítica
2025-11-05 12:00:00,Pump_3,189310003,1.465,2.284,2.008,0.07012370694904968,True,Crítica
2025-11-05 12:30:00,Pump_3,189310003,1.463,2.285,2.005,0.0701197631533096,True,Crítica
2025-11-05 13:00:00,Pump_3,189310003,1.447,2.273,2.014,0.07008029749632277,True,Crítica
2025-11-05 13:30:00,Pump_3,189310003,1.465,2.284,2.01,0.06994941023750613,True,Crítica
2025-11-05 14:00:00,Pump_3,189310003,1.452,2.278,2.016,0.0700258656673961,True,Crítica
2025-11-05 14:30:00,Pump_3,189310003,1.457,2.277,2.011,0.0699578494111165,True,Crítica
2025-11-05 15:00:00,Pump_3,189310003,1.446,2.282,2.019,0.06991143351620857,True,Crítica
2025-11-05 15:30:00,Pump_3,189310003,1.451,2.27,2.023,0.0699115762740039,True,Crítica
2025-11-05 16:00:00,Pump_3,189310003,1.452,2.282,2.021,0.06989311092104743,True,Crítica
2025-11-05 16:30:00,Pump_3,189310003,1.457,2.273,2.014,0.06995056648786109,True,Crítica
2025-11-05 17:00:00,Pump_3,189310003,1.453,2.274,2.019,0.06988773358271648,True,Crítica
2025-11-05 17:30:00,Pump_3,189310003,1.444,2.282,2.016,0.06975124958904981,True,Crítica
2025-11-05 18:00:00,Pump_3,189310003,1.443,2.288,2.022,0.06959326256879239,True,Crítica
2025-11-05 18:30:00,Pump_3,189310003,1.453,2.284,2.012,0.06950104995175506,True,Crítica
2025-11-05 19:00:00,Pump_3,189310003,1.447,2.276,2.018,0.06948545217694206,True,Crítica
2025-11-05 19:30:00,Pump_3,189310003,1.45,2.271,2.015,0.06928737644290821,True,Crítica
2025-11-05 20:00:00,Pump_3,189310003,1.452,2.279,2.027,0.06920257841547182,True,Crítica
2025-11-05 20:30:00,Pump_3,189310003,1.459,2.278,2.026,0.06926051138463775,True,Crítica
2025-11-05 21:00:00,Pump_3,189310003,1.452,2.275,2.009,0.06928149426098233,True,Crítica
2025-11-05 21:30:00,Pump_3,189310003,1.448,2.288,2.02,0.0692386153094301,True,Crítica
2025-11-05 22:00:00,Pump_3,189310003,1.442,2.272,2.021,0.06929889394193074,True,Crítica
2025-11-05 22:30:00,Pump_3,189310003,1.457,2.28,2.02,0.06914669118783193,True,Crítica
2025-11-05 23:00:00,Pump_3,189310003,1.451,2.282,2.024,0.06919868322129834,True,Crítica
2025-11-05 23:30:00,Pump_3,189310003,1.449,2.286,2.02,0.06914457800734379,True,Crítica
2025-11-06 00:00:00,Pump_3,189310003,1.446,2.289,2.011,0.0691676619257527,True,Crítica
2025-11-06 00:30:00,Pump_3,189310003,1.438,2.291,2.025,0.0690254111979652,True,Crítica
2025-11-06 01:00:00,Pump_3,189310003,1.448,2.271,2.024,0.06897045368378701,True,Crítica
2025-11-06 01:30:00,Pump_3,189310003,1.455,2.289,2.013,0.06902588451174793,True,Crítica
2025-11-06 02:00:00,Pump_3,189310003,1.456,2.278,2.01,0.06897170220735904,True,Crítica
2025-11-06 02:30:00,Pump_3,189310003,1.452,2.286,2.027,0.06900518729812727,True,Crítica
2025-11-06 03:00:00,Pump_3,189310003,1.447,2.291,2.022,0.06905186233095667,True,Crítica
2025-11-06 03:30:00,Pump_3,189310003,1.452,2.291,2.02,0.0691504319044602,True,Crítica
2025-11-06 04:00:00,Pump_3,189310003,1.439,2.287,2.023,0.06922794982004794,True,Crítica
2025-11-06 04:30:00,Pump_3,189310003,1.448,2.274,2.027,0.06915370128379253,True,Crítica
2025-11-06 05:00:00,Pump_3,189310003,1.441,2.29,2.012,0.06915668220691752,True,Crítica
2025-11-06 05:30:00,Pump_3,189310003,1.453,2.287,2.022,0.0690870984152277,True,Crítica
2025-11-06 06:00:00,Pump_3,189310003,1.447,2.279,2.019,0.06922208178309246,True,Crítica
2025-11-06 06:30:00,Pump_3,189310003,1.452,2.292,2.018,0.0692406367266028,True,Crítica
2025-11-06 07:00:00,Pump_3,189310003,1.439,2.286,2.016,0.06925721635678679,True,Crítica
2025-11-06 07:30:00,Pump_3,189310003,1.438,2.284,2.018,0.06922539364306807,True,Crítica
2025-11-06 08:00:00,Pump_3,189310003,1.44,2.283,2.017,0.0692080179682064,True,Crítica
2025-11-06 08:30:00,Pump_3,189310003,1.7,2.275,2.013,0.06906277665549378,True,Crítica
2025-11-06 09:00:00,Pump_3,189310003,1.434,2.291,2.029,0.0708402239910974,True,Crítica
2025-11-06 09:30:00,Pump_3,189310003,1.436,2.275,2.015,0.07086188237297714,True,Crítica
2025-11-06 10:00:00,Pump_3,189310003,1.441,2.281,2.024,0.07067644252242505,True,Crítica
2025-11-06 10:30:00,Pump_3,189310003,1.442,2.294,2.023,0.07073429887454248,True,Crítica
2025-11-06 11:00:00,Pump_3,189310003,1.44,2.287,2.013,0.07070035909946186,True,Crítica
2025-11-06 11:30:00,Pump_3,189310003,1.433,2.279,2.033,0.07056955479692657,True,Crítica
2025-11-06 12:00:00,Pump_3,189310003,1.43,2.281,2.024,0.07054966306623774,True,Crítica
2025-11-06 12:30:00,Pump_3,189310003,1.444,2.291,2.02,0.070429817514487,True,Crítica
2025-11-06 13:00:00,Pump_3,189310003,1.442,2.293,2.028,0.07046963575202224,True,Crítica
2025-11-06 13:30:00,Pump_3,189310003,1.434,2.282,2.033,0.07056574028524816,True,Crítica
2025-11-06 14:00:00,Pump_3,189310003,1.443,2.286,2.024,0.07050746892964531,True,Crítica
2025-11-06 14:30:00,Pump_3,189310003,1.445,2.279,2.016,0.07053745525073277,True,Crítica
2025-11-06 15:00:00,Pump_3,189310003,1.445,2.278,2.024,0.0703980849985516,True,Crítica
2025-11-06 15:30:00,Pump_3,189310003,1.437,2.279,2.027,0.07036598304934255,True,Crítica
2025-11-06 16:00:00,Pump_3,189310003,1.444,2.288,2.017,0.07024014878780495,True,Crítica
2025-11-06 16:30:00,Pump_3,189310003,1.436,2.283,2.028,0.07026420247638301,True,Crítica
2025-11-06 17:00:00,Pump_3,189310003,1.429,2.287,2.031,0.07022471475046002,True,Crítica
2025-11-06 17:30:00,Pump_3,189310003,1.444,2.276,2.033,0.07024435637539227,True,Crítica
2025-11-06 18:00:00,Pump_3,189310003,1.443,2.28,2.018,0.07018444126788231,True,Crítica
2025-11-06 18:30:00,Pump_3,189310003,1.434,2.287,2.035,0.07013516193710571,True,Crítica
2025-11-06 19:00:00,Pump_3,189310003,1.438,2.278,2.025,0.07006900085000166,True,Crítica
2025-11-06 19:30:00,Pump_3,189310003,1.443,2.286,2.025,0.07007124046280816,True,Crítica
2025-11-06 20:00:00,Pump_3,189310003,1.44,2.289,2.02,0.07015262339638445,True,Crítica
2025-11-06 20:30:00,Pump_3,189310003,1.434,2.291,2.035,0.0701926812202443,True,Crítica
2025-11-06 21:00:00,Pump_3,189310003,1.437,2.283,2.03,0.06812431139615019,True,Crítica
2025-11-06 21:30:00,Pump_3,189310003,1.433,2.29,2.018,0.06812364300575809,True,Crítica
2025-11-06 22:00:00,Pump_3,189310003,1.428,2.289,2.02,0.06818269034175074,True,Crítica
2025-11-06 22:30:00,Pump_3,189310003,1.441,2.285,2.023,0.06809149226357629,True,Crítica
2025-11-06 23:00:00,Pump_3,189310003,1.427,2.294,2.031,0.06804007567583076,True,Crítica
2025-11-06 23:30:00,Pump_3,189310003,1.433,2.285,2.021,0.06808658248329742,True,Crítica
2025-11-07 00:00:00,Pump_3,189310003,1.436,2.292,2.031,0.06804410735176404,True,Crítica
2025-11-07 00:30:00,Pump_3,189310003,1.433,2.294,2.03,0.06819567565380898,True,Crítica
2025-11-07 01:00:00,Pump_3,189310003,1.439,2.288,2.035,0.06818778840570443,True,Crítica
2025-11-07 01:30:00,Pump_3,189310003,1.439,2.285,2.02,0.06818917522734108,True,Crítica
2025-11-07 02:00:00,Pump_3,189310003,1.427,2.292,2.03,0.06815964208655399,True,Crítica
2025-11-07 02:30:00,Pump_3,189310003,1.422,2.288,2.025,0.06809705716043211,True,Crítica
2025-11-07 03:00:00,Pump_3,189310003,1.432,2.279,2.029,0.06800377347237346,True,Crítica
2025-11-07 03:30:00,Pump_3,189310003,1.432,2.287,2.029,0.06792726484828641,True,Crítica
2025-11-07 04:00:00,Pump_3,189310003,1.423,2.298,2.021,0.06793607587463793,True,Crítica
2025-11-07 04:30:00,Pump_3,189310003,1.427,2.29,2.038,0.06785439722320755,True,Crítica
2025-11-07 05:00:00,Pump_3,189310003,1.434,2.296,2.033,0.06786730984388072,True,Crítica
2025-11-07 05:30:00,Pump_3,189310003,1.43,2.288,2.026,0.06796972775877307,True,Crítica
2025-11-07 06:00:00,Pump_3,189310003,1.422,2.278,2.024,0.06786285298607514,True,Crítica
2025-11-07 06:30:00,Pump_3,189310003,1.426,2.283,2.031,0.06771100583243099,True,Crítica
2025-11-07 07:00:00,Pump_3,189310003,1.424,2.285,2.04,0.06760488411403792,True,Crítica
2025-11-07 07:30:00,Pump_3,189310003,1.429,2.29,2.039,0.06761794404354354,True,Crítica
2025-11-07 08:00:00,Pump_3,189310003,1.431,2.286,2.022,0.06760972641178192,True,Crítica
2025-11-07 08:30:00,Pump_3,189310003,1.424,2.283,2.029,0.06752770576222109,True,Crítica
2025-11-07 09:00:00,Pump_3,189310003,1.431,2.281,2.029,0.06737164208250318,True,Crítica
2025-11-07 09:30:00,Pump_3,189310003,1.417,2.279,2.032,0.06730019368906073,True,Crítica
2025-11-07 10:00:00,Pump_3,189310003,1.432,2.284,2.034,0.06720617904587838,True,Crítica
2025-11-07 10:30:00,Pump_3,189310003,1.431,2.288,2.034,0.0672997504296791,True,Crítica
2025-11-07 11:00:00,Pump_3,189310003,1.423,2.278,2.026,0.06729885646474193,True,Crítica
2025-11-07 11:30:00,Pump_3,189310003,1.415,2.286,2.037,0.06715797136632916,True,Crítica
2025-11-07 12:00:00,Pump_3,189310003,1.42,2.282,2.038,0.06712256673784736,True,Crítica
2025-11-07 12:30:00,Pump_3,189310003,1.417,2.295,2.037,0.06699411850123033,True,Crítica
2025-11-07 13:00:00,Pump_3,189310003,1.427,2.282,2.026,0.0669215233953368,True,Crítica
2025-11-07 13:30:00,Pump_3,189310003,1.417,2.785,2.03,0.06673339795396029,True,Crítica
2025-11-07 14:00:00,Pump_3,189310003,1.411,2.288,2.032,0.06910863521922023,True,Crítica
2025-11-07 14:30:00,Pump_3,189310003,1.413,2.285,2.025,0.06898077790714677,True,Crítica
2025-11-07 15:00:00,Pump_3,189310003,1.413,2.292,2.029,0.0688969071356079,True,Crítica
2025-11-07 15:30:00,Pump_3,189310003,1.413,2.273,2.031,0.06880861981044009,True,Crítica
2025-11-07 16:00:00,Pump_3,189310003,1.415,2.287,2.021,0.06860108006385707,True,Crítica
2025-11-07 16:30:00,Pump_3,189310003,1.413,2.275,2.023,0.06848244723539755,True,Crítica
2025-11-07 17:00:00,Pump_3,189310003,1.424,2.289,2.028,0.06820432953484966,True,Crítica
2025-11-07 17:30:00,Pump_3,189310003,1.418,2.289,2.026,0.0680417765387133,True,Crítica
2025-11-07 18:00:00,Pump_3,189310003,1.415,2.271,2.015,0.06793515265597774,True,Crítica
2025-11-07 18:30:00,Pump_3,189310003,1.421,2.287,2.019,0.06776318766383277,True,Crítica
2025-11-07 19:00:00,Pump_3,189310003,1.415,2.273,2.028,0.06764195561864733,True,Crítica
2025-11-07 19:30:00,Pump_3,189310003,1.415,2.289,2.015,0.06741302019973773,True,Crítica
2025-11-07 20:00:00,Pump_3,189310003,1.404,2.28,2.03,0.06711530950858467,True,Crítica
2025-11-07 20:30:00,Pump_3,189310003,1.417,2.277,2.015,0.06690139555018473,True,Crítica
2025-11-07 21:00:00,Pump_3,189310003,1.406,2.271,2.025,0.06669014520464342,True,Crítica
2025-11-07 21:30:00,Pump_3,189310003,1.416,2.277,2.027,0.06639163638860354,True,Crítica
2025-11-07 22:00:00,Pump_3,189310003,1.415,2.283,2.014,0.06634051154272139,True,Crítica
2025-11-07 22:30:00,Pump_3,189310003,1.401,2.274,2.023,0.06603252344658612,True,Crítica
2025-11-07 23:00:00,Pump_3,189310003,1.419,2.276,2.012,0.06564714206004046,True,Crítica
2025-11-07 23:30:00,Pump_3,189310003,1.403,2.278,2.017,0.06550479449011265,True,Crítica
2025-11-08 00:00:00,Pump_3,189310003,1.4,2.281,2.016,0.06524946139255729,True,Crítica
2025-11-08 00:30:00,Pump_3,189310003,1.407,2.281,2.027,0.06495964572639583,True,Crítica
2025-11-08 01:00:00,Pump_3,189310003,1.404,2.28,2.018,0.06477680487585771,True,Crítica
2025-11-08 01:30:00,Pump_3,189310003,1.401,2.281,2.013,0.06456321853452736,True,Crítica
2025-11-08 02:00:00,Pump_3,189310003,1.41,2.273,2.018,0.06203375006161465,True,Crítica
2025-11-08 02:30:00,Pump_3,189310003,1.406,2.263,2.022,0.06192588496865587,True,Crítica
2025-11-08 03:00:00,Pump_3,189310003,1.409,2.263,2.024,0.06170660460586968,True,Crítica
2025-11-08 03:30:00,Pump_3,189310003,1.401,2.273,2.009,0.0615533533472648,True,Crítica
2025-11-08 04:00:00,Pump_3,189310003,1.397,2.262,2.01,0.0612836311298151,True,Crítica
2025-11-08 04:30:00,Pump_3,189310003,1.397,2.266,2.02,0.06097012873684063,True,Crítica
2025-11-08 05:00:00,Pump_3,189310003,1.396,2.261,2.024,0.06085538920156394,True,Crítica
2025-11-08 05:30:00,Pump_3,189310003,1.408,2.275,2.013,0.06043304662869654,True,Crítica
2025-11-08 06:00:00,Pump_3,189310003,1.404,2.261,2.015,0.06025367135943352,True,Crítica
2025-11-08 06:30:00,Pump_3,189310003,1.393,2.276,2.019,0.06008846175769755,True,Crítica
2025-11-08 07:00:00,Pump_3,189310003,1.408,2.266,2.024,0.05981495922472692,True,Crítica
2025-11-08 07:30:00,Pump_3,189310003,1.395,2.277,2.005,0.05971015413564719,True,Crítica
2025-11-08 08:00:00,Pump_3,189310003,1.391,2.265,2.014,0.05948567418430325,True,Crítica
2025-11-08 08:30:00,Pump_3,189310003,1.394,2.259,2.009,0.059147621450100156,True,Crítica
2025-11-08 09:00:00,Pump_3,189310003,1.394,2.271,2.021,0.0588710026023119,True,Crítica
2025-11-08 09:30:00,Pump_3,189310003,1.397,2.274,2.014,0.05879492928608111,True,Crítica
2025-11-08 10:00:00,Pump_3,189310003,1.391,2.263,2.014,0.05852503821010042,True,Crítica
2025-11-08 10:30:00,Pump_3,189310003,1.387,2.257,2.015,0.058224942831822654,True,Crítica
2025-11-08 11:00:00,Pump_3,189310003,1.394,2.256,2.02,0.05804611384349286,True,Crítica
2025-11-08 11:30:00,Pump_3,189310003,1.39,2.259,2.004,0.05787591214051919,True,Crítica
2025-11-08 12:00:00,Pump_3,189310003,1.393,2.269,2.021,0.057641020586962556,True,Crítica
2025-11-08 12:30:00,Pump_3,189310003,1.391,2.271,2.012,0.057585266177983825,True,Crítica
2025-11-08 13:00:00,Pump_3,189310003,1.391,2.267,2.008,0.057436201272576176,True,Crítica
2025-11-08 13:30:00,Pump_3,189310003,1.397,2.27,2.015,0.05728431577178081,True,Crítica
2025-11-08 14:00:00,Pump_3,189310003,1.388,2.263,2.001,0.057180167319278025,True,Crítica
2025-11-08 14:30:00,Pump_3,189310003,1.394,2.26,2.005,0.056862195372370646,True,Crítica
2025-11-08 15:00:00,Pump_3,189310003,1.381,2.799,2.018,0.056752352205445805,True,Crítica
2025-11-08 15:30:00,Pump_3,189310003,1.38,2.26,2.016,0.05911006328678994,True,Crítica
2025-11-08 16:00:00,Pump_3,189310003,1.398,2.261,2.017,0.058977726883340825,True,Crítica
2025-11-08 16:30:00,Pump_3,189310003,1.389,2.263,2.01,0.05895405036629126,True,Crítica
2025-11-08 17:00:00,Pump_3,189310003,1.395,2.265,2.004,0.05886900146809242,True,Crítica
2025-11-08 17:30:00,Pump_3,189310003,1.391,2.251,2.013,0.05859918755813457,True,Crítica
2025-11-08 18:00:00,Pump_3,189310003,1.381,2.265,2.008,0.05857150013469391,True,Crítica
2025-11-08 18:30:00,Pump_3,189310003,1.376,2.252,1.998,0.05823898780571404,True,Crítica
2025-11-08 19:00:00,Pump_3,189310003,1.389,2.255,2.006,0.058095883858105254,True,Crítica
2025-11-08 19:30:00,Pump_3,189310003,1.376,2.249,2.001,0.05777066866670144,True,Crítica
2025-11-08 20:00:00,Pump_3,189310003,1.39,2.262,1.997,0.05760894987558604,True,Crítica
2025-11-08 20:30:00,Pump_3,189310003,1.387,2.253,1.995,0.05753376235362408,True,Crítica
2025-11-08 21:00:00,Pump_3,189310003,1.376,2.255,2.001,0.05746581674964094,True,Crítica
2025-11-08 21:30:00,Pump_3,189310003,1.383,2.264,2.01,0.0572113199622766,True,Crítica
2025-11-08 22:00:00,Pump_3,189310003,1.374,2.245,2.355,0.05704178269136246,True,Crítica
2025-11-08 22:30:00,Pump_3,189310003,1.381,2.248,1.996,0.05922788968530241,True,Crítica
2025-11-08 23:00:00,Pump_3,189310003,1.375,2.248,1.994,0.05901458780348014,True,Crítica
2025-11-08 23:30:00,Pump_3,189310003,1.379,2.253,1.994,0.05873410769906957,True,Crítica
2025-11-09 00:00:00,Pump_3,189310003,1.386,2.257,1.993,0.058598574223121154,True,Crítica
2025-11-09 00:30:00,Pump_3,189310003,1.388,2.261,1.997,0.05838414164623826,True,Crítica
2025-11-09 01:00:00,Pump_3,189310003,1.383,2.255,2.006,0.05830819031190007,True,Crítica
2025-11-09 01:30:00,Pump_3,189310003,1.385,2.259,2.004,0.058212388830381726,True,Crítica
2025-11-09 02:00:00,Pump_3,189310003,1.378,2.258,2.005,0.05802471044826363,True,Crítica
2025-11-09 02:30:00,Pump_3,189310003,1.372,2.243,2.001,0.05812399970337433,True,Crítica
2025-11-09 03:00:00,Pump_3,189310003,1.378,2.25,1.997,0.05797079435935854,True,Crítica
2025-11-09 03:30:00,Pump_3,189310003,1.37,2.25,2.002,0.05526152028666146,True,Crítica
2025-11-09 04:00:00,Pump_3,189310003,1.369,2.245,1.997,0.05512248013615595,True,Crítica
2025-11-09 04:30:00,Pump_3,189310003,1.375,2.258,1.995,0.054847674451646206,True,Crítica
2025-11-09 05:00:00,Pump_3,189310003,1.381,2.255,2.004,0.05466471938839389,True,Crítica
2025-11-09 05:30:00,Pump_3,189310003,1.375,2.248,1.992,0.05460735101042089,True,Crítica
2025-11-09 06:00:00,Pump_3,189310003,1.363,2.247,1.995,0.05435735933238747,True,Crítica
2025-11-09 06:30:00,Pump_3,189310003,1.364,2.249,1.991,0.05421673732782292,True,Crítica
2025-11-09 07:00:00,Pump_3,189310003,1.362,2.255,2.005,0.0540791945932672,True,Crítica
2025-11-09 07:30:00,Pump_3,189310003,1.377,2.24,2.001,0.053858663723821046,True,Crítica
2025-11-09 08:00:00,Pump_3,189310003,1.378,2.241,1.991,0.05391011756446954,True,Crítica
2025-11-09 08:30:00,Pump_3,189310003,1.359,2.237,1.989,0.0538833826949166,True,Crítica
2025-11-09 09:00:00,Pump_3,189310003,1.363,2.235,2.003,0.053709512104354026,True,Crítica
2025-11-09 09:30:00,Pump_3,189310003,1.373,2.252,2.002,0.05372563600215572,True,Crítica
2025-11-09 10:00:00,Pump_3,189310003,1.368,2.253,2.0,0.05366017174807595,True,Crítica
2025-11-09 10:30:00,Pump_3,189310003,1.361,2.234,2.001,0.05116317903514561,True,Crítica
2025-11-09 11:00:00,Pump_3,189310003,1.366,2.251,1.991,0.051120101568172996,True,Crítica
2025-11-09 11:30:00,Pump_3,189310003,1.373,2.24,1.994,0.0510197978715906,True,Crítica
2025-11-09 12:00:00,Pump_3,189310003,1.37,2.245,1.985,0.05104302932207113,True,Crítica
2025-11-09 12:30:00,Pump_3,189310003,1.36,2.247,1.99,0.050932289544010995,True,Crítica
2025-11-09 13:00:00,Pump_3,189310003,1.365,2.242,1.999,0.050744621498357824,True,Crítica
2025-11-09 13:30:00,Pump_3,189310003,1.364,2.241,1.997,0.050625965700338074,True,Crítica
2025-11-09 14:00:00,Pump_3,189310003,1.379,2.239,1.984,0.050509931536207524,True,Crítica
2025-11-09 14:30:00,Pump_3,189310003,1.368,2.252,1.99,0.0504706435103975,True,Crítica
2025-11-09 15:00:00,Pump_3,189310003,1.379,2.257,1.993,0.05032189311749772,True,Crítica
2025-11-09 15:30:00,Pump_3,189310003,1.366,2.26,1.982,0.0502699814140586,True,Crítica
2025-11-09 16:00:00,Pump_3,189310003,1.364,2.258,1.995,0.05005165038670149,True,Crítica
2025-11-09 16:30:00,Pump_3,189310003,1.382,2.26,1.995,0.04993353189409295,True,Crítica
2025-11-09 17:00:00,Pump_3,189310003,1.37,2.249,1.981,0.04997546776612765,True,Crítica
2025-11-09 17:30:00,Pump_3,189310003,1.374,2.256,1.976,0.04976577458918371,True,Crítica
2025-11-09 18:00:00,Pump_3,189310003,1.373,2.254,1.983,0.04961084351354581,True,Crítica
2025-11-09 18:30:00,Pump_3,189310003,1.365,2.257,1.985,0.04956562244177514,True,Crítica
2025-11-09 19:00:00,Pump_3,189310003,1.375,2.256,1.984,0.04948709516319645,True,Leve
2025-11-09 19:30:00,Pump_3,189310003,1.375,2.252,1.991,0.04942937745507099,True,Leve
2025-11-09 20:00:00,Pump_3,189310003,1.376,2.265,1.983,0.049287631247877335,True,Leve
2025-11-09 20:30:00,Pump_3,189310003,1.376,2.258,1.989,0.04912549167735374,True,Leve
2025-11-09 21:00:00,Pump_3,189310003,1.369,2.251,1.984,0.04914595747704023,True,Leve
2025-11-09 21:30:00,Pump_3,189310003,1.383,2.262,1.987,0.048978885708620114,True,Leve
2025-11-09 22:00:00,Pump_3,189310003,1.914,2.251,1.977,0.04890031724055203,True,Leve
2025-11-09 22:30:00,Pump_3,189310003,1.379,2.264,1.976,0.052939333647034535,True,Crítica
2025-11-09 23:00:00,Pump_3,189310003,1.375,2.269,1.973,0.05276895899989149,True,Crítica
2025-11-09 23:30:00,Pump_3,189310003,1.371,2.256,1.978,0.05269366993225155,True,Crítica
2025-11-10 00:00:00,Pump_3,189310003,1.382,2.265,1.98,0.052492139289902456,True,Crítica
2025-11-10 00:30:00,Pump_3,189310003,1.375,2.257,1.972,0.052481639986232426,True,Crítica
2025-11-10 01:00:00,Pump_3,189310003,1.387,2.274,1.98,0.05242027774419014,True,Crítica
2025-11-10 01:30:00,Pump_3,189310003,1.387,2.272,1.968,0.05242403186153685,True,Crítica
2025-11-10 02:00:00,Pump_3,189310003,1.384,2.259,1.962,0.05235068224424383,True,Crítica
2025-11-10 02:30:00,Pump_3,189310003,1.392,2.271,1.961,0.05214126448888925,True,Crítica
2025-11-10 03:00:00,Pump_3,189310003,1.394,2.263,1.963,0.052140906408323195,True,Crítica
2025-11-10 03:30:00,Pump_3,189310003,1.386,2.261,1.978,0.05206024271180232,True,Crítica
2025-11-10 04:00:00,Pump_3,189310003,1.38,2.275,1.965,0.05221008870542349,True,Crítica
2025-11-10 04:30:00,Pump_3,189310003,1.379,2.266,1.968,0.0522351700398903,True,Crítica
2025-11-10 05:00:00,Pump_3,189310003,1.388,2.278,1.976,0.052110857586718594,True,Crítica
2025-11-10 05:30:00,Pump_3,189310003,1.38,2.271,1.96,0.05229463988649978,True,Crítica
2025-11-10 06:00:00,Pump_3,189310003,1.393,2.274,1.97,0.052297672920460815,True,Crítica
2025-11-10 06:30:00,Pump_3,189310003,1.393,2.27,1.961,0.05241924283362646,True,Crítica
2025-11-10 07:00:00,Pump_3,189310003,1.379,2.266,1.969,0.052578682946340015,True,Crítica
2025-11-10 07:30:00,Pump_3,189310003,1.386,2.286,1.954,0.05267491573320531,True,Crítica
2025-11-10 08:00:00,Pump_3,189310003,1.395,2.286,1.969,0.05261598016419064,True,Crítica
2025-11-10 08:30:00,Pump_3,189310003,1.397,2.287,1.954,0.05283628376788562,True,Crítica
2025-11-10 09:00:00,Pump_3,189310003,1.383,2.275,1.951,0.05298036619491257,True,Crítica
2025-11-10 09:30:00,Pump_3,189310003,1.382,2.289,1.957,0.05284240945153776,True,Crítica
2025-11-10 10:00:00,Pump_3,189310003,1.386,2.282,1.951,0.05286231090093337,True,Crítica
2025-11-10 10:30:00,Pump_3,189310003,1.403,2.288,1.954,0.048203072919138355,True,Leve
2025-11-10 11:00:00,Pump_3,189310003,1.386,2.276,1.948,0.048366946628413426,True,Leve
2025-11-10 11:30:00,Pump_3,189310003,1.396,2.278,1.958,0.048393541349860125,True,Leve
2025-11-10 12:00:00,Pump_3,189310003,1.398,2.292,1.964,0.0483881679081332,True,Leve
2025-11-10 12:30:00,Pump_3,189310003,1.391,2.279,1.962,0.04866466440727367,True,Leve
2025-11-10 13:00:00,Pump_3,189310003,1.386,2.288,1.961,0.04885312281891437,True,Leve
2025-11-10 13:30:00,Pump_3,189310003,1.402,2.29,1.953,0.04871132154111378,True,Leve
2025-11-10 14:00:00,Pump_3,189310003,1.389,2.286,1.959,0.04897571738710077,True,Leve
2025-11-10 14:30:00,Pump_3,189310003,1.405,2.293,1.949,0.04906771331890081,True,Leve
2025-11-10 15:00:00,Pump_3,189310003,1.392,2.297,1.958,0.04910049332202312,True,Leve
2025-11-10 15:30:00,Pump_3,189310003,1.405,2.29,1.947,0.04930147247891085,True,Leve
2025-11-10 16:00:00,Pump_3,189310003,1.4,2.298,1.94,0.049327970448133265,True,Leve
2025-11-10 16:30:00,Pump_3,189310003,1.403,2.295,1.953,0.049466922118324805,True,Leve
2025-11-10 17:00:00,Pump_3,189310003,1.391,2.301,1.949,0.04972124728521634,True,Crítica
2025-11-10 17:30:00,Pump_3,189310003,1.397,2.292,1.939,0.04972978781797324,True,Crítica
2025-11-10 18:00:00,Pump_3,189310003,1.393,2.303,1.937,0.04988236824320572,True,Crítica
2025-11-10 18:30:00,Pump_3,189310003,1.399,2.291,1.94,0.0497748530524179,True,Crítica
2025-11-10 19:00:00,Pump_3,189310003,1.409,2.303,1.94,0.04978723494057864,True,Crítica
2025-11-10 19:30:00,Pump_3,189310003,1.403,2.304,1.938,0.050037432877640814,True,Crítica
2025-11-10 20:00:00,Pump_3,189310003,1.396,2.305,1.945,0.05016931795638111,True,Crítica
2025-11-10 20:30:00,Pump_3,189310003,1.403,2.293,1.934,0.05014021379078892,True,Crítica
2025-11-10 21:00:00,Pump_3,189310003,1.413,2.309,1.95,0.050087315720525286,True,Crítica
2025-11-10 21:30:00,Pump_3,189310003,1.41,2.299,1.942,0.050492875828275774,True,Crítica
2025-11-10 22:00:00,Pump_3,189310003,1.403,2.31,1.941,0.050697913974804595,True,Crítica
2025-11-10 22:30:00,Pump_3,189310003,1.408,2.307,1.937,0.050924694014570684,True,Crítica
2025-11-10 23:00:00,Pump_3,189310003,1.413,2.308,1.946,0.050959816106763874,True,Crítica
2025-11-10 23:30:00,Pump_3,189310003,1.408,2.3,1.946,0.051336783147432986,True,Crítica
2025-11-11 00:00:00,Pump_3,189310003,1.412,2.301,1.937,0.051490733181155976,True,Crítica
2025-11-11 00:30:00,Pump_3,189310003,1.402,2.307,1.94,0.05151601262826742,True,Crítica
2025-11-11 01:00:00,Pump_3,189310003,1.402,2.305,1.944,0.051637399870279946,True,Crítica
2025-11-11 01:30:00,Pump_3,189310003,1.418,2.308,1.928,0.05178878372367132,True,Crítica
2025-11-11 02:00:00,Pump_3,189310003,1.408,2.304,1.942,0.05185771794189731,True,Crítica
2025-11-11 02:30:00,Pump_3,189310003,1.416,2.302,1.944,0.052023209193595016,True,Crítica
2025-11-11 03:00:00,Pump_3,189310003,1.41,2.313,1.926,0.052131162846706144,True,Crítica
2025-11-11 03:30:00,Pump_3,189310003,1.403,2.303,1.931,0.05217840921016423,True,Crítica
2025-11-11 04:00:00,Pump_3,189310003,1.405,2.312,1.94,0.05211827585576917,True,Crítica
2025-11-11 04:30:00,Pump_3,189310003,1.411,2.312,1.927,0.052230828593466,True,Crítica
2025-11-11 05:00:00,Pump_3,189310003,1.407,2.305,1.922,0.05221467516339646,True,Crítica
2025-11-11 05:30:00,Pump_3,189310003,1.42,2.31,1.921,0.052202332494297926,True,Crítica
2025-11-11 06:00:00,Pump_3,189310003,1.425,2.313,1.937,0.052341790781208125,True,Crítica
2025-11-11 06:30:00,Pump_3,189310003,1.419,2.312,1.927,0.05265247750796696,True,Crítica
2025-11-11 07:00:00,Pump_3,189310003,1.415,2.323,1.927,0.05282291504208262,True,Crítica
2025-11-11 07:30:00,Pump_3,189310003,1.42,2.319,1.935,0.05288992609745986,True,Crítica
2025-11-11 08:00:00,Pump_3,189310003,1.417,2.325,1.916,0.05309388451184297,True,Crítica
2025-11-11 08:30:00,Pump_3,189310003,1.409,2.324,1.917,0.05320029301554942,True,Crítica
2025-11-11 09:00:00,Pump_3,189310003,1.418,2.328,1.93,0.053294754143803816,True,Crítica
2025-11-11 09:30:00,Pump_3,189310003,1.418,2.325,1.915,0.05333352924840049,True,Crítica
2025-11-11 10:00:00,Pump_3,189310003,1.42,2.321,1.922,0.053364174202434965,True,Crítica
2025-11-11 10:30:00,Pump_3,189310003,1.424,2.33,1.922,0.053469139531534496,True,Crítica
2025-11-11 11:00:00,Pump_3,189310003,1.427,2.318,1.915,0.05364057030347706,True,Crítica
2025-11-11 11:30:00,Pump_3,189310003,1.42,2.319,1.922,0.05362665631961056,True,Crítica
2025-11-11 12:00:00,Pump_3,189310003,1.423,2.328,1.919,0.053674543007089424,True,Crítica
2025-11-11 12:30:00,Pump_3,189310003,1.426,2.33,1.923,0.05378268401031187,True,Crítica
2025-11-11 13:00:00,Pump_3,189310003,1.428,2.328,1.928,0.05399245171411563,True,Crítica
2025-11-11 13:30:00,Pump_3,189310003,1.419,2.331,1.919,0.05420791478258161,True,Crítica
2025-11-11 14:00:00,Pump_3,189310003,1.419,2.33,1.924,0.05426581038988608,True,Crítica
2025-11-11 14:30:00,Pump_3,189310003,1.421,2.33,1.924,0.05433642806243823,True,Crítica
2025-11-11 15:00:00,Pump_3,189310003,1.426,2.328,1.916,0.0543264614616127,True,Crítica
2025-11-11 15:30:00,Pump_3,189310003,1.419,2.315,1.929,0.05443375172137441,True,Crítica
2025-11-11 16:00:00,Pump_3,189310003,1.421,2.331,1.921,0.05453502232009441,True,Crítica
2025-11-11 16:30:00,Pump_3,189310003,1.414,2.315,1.925,0.05454209956916693,True,Crítica
2025-11-11 17:00:00,Pump_3,189310003,1.418,2.322,1.925,0.054501895926184644,True,Crítica
2025-11-11 17:30:00,Pump_3,189310003,1.421,2.327,1.917,0.054607370039079714,True,Crítica
2025-11-11 18:00:00,Pump_3,189310003,1.423,2.314,1.916,0.054620612816032685,True,Crítica
2025-11-11 18:30:00,Pump_3,189310003,1.422,2.323,1.927,0.05435976150766262,True,Crítica
2025-11-11 19:00:00,Pump_3,189310003,1.423,2.327,1.929,0.05434194536773819,True,Crítica
2025-11-11 19:30:00,Pump_3,189310003,1.411,2.324,1.915,0.05436573744822982,True,Crítica
2025-11-11 20:00:00,Pump_3,189310003,1.407,2.311,1.93,0.05405834064962979,True,Crítica
2025-11-11 20:30:00,Pump_3,189310003,1.409,2.327,1.921,0.0540075782862603,True,Crítica
2025-11-11 21:00:00,Pump_3,189310003,1.411,2.328,1.921,0.054025731826346436,True,Crítica
2025-11-11 21:30:00,Pump_3,189310003,1.4,2.318,1.929,0.053854408958303276,True,Crítica
2025-11-11 22:00:00,Pump_3,189310003,1.411,2.324,1.92,0.05381020254656097,True,Crítica
2025-11-11 22:30:00,Pump_3,189310003,1.417,2.311,1.929,0.053730605197681,True,Crítica
2025-11-11 23:00:00,Pump_3,189310003,1.417,2.311,1.927,0.05367463249304385,True,Crítica
2025-11-11 23:30:00,Pump_3,189310003,1.402,2.317,1.933,0.05369298153931418,True,Crítica
2025-11-12 00:00:00,Pump_3,189310003,1.408,2.325,1.926,0.05362541922944047,True,Crítica
2025-11-12 00:30:00,Pump_3,189310003,1.4,2.311,1.922,0.053616373026316645,True,Crítica
2025-11-12 01:00:00,Pump_3,189310003,1.412,2.317,1.935,0.05338323655684618,True,Crítica
2025-11-12 01:30:00,Pump_3,189310003,1.413,2.324,1.921,0.05329048929566542,True,Crítica
2025-11-12 02:00:00,Pump_3,189310003,1.405,2.314,1.919,0.05329372467792886,True,Crítica
2025-11-12 02:30:00,Pump_3,189310003,1.404,2.322,1.928,0.0531190191843115,True,Crítica
2025-11-12 03:00:00,Pump_3,189310003,1.401,2.313,1.922,0.05302381945806719,True,Crítica
2025-11-12 03:30:00,Pump_3,189310003,1.393,2.311,1.932,0.052868447085430766,True,Crítica
2025-11-12 04:00:00,Pump_3,189310003,1.397,2.314,1.926,0.05265050874953347,True,Crítica
2025-11-12 04:30:00,Pump_3,189310003,1.395,2.32,1.92,0.052473125208822774,True,Crítica
2025-11-12 05:00:00,Pump_3,189310003,1.4,2.321,1.928,0.05231301966193209,True,Crítica
2025-11-12 05:30:00,Pump_3,189310003,1.405,2.321,1.935,0.05221255573354708,True,Crítica
2025-11-12 06:00:00,Pump_3,189310003,1.392,2.31,1.919,0.052233041673875796,True,Crítica
2025-11-12 06:30:00,Pump_3,189310003,1.402,2.303,1.93,0.05201105615385564,True,Crítica
2025-11-12 07:00:00,Pump_3,189310003,1.388,2.317,1.934,0.051798272254095515,True,Crítica
2025-11-12 07:30:00,Pump_3,189310003,1.399,2.308,1.931,0.05153608109191121,True,Crítica
2025-11-12 08:00:00,Pump_3,189310003,1.384,2.304,1.927,0.05149736814459343,True,Crítica
2025-11-12 08:30:00,Pump_3,189310003,1.387,2.315,1.938,0.05125387091164338,True,Crítica
2025-11-12 09:00:00,Pump_3,189310003,1.398,2.307,1.93,0.05117064275661958,True,Crítica
2025-11-12 09:30:00,Pump_3,189310003,1.389,2.302,1.936,0.05105526536376962,True,Crítica
2025-11-12 10:00:00,Pump_3,189310003,1.397,2.306,1.931,0.05094527953381735,True,Crítica
2025-11-12 10:30:00,Pump_3,189310003,1.398,2.319,1.933,0.050837538739953385,True,Crítica
2025-11-12 11:00:00,Pump_3,189310003,1.397,2.314,1.936,0.0507401670183084,True,Crítica
2025-11-12 11:30:00,Pump_3,189310003,1.391,2.312,1.936,0.05064191172884603,True,Crítica
2025-11-12 12:00:00,Pump_3,189310003,1.387,2.312,1.93,0.05055216960464911,True,Crítica
2025-11-12 12:30:00,Pump_3,189310003,1.384,2.315,1.933,0.050359004680720604,True,Crítica
2025-11-12 13:00:00,Pump_3,189310003,1.378,2.298,1.937,0.05031314204454943,True,Crítica
2025-11-12 13:30:00,Pump_3,189310003,1.39,2.314,1.94,0.049958864907300865,True,Crítica
2025-11-12 14:00:00,Pump_3,189310003,1.392,2.313,1.927,0.049846893270793245,True,Crítica
2025-11-12 14:30:00,Pump_3,189310003,1.386,2.302,1.941,0.04976930926083228,True,Crítica
2025-11-12 15:00:00,Pump_3,189310003,1.376,2.313,1.934,0.049611121308724165,True,Crítica
2025-11-12 15:30:00,Pump_3,189310003,1.39,2.309,1.93,0.0494747384818056,True,Leve
2025-11-12 16:00:00,Pump_3,189310003,1.376,2.303,1.942,0.049418448761965876,True,Leve
2025-11-12 16:30:00,Pump_3,189310003,1.371,2.307,1.942,0.04929411773762362,True,Leve
2025-11-12 17:00:00,Pump_3,189310003,1.378,2.307,1.944,0.04918158328815809,True,Leve
2025-11-12 17:30:00,Pump_3,189310003,1.388,2.295,1.939,0.04904096681449796,True,Leve
2025-11-12 18:00:00,Pump_3,189310003,1.378,2.299,1.93,0.04879446236749016,True,Leve
2025-11-12 18:30:00,Pump_3,189310003,1.37,2.309,1.933,0.048671945135103825,True,Leve
2025-11-12 19:00:00,Pump_3,189310003,1.367,2.293,1.938,0.048436539869483236,True,Leve
2025-11-12 19:30:00,Pump_3,189310003,1.375,2.309,1.941,0.048180940468637266,True,Leve
2025-11-12 20:00:00,Pump_3,189310003,1.368,2.309,1.93,0.048035081298039184,True,Leve
2025-11-12 20:30:00,Pump_3,189310003,1.382,2.294,1.931,0.04793290897480578,True,Leve
2025-11-12 21:00:00,Pump_3,189310003,1.381,2.304,1.946,0.04774226197179078,True,Leve
2025-11-12 21:30:00,Pump_3,189310003,1.382,2.296,1.933,0.047667247162818255,True,Leve
2025-11-12 22:00:00,Pump_3,189310003,1.381,2.307,1.942,0.04754122930786128,True,Leve
2025-11-12 22:30:00,Pump_3,189310003,1.37,2.294,1.937,0.047464407028168745,True,Leve
2025-11-12 23:00:00,Pump_3,189310003,1.366,2.307,1.942,0.04713561243285825,True,Leve
2025-11-12 23:30:00,Pump_3,189310003,1.372,2.291,1.931,0.046885030186824106,True,Leve
2025-11-13 00:00:00,Pump_3,189310003,1.36,2.298,1.933,0.04658719129606286,True,Leve
2025-11-13 00:30:00,Pump_3,189310003,1.366,2.303,1.938,0.046313417627026454,True,Leve
2025-11-13 01:00:00,Pump_3,189310003,1.358,2.288,1.939,0.046144768095808614,True,Leve
2025-11-13 01:30:00,Pump_3,189310003,1.375,2.29,1.943,0.04594820677632462,True,Leve
2025-11-13 02:00:00,Pump_3,189310003,1.361,2.289,1.949,0.0457331265843586,True,Leve
2025-11-13 02:30:00,Pump_3,189310003,1.362,2.3,1.943,0.04549898169592495,True,Leve
2025-11-13 03:00:00,Pump_3,189310003,1.368,2.292,1.938,0.04531333353810325,True,Leve
2025-11-13 03:30:00,Pump_3,189310003,1.37,2.292,1.946,0.045181057113712314,True,Leve
2025-11-13 04:00:00,Pump_3,189310003,1.366,2.295,1.952,0.045028338692428206,True,Leve
2025-11-13 04:30:00,Pump_3,189310003,1.352,2.287,1.934,0.044986082614875814,True,Leve
2025-11-13 05:00:00,Pump_3,189310003,1.363,2.294,1.944,0.04469999441304195,True,Leve
2025-11-13 05:30:00,Pump_3,189310003,1.368,2.3,1.945,0.04452126892676142,True,Leve
2025-11-13 06:00:00,Pump_3,189310003,1.352,2.776,1.94,0.04439718828800662,True,Leve
2025-11-13 06:30:00,Pump_3,189310003,1.36,2.29,1.946,0.04661174055458945,True,Leve
2025-11-13 07:00:00,Pump_3,189310003,1.353,2.288,1.947,0.04652051179918953,True,Leve
2025-11-13 07:30:00,Pump_3,189310003,1.351,2.29,1.949,0.04643605471678457,True,Leve
2025-11-13 08:00:00,Pump_3,189310003,1.349,2.3,1.95,0.04620272723115734,True,Leve
2025-11-13 08:30:00,Pump_3,189310003,1.355,2.295,1.95,0.04612409344083272,True,Leve
2025-11-13 09:00:00,Pump_3,189310003,1.359,2.297,1.945,0.045995242642290574,True,Leve
2025-11-13 09:30:00,Pump_3,189310003,1.347,2.297,1.954,0.045758432752013856,True,Leve
2025-11-13 10:00:00,Pump_3,189310003,1.344,2.297,1.946,0.045573037458316215,True,Leve
2025-11-13 10:30:00,Pump_3,189310003,1.354,2.294,1.944,0.04521919855017672,True,Leve
2025-11-13 11:00:00,Pump_3,189310003,1.342,2.285,1.944,0.045081548562622684,True,Leve
2025-11-13 11:30:00,Pump_3,189310003,1.344,2.298,1.951,0.04475218092857051,True,Leve
2025-11-13 12:00:00,Pump_3,189310003,1.348,2.286,1.94,0.04461583506412587,True,Leve
2025-11-13 12:30:00,Pump_3,189310003,1.34,2.28,1.948,0.04443936645833328,True,Leve
2025-11-13 13:00:00,Pump_3,189310003,1.339,2.283,1.957,0.04412259319504776,True,Leve
2025-11-13 13:30:00,Pump_3,189310003,1.356,2.284,1.942,0.04400032945899831,True,Leve
2025-11-13 14:00:00,Pump_3,189310003,1.344,2.292,1.953,0.04373897914978708,True,Leve
2025-11-13 14:30:00,Pump_3,189310003,1.338,2.293,1.949,0.04359353214735465,True,Leve
2025-11-13 15:00:00,Pump_3,189310003,1.341,2.282,1.957,0.0433624689063806,True,Leve
2025-11-13 15:30:00,Pump_3,189310003,1.351,2.288,1.95,0.04317503392540503,True,Leve
2025-11-13 16:00:00,Pump_3,189310003,1.34,2.278,1.947,0.04299861403669641,True,Leve
2025-11-13 16:30:00,Pump_3,189310003,1.349,2.278,1.94,0.04266727608901999,True,Leve
2025-11-13 17:00:00,Pump_3,189310003,1.345,2.288,1.94,0.04262834276996863,True,Leve
2025-11-13 17:30:00,Pump_3,189310003,1.35,2.296,1.935,0.04244989578148908,True,Leve
2025-11-13 18:00:00,Pump_3,189310003,1.346,2.286,1.938,0.04226012201794286,True,Leve
2025-11-13 18:30:00,Pump_3,189310003,1.352,2.293,1.937,0.0400859655523586,True,Leve
2025-11-13 19:00:00,Pump_3,189310003,1.334,2.286,1.938,0.03996727178937853,True,Leve
2025-11-13 19:30:00,Pump_3,189310003,1.35,2.299,1.951,0.03974739238263111,True,Leve
2025-11-13 20:00:00,Pump_3,189310003,1.349,2.296,1.936,0.03980183269631325,True,Leve
2025-11-13 20:30:00,Pump_3,189310003,1.343,2.289,1.94,0.03970294878067493,True,Leve
2025-11-13 21:00:00,Pump_3,189310003,1.337,2.29,1.931,0.03952193331556201,True,Leve
2025-11-13 21:30:00,Pump_3,189310003,1.335,2.281,1.935,0.039226211128731495,True,Leve
2025-11-13 22:00:00,Pump_3,189310003,1.338,2.284,1.931,0.03895073837554756,True,Leve
2025-11-13 22:30:00,Pump_3,189310003,1.347,2.287,1.939,0.038756427068250804,True,Leve
2025-11-13 23:00:00,Pump_3,189310003,1.344,2.286,1.932,0.03864112849752546,True,Leve
2025-11-13 23:30:00,Pump_3,189310003,1.349,2.283,1.94,0.038594841984530934,True,Leve
2025-11-14 00:00:00,Pump_3,189310003,1.339,2.287,1.939,0.0385168551433726,True,Leve
2025-11-14 00:30:00,Pump_3,189310003,1.341,2.292,1.925,0.03845422616467675,True,Leve
2025-11-14 01:00:00,Pump_3,189310003,1.347,2.296,1.933,0.03839265715072142,True,Leve
2025-11-14 01:30:00,Pump_3,189310003,1.352,2.304,1.936,0.03839981096603517,True,Leve
2025-11-14 02:00:00,Pump_3,189310003,1.334,2.292,1.939,0.038436996009792196,True,Leve
2025-11-14 02:30:00,Pump_3,189310003,1.334,2.303,1.924,0.038306376754545735,True,Leve
2025-11-14 03:00:00,Pump_3,189310003,1.337,2.296,1.931,0.03819685494403205,True,Leve
2025-11-14 03:30:00,Pump_3,189310003,1.338,2.291,1.921,0.038099704596239604,True,Leve
2025-11-14 04:00:00,Pump_3,189310003,1.336,2.296,1.93,0.037840944421600874,True,Leve
2025-11-14 04:30:00,Pump_3,189310003,1.333,2.291,1.92,0.03780410701145976,True,Leve
2025-11-14 05:00:00,Pump_3,189310003,1.351,2.299,1.937,0.03761330861783724,True,Leve
2025-11-14 05:30:00,Pump_3,189310003,1.349,2.288,1.931,0.03770855933667657,True,Leve
2025-11-14 06:00:00,Pump_3,189310003,1.336,2.294,1.921,0.03764386823216523,True,Leve
2025-11-14 06:30:00,Pump_3,189310003,1.35,2.301,1.928,0.03750576695228453,True,Leve
2025-11-14 07:00:00,Pump_3,189310003,1.338,2.296,1.933,0.037482013727672875,True,Leve
2025-11-14 07:30:00,Pump_3,189310003,1.336,2.308,1.916,0.037555479054719745,True,Leve
2025-11-14 08:00:00,Pump_3,189310003,1.34,2.292,1.928,0.03729760650065017,True,Leve
2025-11-14 08:30:00,Pump_3,189310003,1.337,2.294,1.916,0.03716559739892235,True,Leve
2025-11-14 09:00:00,Pump_3,189310003,1.348,2.307,1.927,0.03700006524762505,True,Leve
2025-11-14 09:30:00,Pump_3,189310003,1.345,2.292,1.922,0.037151334723538085,True,Leve
2025-11-14 10:00:00,Pump_3,189310003,1.338,2.296,1.92,0.03720894867322602,True,Leve
2025-11-14 10:30:00,Pump_3,189310003,1.341,2.292,1.91,0.03720438162430879,True,Leve
2025-11-14 11:00:00,Pump_3,189310003,1.341,2.305,1.913,0.037007097431955245,True,Leve
2025-11-14 11:30:00,Pump_3,189310003,1.348,2.305,1.909,0.03696220756687091,True,Leve
2025-11-14 12:00:00,Pump_3,189310003,1.345,2.312,1.912,0.036875639233327054,True,Leve
2025-11-14 12:30:00,Pump_3,189310003,1.333,2.307,1.908,0.0368970835485027,True,Leve
2025-11-14 13:00:00,Pump_3,189310003,1.337,2.31,1.91,0.03681036229515316,True,Leve
2025-11-14 13:30:00,Pump_3,189310003,1.344,2.31,1.921,0.03667831119855628,True,Leve
2025-11-14 14:00:00,Pump_3,189310003,1.345,2.311,1.905,0.03658210111851571,True,Leve
2025-11-14 14:30:00,Pump_3,189310003,1.347,2.298,1.913,0.03658360419204824,True,Leve
2025-11-14 15:00:00,Pump_3,189310003,1.346,2.305,1.905,0.03661986785901651,True,Leve
2025-11-14 15:30:00,Pump_3,189310003,1.334,2.302,1.912,0.036602715919764744,True,Leve
2025-11-14 16:00:00,Pump_3,189310003,1.33,2.302,1.915,0.03659163088690244,True,Leve
2025-11-14 16:30:00,Pump_3,189310003,1.334,2.31,1.918,0.036528671368787936,True,Leve
2025-11-14 17:00:00,Pump_3,189310003,1.331,2.311,1.908,0.03665689250217504,True,Leve
2025-11-14 17:30:00,Pump_3,189310003,1.346,2.299,1.901,0.03643000824811894,True,Leve
2025-11-14 18:00:00,Pump_3,189310003,1.342,2.314,1.905,0.03630210639449654,True,Leve
2025-11-14 18:30:00,Pump_3,189310003,1.336,2.313,1.916,0.03638455314157016,True,Leve
2025-11-14 19:00:00,Pump_3,189310003,1.342,2.307,1.901,0.03630462614097001,True,Leve
2025-11-14 19:30:00,Pump_3,189310003,1.329,2.3,1.911,0.036240127317660444,True,Leve
2025-11-14 20:00:00,Pump_3,189310003,1.341,2.305,1.897,0.03615207579692072,True,Leve
2025-11-14 20:30:00,Pump_3,189310003,1.344,2.309,2.448,0.03605955970009737,True,Leve
2025-11-14 21:00:00,Pump_3,189310003,1.335,2.314,1.908,0.03975862498418822,True,Leve
2025-11-14 21:30:00,Pump_3,189310003,1.33,2.314,1.898,0.03957451136973745,True,Leve
2025-11-14 22:00:00,Pump_3,189310003,1.335,2.307,1.892,0.03937832406493634,True,Leve
2025-11-14 22:30:00,Pump_3,189310003,1.345,2.302,1.892,0.03918041645048839,True,Leve
2025-11-14 23:00:00,Pump_3,189310003,1.331,2.313,1.891,0.0390507717719509,True,Leve
2025-11-14 23:30:00,Pump_3,189310003,1.332,2.312,1.897,0.03877547535087942,True,Leve
2025-11-15 00:00:00,Pump_3,189310003,1.34,2.319,1.899,0.038481602724376215,True,Leve
2025-11-15 00:30:00,Pump_3,189310003,1.347,2.31,1.898,0.03826475618700975,True,Leve
2025-11-15 01:00:00,Pump_3,189310003,1.329,2.305,1.904,0.038185850375894594,True,Leve
2025-11-15 01:30:00,Pump_3,189310003,1.339,2.315,1.902,0.03792420975961229,True,Leve
2025-11-15 02:00:00,Pump_3,189310003,1.331,2.315,1.886,0.03765939311524727,True,Leve
2025-11-15 02:30:00,Pump_3,189310003,1.332,2.314,1.89,0.03730481008092129,True,Leve
2025-11-15 03:00:00,Pump_3,189310003,1.336,2.325,1.901,0.03699387178321737,True,Leve
2025-11-15 03:30:00,Pump_3,189310003,1.339,2.312,1.89,0.03688404600293306,True,Leve
2025-11-15 04:00:00,Pump_3,189310003,1.342,2.307,1.883,0.03675782894074713,True,Leve
2025-11-15 04:30:00,Pump_3,189310003,1.34,2.315,1.895,0.03662432146681972,True,Leve
2025-11-15 05:00:00,Pump_3,189310003,1.339,2.325,1.889,0.036536601887499714,True,Leve
2025-11-15 05:30:00,Pump_3,189310003,1.334,2.312,1.891,0.03655475594448004,True,Leve
2025-11-15 06:00:00,Pump_3,189310003,1.335,2.309,1.881,0.036483205774124755,True,Leve
2025-11-15 06:30:00,Pump_3,189310003,1.341,2.325,1.896,0.03632033031442792,True,Leve
2025-11-15 07:00:00,Pump_3,189310003,1.333,2.323,1.888,0.03641785849559917,True,Leve
2025-11-15 07:30:00,Pump_3,189310003,1.335,2.325,1.883,0.03648598037709126,True,Leve
2025-11-15 08:00:00,Pump_3,189310003,1.327,2.327,1.88,0.0366818697416837,True,Leve
2025-11-15 08:30:00,Pump_3,189310003,1.337,2.32,1.895,0.03680074780485702,True,Leve
2025-11-15 09:00:00,Pump_3,189310003,1.342,2.314,1.887,0.034564607453986054,True,Leve
2025-11-15 09:30:00,Pump_3,189310003,1.334,2.32,1.881,0.03453720091313564,True,Leve
2025-11-15 10:00:00,Pump_3,189310003,1.333,2.324,1.886,0.03452367003427085,True,Leve
2025-11-15 10:30:00,Pump_3,189310003,1.342,2.319,1.881,0.03456800294713949,True,Leve
2025-11-15 11:00:00,Pump_3,189310003,1.335,2.323,1.875,0.034559698875493136,True,Leve
2025-11-15 11:30:00,Pump_3,189310003,1.337,2.315,1.89,0.034572428891729984,True,Leve
2025-11-15 12:00:00,Pump_3,189310003,1.344,2.328,1.883,0.034635378663439666,True,Leve
2025-11-15 12:30:00,Pump_3,189310003,1.339,2.325,1.883,0.03466226919876478,True,Leve
2025-11-15 13:00:00,Pump_3,189310003,1.343,2.32,1.874,0.034608783224236696,True,Leve
2025-11-15 13:30:00,Pump_3,189310003,1.336,2.327,1.872,0.03465044375416662,True,Leve
2025-11-15 14:00:00,Pump_3,189310003,1.325,2.321,1.872,0.034537282183591415,True,Leve
2025-11-16 00:30:00,Pump_3,189310003,1.332,2.326,1.887,0.035223583372660426,True,Leve
2025-11-16 01:00:00,Pump_3,189310003,1.326,2.32,1.884,0.03518377429313396,True,Leve
2025-11-16 01:30:00,Pump_3,189310003,1.323,2.314,1.878,0.03505394256556554,True,Leve
2025-11-16 02:00:00,Pump_3,189310003,1.326,2.314,1.877,0.034854388527101196,True,Leve
2025-11-16 02:30:00,Pump_3,189310003,1.33,2.313,1.894,0.034759278296366415,True,Leve
2025-11-16 03:00:00,Pump_3,189310003,1.332,2.32,1.891,0.03479841083212552,True,Leve
2025-11-16 03:30:00,Pump_3,189310003,1.32,2.317,1.876,0.034724020355102796,True,Leve
2025-11-16 04:00:00,Pump_3,189310003,1.32,2.311,1.889,0.034562129441002884,True,Leve
2025-11-17 16:30:00,Pump_3,189310003,1.299,2.261,1.931,0.03490322963734695,True,Leve
2025-11-17 17:00:00,Pump_3,189310003,1.308,2.259,1.924,0.03482069034381502,True,Leve
2025-11-19 15:00:00,Pump_3,189310003,1.317,2.218,1.943,0.03455409332103825,True,Leve
2025-11-19 15:30:00,Pump_3,189310003,1.321,2.213,1.932,0.034543142540462916,True,Leve
2025-11-19 16:00:00,Pump_3,189310003,1.331,2.216,1.941,0.034651934377672965,True,Leve
2025-11-19 16:30:00,Pump_3,189310003,1.323,2.225,1.945,0.03482143356976021,True,Leve
2025-11-19 17:00:00,Pump_3,189310003,1.316,2.218,1.926,0.034875287950842465,True,Leve
2025-11-19 17:30:00,Pump_3,189310003,1.331,2.217,1.927,0.034801380269197275,True,Leve
2025-11-19 18:00:00,Pump_3,189310003,1.329,2.211,1.928,0.03491203200467893,True,Leve
2025-11-19 18:30:00,Pump_3,189310003,1.322,2.217,1.927,0.03507788259831149,True,Leve
2025-11-19 19:00:00,Pump_3,189310003,1.336,2.217,1.939,0.03496732518323201,True,Leve
2025-11-19 19:30:00,Pump_3,189310003,1.326,2.215,1.938,0.03519083793774849,True,Leve
2025-11-19 20:00:00,Pump_3,189310003,1.331,2.205,1.934,0.03535003834857745,True,Leve
2025-11-19 20:30:00,Pump_3,189310003,1.327,2.22,1.926,0.03550419790837948,True,Leve
2025-11-19 21:00:00,Pump_3,189310003,1.32,2.209,1.936,0.03542397858387095,True,Leve
2025-11-19 21:30:00,Pump_3,189310003,1.325,2.214,1.925,0.0353728571100005,True,Leve
2025-11-19 22:00:00,Pump_3,189310003,1.321,2.222,1.93,0.03538304452231405,True,Leve
2025-11-19 22:30:00,Pump_3,189310003,1.319,2.215,1.936,0.035417962799736684,True,Leve
2025-11-19 23:00:00,Pump_3,189310003,1.33,2.208,1.934,0.035404617525854026,True,Leve
2025-11-19 23:30:00,Pump_3,189310003,1.331,2.217,1.93,0.03551173140337875,True,Leve
2025-11-20 00:00:00,Pump_3,189310003,1.332,2.217,1.925,0.03562994014343058,True,Leve
2025-11-20 00:30:00,Pump_3,189310003,1.329,2.222,1.93,0.03568435137341855,True,Leve
2025-11-20 01:00:00,Pump_3,189310003,1.324,2.23,1.936,0.03570101520869832,True,Leve
2025-11-20 01:30:00,Pump_3,189310003,1.323,2.23,1.934,0.035605818564138594,True,Leve
2025-11-20 02:00:00,Pump_3,189310003,1.328,2.224,1.93,0.03563207997524339,True,Leve
2025-11-20 02:30:00,Pump_3,189310003,1.321,2.231,1.921,0.03558087158232367,True,Leve
2025-11-20 03:00:00,Pump_3,189310003,1.335,2.231,1.925,0.035356872508763786,True,Leve
2025-11-20 03:30:00,Pump_3,189310003,1.324,2.222,1.937,0.03529804727598912,True,Leve
2025-11-20 04:00:00,Pump_3,189310003,1.315,2.23,1.935,0.03530516066877834,True,Leve
2025-11-20 04:30:00,Pump_3,189310003,1.325,2.235,1.923,0.03507486520228271,True,Leve
2025-11-20 05:00:00,Pump_3,189310003,1.324,2.226,1.935,0.03488579105615944,True,Leve
2025-11-20 05:30:00,Pump_3,189310003,1.325,2.231,1.935,0.034959906067772294,True,Leve
2025-11-20 06:00:00,Pump_3,189310003,1.327,2.237,1.921,0.034903227984990265,True,Leve
2025-11-20 06:30:00,Pump_3,189310003,1.325,2.238,1.923,0.034717306448396906,True,Leve
2025-11-20 07:00:00,Pump_3,189310003,1.325,2.234,1.923,0.0346075583829032,True,Leve
2025-11-24 21:00:00,Pump_3,189310003,1.203,2.428,1.929,0.034595171911899376,True,Leve
2025-11-24 23:30:00,Pump_3,189310003,1.191,2.43,1.926,0.03690745380797386,True,Leve
2025-11-25 00:00:00,Pump_3,189310003,1.194,2.437,1.925,0.03712510796413738,True,Leve
2025-11-25 00:30:00,Pump_3,189310003,1.199,2.428,1.946,0.037258948015912785,True,Leve
2025-11-25 01:00:00,Pump_3,189310003,1.185,2.431,1.937,0.037494329255460625,True,Leve
2025-11-25 01:30:00,Pump_3,189310003,1.199,2.436,1.933,0.03771429355557695,True,Leve
2025-11-25 02:00:00,Pump_3,189310003,1.193,2.439,1.937,0.03776084903352455,True,Leve
2025-11-25 02:30:00,Pump_3,189310003,1.195,2.449,1.943,0.03789995077270593,True,Leve
2025-11-25 03:00:00,Pump_3,189310003,1.187,2.449,1.934,0.038133039288005065,True,Leve
2025-11-25 03:30:00,Pump_3,189310003,1.185,2.436,1.94,0.03835819030040715,True,Leve
2025-11-25 04:00:00,Pump_3,189310003,1.187,2.447,1.948,0.038623672936330705,True,Leve
2025-11-25 04:30:00,Pump_3,189310003,1.188,2.441,1.944,0.0389374917925757,True,Leve
2025-11-25 05:00:00,Pump_3,189310003,1.188,2.441,1.941,0.039074572373153746,True,Leve
2025-11-25 05:30:00,Pump_3,189310003,1.183,2.45,1.945,0.03933959381011348,True,Leve
2025-11-25 06:00:00,Pump_3,189310003,1.195,2.439,1.948,0.039768437228755726,True,Leve
2025-11-25 06:30:00,Pump_3,189310003,1.186,2.45,1.954,0.039914943136156206,True,Leve
2025-11-25 07:00:00,Pump_3,189310003,1.186,2.44,1.957,0.04023634734354142,True,Leve
2025-11-25 07:30:00,Pump_3,189310003,1.191,2.451,1.956,0.040543426638186116,True,Leve
2025-11-25 08:00:00,Pump_3,189310003,1.178,2.453,1.944,0.040791058918966644,True,Leve
2025-11-25 08:30:00,Pump_3,189310003,1.194,2.445,1.959,0.04119895389006502,True,Leve
2025-11-25 09:00:00,Pump_3,189310003,1.182,2.45,1.954,0.04156964835204543,True,Leve
2025-11-25 09:30:00,Pump_3,189310003,1.19,2.449,1.955,0.04192995440079757,True,Leve
2025-11-25 10:00:00,Pump_3,189310003,1.174,2.446,1.96,0.042115203883553484,True,Leve
2025-11-25 10:30:00,Pump_3,189310003,1.186,2.445,1.947,0.04244324411946797,True,Leve
2025-11-25 11:00:00,Pump_3,189310003,1.188,2.453,1.963,0.04263167861909854,True,Leve
2025-11-25 11:30:00,Pump_3,189310003,1.176,2.456,1.951,0.03999017274066877,True,Leve
2025-11-25 12:00:00,Pump_3,189310003,1.182,2.461,1.963,0.04041051522629853,True,Leve
2025-11-25 12:30:00,Pump_3,189310003,1.172,2.45,1.965,0.04085621383522043,True,Leve
2025-11-25 13:00:00,Pump_3,189310003,1.188,2.462,1.951,0.041089274497256585,True,Leve
2025-11-25 13:30:00,Pump_3,189310003,1.175,2.448,1.962,0.04135081442833485,True,Leve
2025-11-25 14:00:00,Pump_3,189310003,1.184,2.462,1.952,0.04164159125335129,True,Leve
2025-11-25 14:30:00,Pump_3,189310003,1.179,2.462,1.958,0.0419284888493158,True,Leve
2025-11-25 15:00:00,Pump_3,189310003,1.182,2.461,1.959,0.042107939904051185,True,Leve
2025-11-25 15:30:00,Pump_3,189310003,1.183,2.457,1.97,0.04236966201975946,True,Leve
2025-11-25 16:00:00,Pump_3,189310003,1.167,2.458,1.971,0.042699263552117686,True,Leve
2025-11-25 16:30:00,Pump_3,189310003,1.168,2.466,1.956,0.04307471619958189,True,Leve
2025-11-25 17:00:00,Pump_3,189310003,1.182,2.454,1.974,0.043425647831293906,True,Leve
2025-11-25 17:30:00,Pump_3,189310003,1.169,2.461,1.968,0.043714718881333346,True,Leve
2025-11-25 18:00:00,Pump_3,189310003,1.17,2.469,1.972,0.04411202463312404,True,Leve
2025-11-25 18:30:00,Pump_3,189310003,1.163,2.471,1.973,0.04448194957039853,True,Leve
2025-11-25 19:00:00,Pump_3,189310003,1.163,2.459,1.966,0.04485124934520071,True,Leve
2025-11-25 19:30:00,Pump_3,189310003,1.178,2.464,1.972,0.04522972007429517,True,Leve
2025-11-25 20:00:00,Pump_3,189310003,1.179,2.476,1.973,0.04538322608455879,True,Leve
2025-11-25 20:30:00,Pump_3,189310003,1.174,2.478,1.964,0.04573741741080416,True,Leve
2025-11-25 21:00:00,Pump_3,189310003,1.177,2.469,1.976,0.04592306475700019,True,Leve
2025-11-25 21:30:00,Pump_3,189310003,1.16,2.468,1.984,0.04624712451559068,True,Leve
2025-11-25 22:00:00,Pump_3,189310003,1.176,2.461,1.984,0.046654253607700785,True,Leve
2025-11-25 22:30:00,Pump_3,189310003,1.17,2.465,1.969,0.046857643244141135,True,Leve
2025-11-25 23:00:00,Pump_3,189310003,1.174,2.472,1.972,0.04724354178735065,True,Leve
2025-11-25 23:30:00,Pump_3,189310003,1.157,2.475,1.985,0.0474323643313864,True,Leve
2025-11-26 00:00:00,Pump_3,189310003,1.166,2.474,1.977,0.047865309004287565,True,Leve
2025-11-26 00:30:00,Pump_3,189310003,1.161,2.481,1.986,0.04810032647002672,True,Leve
2025-11-26 01:00:00,Pump_3,189310003,1.162,2.472,1.982,0.04852574604126649,True,Leve
2025-11-26 01:30:00,Pump_3,189310003,1.16,2.471,1.979,0.048858315900005944,True,Leve
2025-11-26 02:00:00,Pump_3,189310003,1.153,2.483,1.986,0.04921264631758741,True,Leve
2025-11-26 02:30:00,Pump_3,189310003,1.155,2.469,1.975,0.049699072782168736,True,Crítica
2025-11-26 03:00:00,Pump_3,189310003,1.166,2.474,1.977,0.049993752143331543,True,Crítica
2025-11-26 03:30:00,Pump_3,189310003,1.168,2.488,1.976,0.050292859436463944,True,Crítica
2025-11-26 04:00:00,Pump_3,189310003,1.153,2.479,1.984,0.05051054098991362,True,Crítica
2025-11-26 04:30:00,Pump_3,189310003,1.17,2.484,1.975,0.05076242075161477,True,Crítica
2025-11-26 05:00:00,Pump_3,189310003,1.169,2.477,1.983,0.05101350767761438,True,Crítica
2025-11-26 05:30:00,Pump_3,189310003,1.167,2.472,1.983,0.0512566826203702,True,Crítica
2025-11-26 06:00:00,Pump_3,189310003,1.164,2.476,1.977,0.051436202243892976,True,Crítica
2025-11-26 06:30:00,Pump_3,189310003,1.162,2.479,1.976,0.05152821098931133,True,Crítica
2025-11-26 07:00:00,Pump_3,189310003,1.163,3.042,1.976,0.05155471198724383,True,Crítica
2025-11-26 07:30:00,Pump_3,189310003,1.158,2.485,1.985,0.054492141102376976,True,Crítica
2025-11-26 08:00:00,Pump_3,189310003,1.16,2.488,1.98,0.054829808783917154,True,Crítica
2025-11-26 08:30:00,Pump_3,189310003,1.159,2.489,1.985,0.05503545333623617,True,Crítica
2025-11-26 09:00:00,Pump_3,189310003,1.165,2.483,1.983,0.055323038287045614,True,Crítica
2025-11-26 09:30:00,Pump_3,189310003,1.156,2.483,1.97,0.05551861724250929,True,Crítica
2025-11-26 10:00:00,Pump_3,189310003,1.158,2.49,1.982,0.05555002748623345,True,Crítica
2025-11-26 10:30:00,Pump_3,189310003,1.156,2.48,1.98,0.055830475153036976,True,Crítica
2025-11-26 11:00:00,Pump_3,189310003,1.17,2.49,1.983,0.05609845276959476,True,Crítica
2025-11-26 11:30:00,Pump_3,189310003,1.164,2.487,1.98,0.056298766140121845,True,Crítica
2025-11-26 12:00:00,Pump_3,189310003,1.166,2.489,1.966,0.05630847477527934,True,Crítica
2025-11-26 12:30:00,Pump_3,189310003,1.167,2.492,1.972,0.056324356256345784,True,Crítica
2025-11-26 13:00:00,Pump_3,189310003,1.155,2.495,1.965,0.05626357790794328,True,Crítica
2025-11-26 13:30:00,Pump_3,189310003,1.155,2.485,1.969,0.056338872700150984,True,Crítica
2025-11-26 14:00:00,Pump_3,189310003,1.16,2.484,1.961,0.0563999366587113,True,Crítica
2025-11-26 14:30:00,Pump_3,189310003,1.154,2.479,1.977,0.056211495407535415,True,Crítica
2025-11-26 15:00:00,Pump_3,189310003,1.161,2.494,1.977,0.056300707580527326,True,Crítica
2025-11-26 15:30:00,Pump_3,189310003,1.17,2.488,1.959,0.05643639519404848,True,Crítica
2025-11-26 16:00:00,Pump_3,189310003,1.168,2.479,1.959,0.05629456532069864,True,Crítica
2025-11-26 16:30:00,Pump_3,189310003,1.158,2.478,1.96,0.05602753782787192,True,Crítica
2025-11-26 17:00:00,Pump_3,189310003,1.161,2.492,1.967,0.05596516526361517,True,Crítica
2025-11-26 17:30:00,Pump_3,189310003,1.164,2.483,1.961,0.055976902693890156,True,Crítica
2025-11-26 18:00:00,Pump_3,189310003,1.159,2.487,1.966,0.05588881963357692,True,Crítica
2025-11-26 18:30:00,Pump_3,189310003,1.164,2.486,1.961,0.05588183045804021,True,Crítica
2025-11-26 19:00:00,Pump_3,189310003,1.16,2.492,1.971,0.055766944808447065,True,Crítica
2025-11-26 19:30:00,Pump_3,189310003,1.158,2.483,1.97,0.052836033907561246,True,Crítica
2025-11-26 20:00:00,Pump_3,189310003,1.163,2.489,1.964,0.052745546709459884,True,Crítica
2025-11-26 20:30:00,Pump_3,189310003,1.169,2.495,1.967,0.05263348599101298,True,Crítica
2025-11-26 21:00:00,Pump_3,189310003,1.153,2.486,1.95,0.052483369600488924,True,Crítica
2025-11-26 21:30:00,Pump_3,189310003,1.168,2.482,1.962,0.05237764387825547,True,Crítica
2025-11-26 22:00:00,Pump_3,189310003,1.153,2.497,1.955,0.05224135855411173,True,Crítica
2025-11-26 22:30:00,Pump_3,189310003,1.166,2.492,1.951,0.052149096123539546,True,Crítica
2025-11-26 23:00:00,Pump_3,189310003,1.161,2.498,1.947,0.05195586172917662,True,Crítica
2025-11-26 23:30:00,Pump_3,189310003,1.154,2.492,1.951,0.05182016109510496,True,Crítica
2025-11-27 00:00:00,Pump_3,189310003,1.158,2.487,1.962,0.0517353456281146,True,Crítica
2025-11-27 00:30:00,Pump_3,189310003,1.164,2.497,1.956,0.05175861566150413,True,Crítica
2025-11-27 01:00:00,Pump_3,189310003,1.169,2.501,1.953,0.051701775057321535,True,Crítica
2025-11-27 01:30:00,Pump_3,189310003,1.152,2.501,1.957,0.05156203231693385,True,Crítica
2025-11-27 02:00:00,Pump_3,189310003,1.632,2.494,1.955,0.05160730694301194,True,Crítica
2025-11-27 02:30:00,Pump_3,189310003,1.152,2.502,1.959,0.05501063398128397,True,Crítica
2025-11-27 03:00:00,Pump_3,189310003,1.158,2.488,1.946,0.05506565220799142,True,Crítica
2025-11-27 03:30:00,Pump_3,189310003,1.166,2.498,1.954,0.05489461004266688,True,Crítica
2025-11-27 04:00:00,Pump_3,189310003,1.153,2.502,1.941,0.0549803737947524,True,Crítica
2025-11-27 04:30:00,Pump_3,189310003,1.151,2.504,1.952,0.055148955567560914,True,Crítica
2025-11-27 05:00:00,Pump_3,189310003,1.152,2.498,1.949,0.055364995075233264,True,Crítica
2025-11-27 05:30:00,Pump_3,189310003,1.169,2.505,1.938,0.05544064135323909,True,Crítica
2025-11-27 06:00:00,Pump_3,189310003,1.167,2.496,1.952,0.055461436566820926,True,Crítica
2025-11-27 06:30:00,Pump_3,189310003,1.155,2.494,1.947,0.05547210459636794,True,Crítica
2025-11-27 07:00:00,Pump_3,189310003,1.169,2.489,1.942,0.05560409471165781,True,Crítica
2025-11-27 07:30:00,Pump_3,189310003,1.167,2.504,1.947,0.05545263918420284,True,Crítica
2025-11-27 08:00:00,Pump_3,189310003,1.155,2.493,1.938,0.05546066962146708,True,Crítica
2025-11-27 08:30:00,Pump_3,189310003,1.163,2.501,1.941,0.055472699540554365,True,Crítica
2025-11-27 09:00:00,Pump_3,189310003,1.162,2.508,1.936,0.05546280571026443,True,Crítica
2025-11-27 09:30:00,Pump_3,189310003,1.162,2.503,1.949,0.055489109600468704,True,Crítica
2025-11-27 10:00:00,Pump_3,189310003,1.16,2.507,1.949,0.05561211232013144,True,Crítica
2025-11-27 10:30:00,Pump_3,189310003,1.161,2.492,1.936,0.055615955885007194,True,Crítica
2025-11-27 11:00:00,Pump_3,189310003,1.166,2.496,1.941,0.055566087734166776,True,Crítica
2025-11-27 11:30:00,Pump_3,189310003,1.155,2.51,1.944,0.05547099698092997,True,Crítica
2025-11-27 12:00:00,Pump_3,189310003,1.157,2.505,1.947,0.055490584360259554,True,Crítica
2025-11-27 12:30:00,Pump_3,189310003,1.154,2.508,1.931,0.05544927635939759,True,Crítica
2025-11-27 13:00:00,Pump_3,189310003,1.16,2.506,1.943,0.05532741638983419,True,Crítica
2025-11-27 13:30:00,Pump_3,189310003,1.168,2.495,1.941,0.05523118673432941,True,Crítica
2025-11-27 14:00:00,Pump_3,189310003,1.164,2.495,1.941,0.05496726759486963,True,Crítica
2025-11-27 14:30:00,Pump_3,189310003,1.164,2.496,1.938,0.050635146982086515,True,Crítica
2025-11-27 15:00:00,Pump_3,189310003,1.151,2.502,1.94,0.050406662378837556,True,Crítica
2025-11-27 15:30:00,Pump_3,189310003,1.153,2.507,1.936,0.05050707705807454,True,Crítica
2025-11-27 16:00:00,Pump_3,189310003,1.154,2.497,1.934,0.05053453353120689,True,Crítica
2025-11-27 16:30:00,Pump_3,189310003,1.164,2.508,1.921,0.050470563219327295,True,Crítica
2025-11-27 17:00:00,Pump_3,189310003,1.167,2.511,1.939,0.050203824129505734,True,Crítica
2025-11-27 17:30:00,Pump_3,189310003,1.457,2.497,1.925,0.05010283381707528,True,Crítica
2025-11-27 18:00:00,Pump_3,189310003,1.169,2.512,1.929,0.052080927082937746,True,Crítica
2025-11-27 18:30:00,Pump_3,189310003,1.157,2.508,1.919,0.052009568968024396,True,Crítica
2025-11-27 19:00:00,Pump_3,189310003,1.161,2.514,1.925,0.05191708554915592,True,Crítica
2025-11-27 19:30:00,Pump_3,189310003,1.164,2.513,1.919,0.05202079147342452,True,Crítica
2025-11-27 20:00:00,Pump_3,189310003,1.16,2.503,1.932,0.05194826857902041,True,Crítica
2025-11-27 20:30:00,Pump_3,189310003,1.15,2.513,1.929,0.05199089765936344,True,Crítica
2025-11-27 21:00:00,Pump_3,189310003,1.153,2.508,1.914,0.0521419655683408,True,Crítica
2025-11-27 21:30:00,Pump_3,189310003,1.164,2.518,1.914,0.05213953246106284,True,Crítica
2025-11-27 22:00:00,Pump_3,189310003,1.162,2.518,1.921,0.052060967233306873,True,Crítica
2025-11-27 22:30:00,Pump_3,189310003,1.163,2.508,1.918,0.052015870337262834,True,Crítica
2025-11-27 23:00:00,Pump_3,189310003,1.165,2.518,1.928,0.05205582073517739,True,Crítica
2025-11-27 23:30:00,Pump_3,189310003,1.151,2.509,1.925,0.05217854019286062,True,Crítica
2025-11-28 00:00:00,Pump_3,189310003,1.169,2.518,1.928,0.052176363558034206,True,Crítica
2025-11-28 00:30:00,Pump_3,189310003,1.158,2.513,1.918,0.05211409024935906,True,Crítica
2025-11-28 01:00:00,Pump_3,189310003,1.167,2.506,1.923,0.05209048348988533,True,Crítica
2025-11-28 01:30:00,Pump_3,189310003,1.155,2.514,1.911,0.051963003315975156,True,Crítica
2025-11-28 02:00:00,Pump_3,189310003,1.156,2.502,1.919,0.051994009926162085,True,Crítica
2025-11-28 02:30:00,Pump_3,189310003,1.167,2.514,1.912,0.0519697644105481,True,Crítica
2025-11-28 03:00:00,Pump_3,189310003,1.163,2.503,1.917,0.051868152679737586,True,Crítica
2025-11-28 03:30:00,Pump_3,189310003,1.161,2.514,1.919,0.05163007403622941,True,Crítica
2025-11-28 04:00:00,Pump_3,189310003,1.16,2.517,1.909,0.05146174464833166,True,Crítica
2025-11-28 04:30:00,Pump_3,189310003,1.157,2.518,1.92,0.05129750852497695,True,Crítica
2025-11-28 05:00:00,Pump_3,189310003,1.153,2.51,1.914,0.05129706264035391,True,Crítica
2025-11-28 05:30:00,Pump_3,189310003,1.155,2.511,1.902,0.05122004248286339,True,Crítica
2025-11-28 06:00:00,Pump_3,189310003,1.159,2.523,1.91,0.048447578766233124,True,Leve
2025-11-28 06:30:00,Pump_3,189310003,1.162,2.525,1.913,0.048442378015361234,True,Leve
2025-11-28 07:00:00,Pump_3,189310003,1.156,2.512,1.912,0.048462744479366576,True,Leve
2025-11-28 07:30:00,Pump_3,189310003,1.164,2.528,1.91,0.048410182149825426,True,Leve
2025-11-28 08:00:00,Pump_3,189310003,1.165,2.52,1.902,0.04842759716311327,True,Leve
2025-11-28 08:30:00,Pump_3,189310003,1.166,2.528,1.901,0.04829436869102836,True,Leve
2025-11-28 09:00:00,Pump_3,189310003,1.156,2.525,1.904,0.04809072122590737,True,Leve
2025-11-28 09:30:00,Pump_3,189310003,1.16,2.515,1.896,0.04810220542963687,True,Leve
2025-11-28 10:00:00,Pump_3,189310003,1.163,2.524,1.903,0.047989894399222494,True,Leve
2025-11-28 10:30:00,Pump_3,189310003,1.173,2.522,1.912,0.04788811530807172,True,Leve
2025-11-28 11:00:00,Pump_3,189310003,1.176,2.528,1.896,0.04791352918950346,True,Leve
2025-11-28 11:30:00,Pump_3,189310003,1.178,2.526,1.896,0.047807779793390646,True,Leve
2025-11-28 12:00:00,Pump_3,189310003,1.172,2.529,1.897,0.047741922789582544,True,Leve
2025-11-28 12:30:00,Pump_3,189310003,1.163,2.536,1.897,0.04765251938181376,True,Leve
2025-11-28 13:00:00,Pump_3,189310003,1.167,2.532,1.892,0.047642341242759075,True,Leve
2025-11-28 13:30:00,Pump_3,189310003,1.163,2.528,1.899,0.04759945847831915,True,Leve
2025-11-28 14:00:00,Pump_3,189310003,1.175,2.526,1.895,0.04754086071652872,True,Leve
2025-11-28 14:30:00,Pump_3,189310003,1.178,2.539,1.893,0.04758259623246356,True,Leve
2025-11-28 15:00:00,Pump_3,189310003,1.181,2.537,1.893,0.04767854745031977,True,Leve
2025-11-28 15:30:00,Pump_3,189310003,1.183,2.538,1.906,0.04783542996972716,True,Leve
2025-11-28 16:00:00,Pump_3,189310003,1.182,2.525,1.897,0.04800773861970761,True,Leve
2025-11-28 16:30:00,Pump_3,189310003,1.179,2.531,1.9,0.04804981977269408,True,Leve
2025-11-28 17:00:00,Pump_3,189310003,1.178,2.542,1.892,0.04803418279837969,True,Leve
2025-11-28 17:30:00,Pump_3,189310003,1.181,2.544,1.902,0.048023012891333344,True,Leve
2025-11-28 18:00:00,Pump_3,189310003,1.183,2.535,1.893,0.04815895635609525,True,Leve
2025-11-28 18:30:00,Pump_3,189310003,1.182,2.53,1.89,0.04814791361237598,True,Leve
2025-11-28 19:00:00,Pump_3,189310003,1.181,2.528,1.89,0.04808815405234921,True,Leve
2025-11-28 19:30:00,Pump_3,189310003,1.186,2.544,1.9,0.04803750116591752,True,Leve
2025-11-28 20:00:00,Pump_3,189310003,1.172,2.534,1.899,0.04814519119419521,True,Leve
2025-11-28 20:30:00,Pump_3,189310003,1.641,2.543,1.889,0.04814487640752464,True,Leve
2025-11-28 21:00:00,Pump_3,189310003,1.188,2.538,1.885,0.051415875045141134,True,Crítica
2025-11-28 21:30:00,Pump_3,189310003,1.183,2.545,1.883,0.05105546297004853,True,Crítica
2025-11-28 22:00:00,Pump_3,189310003,1.179,2.538,1.899,0.0507900780136228,True,Crítica
2025-11-28 22:30:00,Pump_3,189310003,1.192,2.544,1.899,0.05059159391678224,True,Crítica
2025-11-28 23:00:00,Pump_3,189310003,1.185,2.546,1.897,0.05048281142181705,True,Crítica
2025-11-28 23:30:00,Pump_3,189310003,1.188,2.546,1.889,0.05026904097282318,True,Crítica
2025-11-29 00:00:00,Pump_3,189310003,1.192,2.538,1.879,0.050025636934319544,True,Crítica
2025-11-29 00:30:00,Pump_3,189310003,1.196,2.542,1.889,0.04977654408333135,True,Crítica
2025-11-29 01:00:00,Pump_3,189310003,1.186,2.556,1.893,0.049618852892123914,True,Crítica
2025-11-29 01:30:00,Pump_3,189310003,1.191,2.552,1.882,0.0495989792206966,True,Crítica
2025-11-29 02:00:00,Pump_3,189310003,1.194,2.543,1.894,0.04952401593231622,True,Crítica
2025-11-29 02:30:00,Pump_3,189310003,1.181,2.549,1.887,0.049593792036985926,True,Crítica
2025-11-29 03:00:00,Pump_3,189310003,1.186,2.55,1.891,0.04970757981780402,True,Crítica
2025-11-29 03:30:00,Pump_3,189310003,1.2,2.547,1.887,0.04984213870669342,True,Crítica
2025-11-29 04:00:00,Pump_3,189310003,1.19,2.558,1.88,0.04981780465798632,True,Crítica
2025-11-29 04:30:00,Pump_3,189310003,1.187,2.561,1.884,0.049859568651339004,True,Crítica
2025-11-29 05:00:00,Pump_3,189310003,1.185,2.56,1.875,0.04991917770157292,True,Crítica
2025-11-29 05:30:00,Pump_3,189310003,1.203,2.551,1.881,0.04993271408145747,True,Crítica
2025-11-29 06:00:00,Pump_3,189310003,1.202,2.556,1.879,0.04986530736923789,True,Crítica
2025-11-29 06:30:00,Pump_3,189310003,1.196,2.561,1.874,0.049867788377041845,True,Crítica
2025-11-29 07:00:00,Pump_3,189310003,1.197,2.56,1.883,0.04995802297213656,True,Crítica
2025-11-29 07:30:00,Pump_3,189310003,1.2,2.559,1.887,0.050179792957109365,True,Crítica
2025-11-29 08:00:00,Pump_3,189310003,1.198,2.552,1.876,0.050391169153496985,True,Crítica
2025-11-29 08:30:00,Pump_3,189310003,1.205,2.556,1.871,0.050844917336931916,True,Crítica
2025-11-29 09:00:00,Pump_3,189310003,1.206,2.569,1.884,0.05030654369173593,True,Crítica
2025-11-29 09:30:00,Pump_3,189310003,1.206,2.555,1.882,0.05061478597104481,True,Crítica
2025-11-29 10:00:00,Pump_3,189310003,1.207,2.565,1.875,0.05080985546664513,True,Crítica
2025-11-29 10:30:00,Pump_3,189310003,1.194,2.554,1.875,0.05111310997355254,True,Crítica
2025-11-29 11:00:00,Pump_3,189310003,1.199,2.565,1.88,0.05119092344057122,True,Crítica
2025-11-29 11:30:00,Pump_3,189310003,1.202,2.568,1.881,0.0513649661631928,True,Crítica
2025-11-29 12:00:00,Pump_3,189310003,1.201,2.562,1.881,0.051556136879384026,True,Crítica
2025-11-29 12:30:00,Pump_3,189310003,1.194,2.569,1.87,0.05174581570726985,True,Crítica
2025-11-29 13:00:00,Pump_3,189310003,1.206,2.567,1.869,0.05182552479282355,True,Crítica
2025-11-29 13:30:00,Pump_3,189310003,1.196,2.574,1.862,0.05189150729308625,True,Crítica
2025-11-29 14:00:00,Pump_3,189310003,1.201,2.564,1.877,0.05187934443144063,True,Crítica
2025-11-29 14:30:00,Pump_3,189310003,1.205,2.57,1.875,0.05201083785089169,True,Crítica
2025-11-29 15:00:00,Pump_3,189310003,1.199,2.573,1.868,0.052156600803878496,True,Crítica
2025-11-29 15:30:00,Pump_3,189310003,1.2,2.578,1.861,0.052223446127835,True,Crítica
2025-11-29 16:00:00,Pump_3,189310003,1.201,2.579,1.876,0.05227607975623551,True,Crítica
2025-11-29 16:30:00,Pump_3,189310003,1.211,2.572,1.87,0.05239641165885486,True,Crítica
2025-11-29 17:00:00,Pump_3,189310003,1.209,2.564,2.335,0.052523617260695966,True,Crítica
2025-11-29 17:30:00,Pump_3,189310003,1.212,2.564,1.876,0.05568078700349804,True,Crítica
2025-11-29 18:00:00,Pump_3,189310003,1.213,2.584,1.867,0.05586125411849721,True,Crítica
2025-11-29 18:30:00,Pump_3,189310003,1.22,2.58,1.866,0.0560177107156952,True,Crítica
2025-11-29 19:00:00,Pump_3,189310003,1.222,2.583,1.863,0.05612729150818812,True,Crítica
2025-11-29 19:30:00,Pump_3,189310003,1.217,2.573,1.863,0.05617470928768774,True,Crítica
2025-11-29 20:00:00,Pump_3,189310003,1.205,2.574,1.87,0.05604080471117374,True,Crítica
2025-11-29 20:30:00,Pump_3,189310003,1.22,2.571,1.858,0.055836514093166145,True,Crítica
2025-11-29 21:00:00,Pump_3,189310003,1.206,2.578,1.859,0.055555742952244795,True,Crítica
2025-11-29 21:30:00,Pump_3,189310003,1.223,2.579,1.855,0.05505123523583704,True,Crítica
2025-11-29 22:00:00,Pump_3,189310003,1.216,2.584,1.867,0.054665136245024365,True,Crítica
2025-11-29 22:30:00,Pump_3,189310003,1.222,2.581,1.868,0.05423821604037153,True,Crítica
2025-11-29 23:00:00,Pump_3,189310003,1.221,2.578,1.852,0.0539282318155767,True,Crítica
2025-11-29 23:30:00,Pump_3,189310003,1.214,2.593,1.857,0.053439397659419234,True,Crítica
2025-11-30 00:00:00,Pump_3,189310003,1.226,2.579,1.857,0.05302011555401148,True,Crítica
2025-11-30 00:30:00,Pump_3,189310003,1.219,2.594,1.852,0.0527142642703531,True,Crítica
2025-11-30 01:00:00,Pump_3,189310003,1.215,2.576,1.849,0.05247479595710371,True,Crítica
2025-11-30 01:30:00,Pump_3,189310003,1.231,2.578,1.85,0.05220459300968976,True,Crítica
2025-11-30 02:00:00,Pump_3,189310003,1.223,3.143,1.853,0.0521888749923112,True,Crítica
2025-11-30 02:30:00,Pump_3,189310003,1.219,2.598,1.863,0.0551730458119502,True,Crítica
2025-11-30 03:00:00,Pump_3,189310003,1.215,2.59,1.862,0.05564450095376169,True,Crítica
2025-11-30 03:30:00,Pump_3,189310003,1.233,2.584,1.861,0.05622051475273972,True,Crítica
2025-11-30 04:00:00,Pump_3,189310003,1.224,2.583,1.857,0.057060377728042164,True,Crítica
2025-11-30 04:30:00,Pump_3,189310003,1.217,2.601,1.85,0.05795369424004748,True,Crítica
2025-11-30 05:00:00,Pump_3,189310003,1.217,2.587,1.849,0.05897424876105006,True,Crítica
2025-11-30 05:30:00,Pump_3,189310003,1.229,2.586,1.846,0.0564250405781778,True,Crítica
2025-11-30 06:00:00,Pump_3,189310003,1.22,2.601,1.845,0.05628352209448981,True,Crítica
2025-11-30 06:30:00,Pump_3,189310003,1.223,2.598,1.851,0.05616016273877644,True,Crítica
2025-11-30 07:00:00,Pump_3,189310003,1.234,2.598,1.844,0.05600469059567667,True,Crítica
2025-11-30 07:30:00,Pump_3,189310003,1.218,2.59,1.845,0.05579265758550094,True,Crítica
2025-11-30 08:00:00,Pump_3,189310003,1.235,2.594,1.849,0.05527364569668653,True,Crítica
2025-11-30 08:30:00,Pump_3,189310003,1.23,2.6,1.858,0.05469751892338302,True,Crítica
2025-11-30 09:00:00,Pump_3,189310003,1.23,2.606,1.849,0.05429364362451485,True,Crítica
2025-11-30 09:30:00,Pump_3,189310003,1.221,2.59,1.857,0.05378532314508441,True,Crítica
2025-11-30 10:00:00,Pump_3,189310003,1.232,2.592,1.842,0.05341776436697249,True,Crítica
2025-11-30 10:30:00,Pump_3,189310003,1.233,2.61,1.847,0.05306128682940525,True,Crítica
2025-11-30 11:00:00,Pump_3,189310003,1.224,2.607,1.854,0.05288235156808371,True,Crítica
2025-11-30 11:30:00,Pump_3,189310003,1.231,2.595,1.851,0.052853406218996285,True,Crítica
2025-11-30 12:00:00,Pump_3,189310003,1.226,2.602,1.855,0.05279589872514247,True,Crítica
2025-11-30 12:30:00,Pump_3,189310003,1.228,2.599,1.857,0.05289334455288483,True,Crítica
2025-11-30 13:00:00,Pump_3,189310003,1.226,2.607,1.846,0.05286950187319534,True,Crítica
2025-11-30 13:30:00,Pump_3,189310003,1.222,2.61,1.859,0.0529500480805111,True,Crítica
2025-11-30 14:00:00,Pump_3,189310003,1.223,2.599,1.857,0.053019908532690736,True,Crítica
2025-11-30 14:30:00,Pump_3,189310003,1.217,2.599,1.86,0.05140080287947985,True,Crítica
2025-11-30 15:00:00,Pump_3,189310003,1.213,2.609,1.847,0.05117649687891171,True,Crítica
2025-11-30 15:30:00,Pump_3,189310003,1.22,2.615,1.855,0.05099656997215334,True,Crítica
2025-11-30 16:00:00,Pump_3,189310003,1.209,2.617,1.853,0.05092537822450369,True,Crítica
2025-11-30 16:30:00,Pump_3,189310003,1.219,2.605,1.856,0.05099359948425249,True,Crítica
2025-11-30 17:00:00,Pump_3,189310003,1.223,2.605,1.855,0.051008329347525555,True,Crítica
2025-11-30 17:30:00,Pump_3,189310003,1.209,2.62,1.852,0.051099976898659555,True,Crítica
2025-11-30 18:00:00,Pump_3,189310003,1.209,2.604,1.867,0.051382949937127186,True,Crítica
2025-11-30 18:30:00,Pump_3,189310003,1.208,2.618,1.862,0.05168456414636125,True,Crítica
2025-11-30 19:00:00,Pump_3,189310003,1.216,2.612,1.867,0.05201020111208429,True,Crítica
2025-11-30 19:30:00,Pump_3,189310003,1.205,2.621,1.861,0.05229594253706747,True,Crítica
2025-11-30 20:00:00,Pump_3,189310003,1.201,2.621,1.867,0.05273474353294368,True,Crítica
2025-11-30 20:30:00,Pump_3,189310003,1.205,2.621,1.871,0.05315585842906456,True,Crítica
2025-11-30 21:00:00,Pump_3,189310003,1.212,2.609,1.862,0.053491834815493966,True,Crítica
2025-11-30 21:30:00,Pump_3,189310003,1.202,2.609,1.855,0.0536619690990289,True,Crítica
2025-11-30 22:00:00,Pump_3,189310003,1.21,2.614,1.854,0.053900021174463845,True,Crítica
2025-11-30 22:30:00,Pump_3,189310003,1.207,2.626,1.872,0.05410809597767889,True,Crítica
2025-11-30 23:00:00,Pump_3,189310003,1.21,2.619,1.869,0.05439524313381963,True,Crítica
2025-11-30 23:30:00,Pump_3,189310003,1.2,2.626,1.854,0.05458101297730437,True,Crítica
2025-12-01 00:00:00,Pump_3,189310003,1.199,2.617,1.87,0.05487337146282703,True,Crítica
2025-12-01 00:30:00,Pump_3,189310003,1.195,2.621,1.869,0.05517692855831754,True,Crítica
2025-12-01 01:00:00,Pump_3,189310003,1.198,2.63,1.859,0.05547789004506604,True,Crítica
2025-12-01 01:30:00,Pump_3,189310003,1.193,2.632,1.863,0.05581183670111248,True,Crítica
2025-12-01 02:00:00,Pump_3,189310003,1.207,2.617,1.865,0.056052740921538585,True,Crítica
2025-12-01 02:30:00,Pump_3,189310003,1.209,2.619,1.871,0.0562421123769683,True,Crítica
2025-12-01 03:00:00,Pump_3,189310003,1.205,2.635,1.857,0.056479532330175566,True,Crítica
2025-12-01 03:30:00,Pump_3,189310003,1.2,2.625,1.858,0.05683274773684718,True,Crítica
2025-12-01 04:00:00,Pump_3,189310003,1.207,2.631,1.877,0.05706656258736699,True,Crítica
2025-12-01 04:30:00,Pump_3,189310003,1.191,2.623,1.859,0.05750669690751499,True,Crítica
2025-12-01 05:00:00,Pump_3,189310003,1.196,2.637,1.87,0.05772596993877202,True,Crítica
2025-12-01 05:30:00,Pump_3,189310003,1.2,2.636,1.867,0.05808130627760401,True,Crítica
2025-12-01 06:00:00,Pump_3,189310003,1.187,2.633,1.876,0.058447908530085003,True,Crítica
2025-12-01 06:30:00,Pump_3,189310003,1.2,2.631,1.871,0.0586525899651308,True,Crítica
2025-12-01 07:00:00,Pump_3,189310003,1.191,2.624,1.866,0.05891212865947585,True,Crítica
2025-12-01 07:30:00,Pump_3,189310003,1.203,2.623,1.869,0.05898610578765637,True,Crítica
2025-12-01 08:00:00,Pump_3,189310003,1.199,2.628,1.88,0.059189005369170794,True,Crítica
2025-12-01 08:30:00,Pump_3,189310003,1.2,2.63,1.877,0.05937190884225564,True,Crítica
2025-12-01 09:00:00,Pump_3,189310003,1.193,2.641,1.872,0.05950309930630672,True,Crítica
2025-12-01 09:30:00,Pump_3,189310003,1.193,2.637,1.868,0.059712794649844816,True,Crítica
2025-12-01 10:00:00,Pump_3,189310003,1.2,2.634,1.865,0.0599372043233121,True,Crítica
2025-12-01 10:30:00,Pump_3,189310003,1.181,2.635,1.865,0.060225319124262496,True,Crítica
2025-12-01 11:00:00,Pump_3,189310003,1.181,2.641,1.873,0.06022077014576394,True,Crítica
2025-12-01 11:30:00,Pump_3,189310003,1.191,2.643,1.867,0.06031452574376117,True,Crítica
2025-12-01 12:00:00,Pump_3,189310003,1.188,2.646,1.875,0.060522280618867635,True,Crítica
2025-12-01 12:30:00,Pump_3,189310003,1.196,2.633,1.877,0.06062430030170972,True,Crítica
2025-12-01 13:00:00,Pump_3,189310003,1.187,2.642,1.867,0.06076037906792954,True,Crítica
2025-12-01 13:30:00,Pump_3,189310003,1.181,2.646,1.884,0.06094563249117649,True,Crítica
2025-12-01 14:00:00,Pump_3,189310003,1.193,2.636,1.872,0.06123028183921807,True,Crítica
2025-12-01 14:30:00,Pump_3,189310003,1.184,2.644,1.885,0.061454600910627155,True,Crítica
2025-12-01 15:00:00,Pump_3,189310003,1.19,2.644,1.884,0.061675585608517124,True,Crítica
2025-12-01 15:30:00,Pump_3,189310003,1.189,2.651,1.877,0.06209721727856681,True,Crítica
2025-12-01 16:00:00,Pump_3,189310003,1.173,2.64,1.87,0.0625094527379816,True,Crítica
2025-12-01 16:30:00,Pump_3,189310003,1.187,2.642,1.875,0.06258006549432886,True,Crítica
2025-12-01 17:00:00,Pump_3,189310003,1.19,2.646,1.873,0.06288396139892044,True,Crítica
2025-12-01 17:30:00,Pump_3,189310003,1.176,2.639,1.885,0.06311887514085358,True,Crítica
2025-12-01 18:00:00,Pump_3,189310003,1.183,2.643,1.881,0.06332565842485575,True,Crítica
2025-12-01 18:30:00,Pump_3,189310003,1.176,2.657,1.872,0.06346571209659821,True,Crítica
2025-12-01 19:00:00,Pump_3,189310003,1.175,2.651,1.885,0.06363862412632125,True,Crítica
2025-12-01 19:30:00,Pump_3,189310003,1.185,2.642,1.886,0.06390616751494238,True,Crítica
2025-12-01 20:00:00,Pump_3,189310003,1.172,2.648,1.884,0.06420978361461328,True,Crítica
2025-12-01 20:30:00,Pump_3,189310003,1.182,2.642,1.878,0.06429451621306456,True,Crítica
2025-12-01 21:00:00,Pump_3,189310003,1.184,2.662,1.883,0.06439915168660303,True,Crítica
2025-12-01 21:30:00,Pump_3,189310003,1.172,2.66,1.886,0.06466982985262816,True,Crítica
2025-12-01 22:00:00,Pump_3,189310003,1.168,2.644,1.889,0.06490992866850089,True,Crítica
2025-12-01 22:30:00,Pump_3,189310003,1.165,2.653,1.888,0.06511953713273425,True,Crítica
2025-12-01 23:00:00,Pump_3,189310003,1.177,2.647,1.88,0.06536722617721002,True,Crítica
2025-12-01 23:30:00,Pump_3,189310003,1.174,2.664,1.887,0.0655365475588133,True,Crítica
2025-12-02 00:00:00,Pump_3,189310003,1.169,2.661,1.878,0.06589644526086562,True,Crítica
2025-12-02 00:30:00,Pump_3,189310003,1.179,2.662,2.175,0.06607592342211471,True,Crítica
2025-12-02 01:00:00,Pump_3,189310003,1.164,2.657,1.878,0.06832135826948543,True,Crítica
2025-12-02 01:30:00,Pump_3,189310003,1.172,2.664,1.886,0.06853836383418486,True,Crítica
2025-12-02 02:00:00,Pump_3,189310003,1.17,2.668,1.892,0.0687469431299996,True,Crítica
2025-12-02 02:30:00,Pump_3,189310003,1.176,2.659,2.18,0.06910925508598768,True,Crítica
2025-12-02 03:00:00,Pump_3,189310003,1.158,2.662,1.878,0.0712173623830378,True,Crítica
2025-12-02 03:30:00,Pump_3,189310003,1.16,2.664,1.888,0.07120604174185004,True,Crítica
2025-12-02 04:00:00,Pump_3,189310003,1.162,3.187,1.883,0.0711612253502163,True,Crítica
2025-12-02 04:30:00,Pump_3,189310003,1.171,2.667,1.883,0.0737552948047695,True,Crítica
2025-12-02 05:00:00,Pump_3,189310003,1.158,2.659,1.897,0.07378581524856213,True,Crítica
2025-12-02 05:30:00,Pump_3,189310003,1.168,2.672,1.893,0.073720101692097,True,Crítica
2025-12-02 06:00:00,Pump_3,189310003,1.158,2.671,1.884,0.07379001969777113,True,Crítica
2025-12-02 06:30:00,Pump_3,189310003,1.17,2.668,1.895,0.07367529795495528,True,Crítica
2025-12-02 07:00:00,Pump_3,189310003,1.16,2.674,1.886,0.0736783637488618,True,Crítica
2025-12-02 07:30:00,Pump_3,189310003,1.165,2.662,1.885,0.07358452637121535,True,Crítica
2025-12-02 08:00:00,Pump_3,189310003,1.152,2.661,1.888,0.07348067814152191,True,Crítica
2025-12-02 08:30:00,Pump_3,189310003,1.168,2.659,1.894,0.07341211637898913,True,Crítica
2025-12-02 09:00:00,Pump_3,189310003,1.161,2.677,1.895,0.0734508337017966,True,Crítica
2025-12-02 09:30:00,Pump_3,189310003,1.164,2.661,1.884,0.0734242445507169,True,Crítica
2025-12-02 10:00:00,Pump_3,189310003,1.157,2.672,1.89,0.07335318129183589,True,Crítica
2025-12-02 10:30:00,Pump_3,189310003,1.15,2.679,1.895,0.07347205798717374,True,Crítica
2025-12-02 11:00:00,Pump_3,189310003,1.161,2.677,1.901,0.0737248931330104,True,Crítica
2025-12-02 11:30:00,Pump_3,189310003,1.151,2.674,1.903,0.0740461103963292,True,Crítica
2025-12-02 12:00:00,Pump_3,189310003,1.155,2.666,1.897,0.07431764120589637,True,Crítica
2025-12-02 12:30:00,Pump_3,189310003,1.148,2.664,1.908,0.07458001289023097,True,Crítica
2025-12-02 13:00:00,Pump_3,189310003,1.162,2.676,1.905,0.07384083260562771,True,Crítica
2025-12-02 13:30:00,Pump_3,189310003,1.161,2.678,1.901,0.07411457280904944,True,Crítica
2025-12-02 14:00:00,Pump_3,189310003,1.147,3.261,1.911,0.07429943994884675,True,Crítica
2025-12-02 14:30:00,Pump_3,189310003,1.154,2.668,1.897,0.07746990031537113,True,Crítica
2025-12-02 15:00:00,Pump_3,189310003,1.145,2.674,1.907,0.07609050059376883,True,Crítica
2025-12-02 15:30:00,Pump_3,189310003,1.158,2.683,1.909,0.07656008699259109,True,Crítica
2025-12-02 16:00:00,Pump_3,189310003,1.153,2.676,1.904,0.07692774704810132,True,Crítica
2025-12-02 16:30:00,Pump_3,189310003,1.141,2.668,1.907,0.07459191503161242,True,Crítica
2025-12-02 17:00:00,Pump_3,189310003,1.157,2.67,1.912,0.07482461250240265,True,Crítica
2025-12-02 17:30:00,Pump_3,189310003,1.149,2.677,1.916,0.07512860256488677,True,Crítica
2025-12-02 18:00:00,Pump_3,189310003,1.149,2.679,1.902,0.07532686681150763,True,Crítica
2025-12-02 18:30:00,Pump_3,189310003,1.141,2.676,1.906,0.07551882164593104,True,Crítica
2025-12-02 19:00:00,Pump_3,189310003,1.148,2.682,1.918,0.07566304755093323,True,Crítica
2025-12-02 19:30:00,Pump_3,189310003,1.142,2.671,1.919,0.07588377537425416,True,Crítica
2025-12-02 20:00:00,Pump_3,189310003,1.151,2.684,1.917,0.07611774879376015,True,Crítica
2025-12-02 20:30:00,Pump_3,189310003,1.153,2.682,1.92,0.07641257922450749,True,Crítica
2025-12-02 21:00:00,Pump_3,189310003,1.14,2.68,1.925,0.07659684048509004,True,Crítica
2025-12-02 21:30:00,Pump_3,189310003,1.147,2.669,1.921,0.07674307360118236,True,Crítica
2025-12-02 22:00:00,Pump_3,189310003,1.142,2.673,1.917,0.07685441972434945,True,Crítica
2025-12-02 22:30:00,Pump_3,189310003,1.14,2.676,1.91,0.07694283654564114,True,Crítica
2025-12-02 23:00:00,Pump_3,189310003,1.144,2.687,1.914,0.07700113401724537,True,Crítica
2025-12-02 23:30:00,Pump_3,189310003,1.134,2.689,1.922,0.07701498900531784,True,Crítica
2025-12-03 00:00:00,Pump_3,189310003,1.139,2.686,1.924,0.07722857525472077,True,Crítica
2025-12-03 00:30:00,Pump_3,189310003,1.144,2.689,1.928,0.07742225400223872,True,Crítica
2025-12-03 01:00:00,Pump_3,189310003,1.137,2.678,1.922,0.077647950694153,True,Crítica
2025-12-03 01:30:00,Pump_3,189310003,1.141,2.688,1.926,0.07762775108256198,True,Crítica
2025-12-03 02:00:00,Pump_3,189310003,1.14,2.674,1.931,0.07767362211303487,True,Crítica
2025-12-03 02:30:00,Pump_3,189310003,1.128,2.689,1.931,0.07428546370311245,True,Crítica
2025-12-03 03:00:00,Pump_3,189310003,1.129,2.681,1.935,0.07461617807878598,True,Crítica
2025-12-03 03:30:00,Pump_3,189310003,1.127,2.693,1.937,0.0749158944145816,True,Crítica
2025-12-03 04:00:00,Pump_3,189310003,1.13,2.677,1.923,0.07517030288995145,True,Crítica
2025-12-03 04:30:00,Pump_3,189310003,1.132,2.689,1.921,0.07530592232278294,True,Crítica
2025-12-03 05:00:00,Pump_3,189310003,1.129,2.685,1.924,0.07557268238596827,True,Crítica
2025-12-03 05:30:00,Pump_3,189310003,1.124,2.681,1.931,0.07573017257491926,True,Crítica
2025-12-03 06:00:00,Pump_3,189310003,1.129,2.681,1.927,0.07594856816824799,True,Crítica
2025-12-03 06:30:00,Pump_3,189310003,1.131,2.687,1.935,0.07613866698549598,True,Crítica
2025-12-03 07:00:00,Pump_3,189310003,1.132,2.677,1.931,0.07644541104787371,True,Crítica
2025-12-03 07:30:00,Pump_3,189310003,1.124,2.687,1.936,0.07651594689740002,True,Crítica
2025-12-03 08:00:00,Pump_3,189310003,1.127,2.681,1.947,0.07684232948334674,True,Crítica
2025-12-03 08:30:00,Pump_3,189310003,1.137,2.687,1.945,0.07704777057983614,True,Crítica
2025-12-03 09:00:00,Pump_3,189310003,1.13,2.697,1.932,0.0771570238783583,True,Crítica
2025-12-03 09:30:00,Pump_3,189310003,1.133,2.696,1.941,0.07736377347540063,True,Crítica
2025-12-03 10:00:00,Pump_3,189310003,1.133,2.695,1.945,0.07760685283399567,True,Crítica
2025-12-03 10:30:00,Pump_3,189310003,1.135,2.686,1.936,0.07785425628479073,True,Crítica
2025-12-03 11:00:00,Pump_3,189310003,1.128,2.685,1.948,0.0780272420696305,True,Crítica
2025-12-03 11:30:00,Pump_3,189310003,1.121,2.688,1.951,0.07823444846728246,True,Crítica
2025-12-03 12:00:00,Pump_3,189310003,1.131,2.684,1.955,0.07854726030498911,True,Crítica
2025-12-03 12:30:00,Pump_3,189310003,1.126,2.693,1.937,0.07878444868759608,True,Crítica
2025-12-03 13:00:00,Pump_3,189310003,1.128,2.697,1.952,0.07889201550863856,True,Crítica
2025-12-03 13:30:00,Pump_3,189310003,1.12,2.699,1.949,0.07920833102603315,True,Crítica
2025-12-03 14:00:00,Pump_3,189310003,1.126,2.683,1.944,0.07940509476585496,True,Crítica
2025-12-03 14:30:00,Pump_3,189310003,1.119,2.688,1.957,0.07945362535876263,True,Crítica
2025-12-03 15:00:00,Pump_3,189310003,1.112,2.683,1.949,0.07968347122812379,True,Crítica
2025-12-03 15:30:00,Pump_3,189310003,1.12,2.701,1.953,0.07987531010957513,True,Crítica
2025-12-03 16:00:00,Pump_3,189310003,1.122,2.69,1.959,0.08009731793723973,True,Crítica
2025-12-03 16:30:00,Pump_3,189310003,1.125,2.684,1.955,0.0804523938684494,True,Crítica
2025-12-03 17:00:00,Pump_3,189310003,1.108,2.685,1.965,0.08059810128960447,True,Crítica
2025-12-03 17:30:00,Pump_3,189310003,1.114,2.685,1.961,0.08091724705478964,True,Crítica
2025-12-03 18:00:00,Pump_3,189310003,1.111,2.697,1.953,0.08123626736985158,True,Crítica
2025-12-03 18:30:00,Pump_3,189310003,1.11,2.702,1.951,0.08160550213936912,True,Crítica
2025-12-03 19:00:00,Pump_3,189310003,1.11,2.69,1.958,0.08191811426682255,True,Crítica
2025-12-03 19:30:00,Pump_3,189310003,1.107,2.701,1.971,0.0821920132453409,True,Crítica
2025-12-03 20:00:00,Pump_3,189310003,1.117,2.696,1.956,0.08264308866678638,True,Crítica
2025-12-03 20:30:00,Pump_3,189310003,1.117,2.697,1.959,0.082935098470991,True,Crítica
2025-12-03 21:00:00,Pump_3,189310003,1.119,2.699,1.969,0.08308469517398945,True,Crítica
2025-12-03 21:30:00,Pump_3,189310003,1.107,2.693,1.957,0.08339538629802574,True,Crítica
2025-12-03 22:00:00,Pump_3,189310003,1.103,2.704,1.969,0.08365799073971816,True,Crítica
2025-12-03 22:30:00,Pump_3,189310003,1.12,2.705,1.961,0.08405401552105979,True,Crítica
2025-12-03 23:00:00,Pump_3,189310003,1.115,2.687,1.967,0.08427221961685877,True,Crítica
2025-12-03 23:30:00,Pump_3,189310003,1.107,2.692,1.965,0.08445253186924344,True,Crítica
2025-12-04 00:00:00,Pump_3,189310003,1.109,2.692,1.972,0.08472825301548176,True,Crítica
2025-12-04 00:30:00,Pump_3,189310003,1.102,2.692,1.966,0.08496217288878567,True,Crítica
2025-12-04 01:00:00,Pump_3,189310003,1.108,2.698,1.964,0.08530758235180375,True,Crítica
2025-12-04 01:30:00,Pump_3,189310003,1.113,2.704,1.968,0.08548150403350208,True,Crítica
2025-12-04 02:00:00,Pump_3,189310003,1.097,2.697,1.965,0.08565488980696438,True,Crítica
2025-12-04 02:30:00,Pump_3,189310003,1.11,2.69,1.981,0.08605802839440505,True,Crítica
2025-12-04 03:00:00,Pump_3,189310003,1.11,2.7,1.97,0.08628776398748639,True,Crítica
2025-12-04 03:30:00,Pump_3,189310003,1.094,2.692,1.983,0.08650818843122327,True,Crítica
2025-12-04 04:00:00,Pump_3,189310003,1.11,2.695,1.97,0.08683208457184949,True,Crítica
2025-12-04 04:30:00,Pump_3,189310003,1.107,2.709,1.985,0.08701067509695234,True,Crítica
2025-12-04 05:00:00,Pump_3,189310003,1.103,2.698,1.976,0.08746124956732938,True,Crítica
2025-12-04 05:30:00,Pump_3,189310003,1.111,2.702,1.99,0.087636236624955,True,Crítica
2025-12-04 06:00:00,Pump_3,189310003,1.1,2.705,1.986,0.08792490148027728,True,Crítica
2025-12-04 06:30:00,Pump_3,189310003,1.103,2.703,1.978,0.08822802136366735,True,Crítica
2025-12-04 07:00:00,Pump_3,189310003,1.105,2.711,1.98,0.08841544702117529,True,Crítica
2025-12-04 07:30:00,Pump_3,189310003,1.1,2.696,1.983,0.08867684022072202,True,Crítica
2025-12-04 08:00:00,Pump_3,189310003,1.094,2.707,1.986,0.08876488213818196,True,Crítica
2025-12-04 08:30:00,Pump_3,189310003,1.106,2.704,1.996,0.0891551040205571,True,Crítica
2025-12-04 09:00:00,Pump_3,189310003,1.099,2.709,1.987,0.08948491194931431,True,Crítica
2025-12-04 09:30:00,Pump_3,189310003,1.099,2.7,1.985,0.08978613465828622,True,Crítica
2025-12-04 10:00:00,Pump_3,189310003,1.087,2.694,1.997,0.09003079617052433,True,Crítica
2025-12-04 10:30:00,Pump_3,189310003,1.104,2.706,1.999,0.09025949193174114,True,Crítica
2025-12-04 11:00:00,Pump_3,189310003,1.103,2.715,1.999,0.09059717700897216,True,Crítica
2025-12-04 11:30:00,Pump_3,189310003,1.088,2.697,1.992,0.09102624319955045,True,Crítica
2025-12-04 12:00:00,Pump_3,189310003,1.102,2.703,1.999,0.09134789492934993,True,Crítica
2025-12-04 12:30:00,Pump_3,189310003,1.09,2.705,1.99,0.09161614751264265,True,Crítica
2025-12-04 13:00:00,Pump_3,189310003,1.1,2.711,1.985,0.0918978457923012,True,Crítica
2025-12-04 13:30:00,Pump_3,189310003,1.095,2.711,1.981,0.09211856936761006,True,Crítica
2025-12-04 14:00:00,Pump_3,189310003,1.085,2.702,1.982,0.0923345429371344,True,Crítica
2025-12-04 14:30:00,Pump_3,189310003,1.087,2.706,1.995,0.09252082793969875,True,Crítica
2025-12-04 15:00:00,Pump_3,189310003,1.098,2.715,1.987,0.09286094330029876,True,Crítica
2025-12-04 15:30:00,Pump_3,189310003,1.096,2.709,1.979,0.09310352874516509,True,Crítica
2025-12-04 16:00:00,Pump_3,189310003,1.094,3.267,1.978,0.09313388426329706,True,Crítica
2025-12-04 16:30:00,Pump_3,189310003,1.096,2.71,1.994,0.09617136092296952,True,Crítica
2025-12-04 17:00:00,Pump_3,189310003,1.097,2.717,1.984,0.09633843806398519,True,Crítica
2025-12-04 17:30:00,Pump_3,189310003,1.093,2.719,1.987,0.09655330050678154,True,Crítica
2025-12-04 18:00:00,Pump_3,189310003,1.101,2.703,1.976,0.09680851684470487,True,Crítica
2025-12-04 18:30:00,Pump_3,189310003,1.094,2.713,1.976,0.0967715927102328,True,Crítica
2025-12-04 19:00:00,Pump_3,189310003,1.1,2.707,1.991,0.09692456081809259,True,Crítica
2025-12-04 19:30:00,Pump_3,189310003,1.091,2.717,1.978,0.09707095062927423,True,Crítica
2025-12-04 20:00:00,Pump_3,189310003,1.085,2.711,1.982,0.09729377290886787,True,Crítica
2025-12-04 20:30:00,Pump_3,189310003,1.104,2.714,1.975,0.0974356712199535,True,Crítica
2025-12-04 21:00:00,Pump_3,189310003,1.09,2.718,1.981,0.09746899338663237,True,Crítica
2025-12-04 21:30:00,Pump_3,189310003,1.094,2.715,1.979,0.09763031491099995,True,Crítica
2025-12-04 22:00:00,Pump_3,189310003,1.089,2.71,1.985,0.09779742001185306,True,Crítica
2025-12-04 22:30:00,Pump_3,189310003,1.101,2.712,1.989,0.09789453839807725,True,Crítica
2025-12-04 23:00:00,Pump_3,189310003,1.095,2.706,1.987,0.09798431965963518,True,Crítica
2025-12-04 23:30:00,Pump_3,189310003,1.084,2.723,1.973,0.0980057906675509,True,Crítica
2025-12-05 00:00:00,Pump_3,189310003,1.088,2.708,1.989,0.09811615585901189,True,Crítica
2025-12-05 00:30:00,Pump_3,189310003,1.096,2.718,1.989,0.09825781317103359,True,Crítica
2025-12-05 01:00:00,Pump_3,189310003,1.091,2.719,1.977,0.09830651117268396,True,Crítica
2025-12-05 01:30:00,Pump_3,189310003,1.088,2.714,1.973,0.09836982814215915,True,Crítica
2025-12-05 02:00:00,Pump_3,189310003,1.098,2.717,1.976,0.09836599413602103,True,Crítica
2025-12-05 02:30:00,Pump_3,189310003,1.087,2.711,1.972,0.09827262114017732,True,Crítica
2025-12-05 03:00:00,Pump_3,189310003,1.101,2.709,1.975,0.09811579742444342,True,Crítica
2025-12-05 03:30:00,Pump_3,189310003,1.085,2.718,1.976,0.09791523960794893,True,Crítica
2025-12-05 04:00:00,Pump_3,189310003,1.091,2.725,1.979,0.09793762820442126,True,Crítica
2025-12-05 04:30:00,Pump_3,189310003,1.094,2.721,1.978,0.09457014138016849,True,Crítica
2025-12-05 05:00:00,Pump_3,189310003,1.099,2.715,1.968,0.09456123684072949,True,Crítica
2025-12-05 05:30:00,Pump_3,189310003,1.098,2.709,1.965,0.09443311943384293,True,Crítica
2025-12-05 06:00:00,Pump_3,189310003,1.089,2.725,1.967,0.09420560429147024,True,Crítica
2025-12-05 06:30:00,Pump_3,189310003,1.093,2.713,1.968,0.09435959514508124,True,Crítica
2025-12-05 07:00:00,Pump_3,189310003,1.102,2.717,1.979,0.09431602388225883,True,Crítica
2025-12-05 07:30:00,Pump_3,189310003,1.099,2.718,1.967,0.09430923068135375,True,Crítica
2025-12-05 08:00:00,Pump_3,189310003,1.098,2.717,1.965,0.09418393719082928,True,Crítica
2025-12-05 08:30:00,Pump_3,189310003,1.095,2.721,1.973,0.09401894028171144,True,Crítica
2025-12-05 09:00:00,Pump_3,189310003,1.101,2.718,1.964,0.09412338027700232,True,Crítica
2025-12-05 09:30:00,Pump_3,189310003,1.087,2.717,1.962,0.0939442292016129,True,Crítica
2025-12-05 10:00:00,Pump_3,189310003,1.098,2.714,1.976,0.0939179899816726,True,Crítica
2025-12-05 10:30:00,Pump_3,189310003,1.099,2.716,1.966,0.09384930161718626,True,Crítica
2025-12-05 11:00:00,Pump_3,189310003,1.093,2.713,1.963,0.09378070657434578,True,Crítica
2025-12-05 11:30:00,Pump_3,189310003,1.103,2.72,1.965,0.0937213556828031,True,Crítica
2025-12-05 12:00:00,Pump_3,189310003,1.087,2.72,1.97,0.09351346903734295,True,Crítica
2025-12-05 12:30:00,Pump_3,189310003,1.103,2.732,1.971,0.09350632630357444,True,Crítica
2025-12-05 13:00:00,Pump_3,189310003,1.085,2.722,1.968,0.09344583528693076,True,Crítica
2025-12-05 13:30:00,Pump_3,189310003,1.095,2.72,1.966,0.09346698920091641,True,Crítica
2025-12-05 14:00:00,Pump_3,189310003,1.096,2.725,1.969,0.09341426208097994,True,Crítica
2025-12-05 14:30:00,Pump_3,189310003,1.085,2.718,1.969,0.0934462247453484,True,Crítica
2025-12-05 15:00:00,Pump_3,189310003,1.092,2.727,1.958,0.0934957451824836,True,Crítica
2025-12-05 15:30:00,Pump_3,189310003,1.102,2.725,1.968,0.0935706177795595,True,Crítica
2025-12-05 16:00:00,Pump_3,189310003,1.088,2.72,1.957,0.0934382882922818,True,Crítica
2025-12-05 16:30:00,Pump_3,189310003,1.086,2.725,1.974,0.09330406324716074,True,Crítica
2025-12-05 17:00:00,Pump_3,189310003,1.093,2.723,1.963,0.0933780228869489,True,Crítica
2025-12-05 17:30:00,Pump_3,189310003,1.092,2.732,1.965,0.09343990670242859,True,Crítica
2025-12-05 18:00:00,Pump_3,189310003,1.094,2.728,1.959,0.09361244005634599,True,Crítica
2025-12-05 18:30:00,Pump_3,189310003,1.089,2.733,1.969,0.09353122183384645,True,Crítica
2025-12-05 19:00:00,Pump_3,189310003,1.096,2.729,1.962,0.09368282328262975,True,Crítica
2025-12-05 19:30:00,Pump_3,189310003,1.104,2.736,1.954,0.09370711182251011,True,Crítica
2025-12-05 20:00:00,Pump_3,189310003,1.103,2.719,1.971,0.0936827364009038,True,Crítica
2025-12-05 20:30:00,Pump_3,189310003,1.101,2.719,1.957,0.09370580680437328,True,Crítica
2025-12-05 21:00:00,Pump_3,189310003,1.087,2.729,1.953,0.09356365940140954,True,Crítica
2025-12-05 21:30:00,Pump_3,189310003,1.097,2.726,1.956,0.0936656767752046,True,Crítica
2025-12-05 22:00:00,Pump_3,189310003,1.086,2.73,1.964,0.09360311069382589,True,Crítica
2025-12-05 22:30:00,Pump_3,189310003,1.097,2.727,1.952,0.09373792846918969,True,Crítica
2025-12-05 23:00:00,Pump_3,189310003,1.1,3.189,1.961,0.09373895462030725,True,Crítica
2025-12-05 23:30:00,Pump_3,189310003,1.09,2.722,1.95,0.09611120610026165,True,Crítica
2025-12-06 00:00:00,Pump_3,189310003,1.09,2.736,1.955,0.09618081601201449,True,Crítica
2025-12-06 00:30:00,Pump_3,189310003,1.092,2.738,1.962,0.09620800533846367,True,Crítica
2025-12-06 01:00:00,Pump_3,189310003,1.096,2.736,1.953,0.09633493417813,True,Crítica
2025-12-06 01:30:00,Pump_3,189310003,1.1,2.729,1.958,0.09629932945916733,True,Crítica
2025-12-06 02:00:00,Pump_3,189310003,1.088,2.726,1.952,0.09633959957126752,True,Crítica
2025-12-06 02:30:00,Pump_3,189310003,1.097,2.736,1.961,0.096383696730635,True,Crítica
2025-12-06 03:00:00,Pump_3,189310003,1.104,2.743,1.961,0.0964265768827331,True,Crítica
2025-12-06 03:30:00,Pump_3,189310003,1.098,2.731,1.949,0.09650718219487413,True,Crítica
2025-12-06 04:00:00,Pump_3,189310003,1.087,2.74,1.958,0.0965395859066108,True,Crítica
2025-12-06 04:30:00,Pump_3,189310003,1.09,2.727,1.944,0.09673318834713598,True,Crítica
2025-12-06 05:00:00,Pump_3,189310003,1.091,2.739,1.944,0.0966113080872743,True,Crítica
2025-12-06 05:30:00,Pump_3,189310003,1.102,2.737,1.951,0.09666084177918152,True,Crítica
2025-12-06 06:00:00,Pump_3,189310003,1.098,2.738,1.962,0.09658573127703796,True,Crítica
2025-12-06 06:30:00,Pump_3,189310003,1.088,2.735,1.944,0.09668715793313365,True,Crítica
2025-12-06 07:00:00,Pump_3,189310003,1.097,2.736,1.961,0.09660419041329832,True,Crítica
2025-12-06 07:30:00,Pump_3,189310003,1.087,2.728,1.957,0.09668027247795713,True,Crítica
2025-12-06 08:00:00,Pump_3,189310003,1.104,2.73,1.951,0.09681592919005616,True,Crítica
2025-12-06 08:30:00,Pump_3,189310003,1.098,2.732,1.949,0.09680177675481388,True,Crítica
2025-12-06 09:00:00,Pump_3,189310003,1.095,2.739,1.942,0.09686204339604958,True,Crítica
2025-12-06 09:30:00,Pump_3,189310003,1.088,2.747,1.952,0.09675449055861154,True,Crítica
2025-12-06 10:00:00,Pump_3,189310003,1.089,2.731,1.956,0.0968781559057203,True,Crítica
2025-12-06 10:30:00,Pump_3,189310003,1.096,2.736,1.941,0.09676954438394236,True,Crítica
2025-12-06 11:00:00,Pump_3,189310003,1.092,2.732,1.957,0.09667867243350622,True,Crítica
2025-12-06 11:30:00,Pump_3,189310003,1.093,2.749,1.944,0.09379306121301949,True,Crítica
2025-12-06 12:00:00,Pump_3,189310003,1.088,2.739,1.942,0.09387850766320344,True,Crítica
2025-12-06 12:30:00,Pump_3,189310003,1.089,2.748,1.955,0.09382742868440473,True,Crítica
2025-12-06 13:00:00,Pump_3,189310003,1.099,2.734,1.947,0.09387253127413725,True,Crítica
2025-12-06 13:30:00,Pump_3,189310003,1.103,2.743,1.944,0.09380593264535195,True,Crítica
2025-12-06 14:00:00,Pump_3,189310003,1.084,2.739,1.955,0.09378684153545566,True,Crítica
2025-12-06 14:30:00,Pump_3,189310003,1.095,2.738,1.955,0.09391929185671298,True,Crítica
2025-12-06 15:00:00,Pump_3,189310003,1.099,2.748,1.948,0.09392818706163521,True,Crítica
2025-12-06 15:30:00,Pump_3,189310003,1.091,2.744,1.957,0.09392371463696397,True,Crítica
2025-12-06 16:00:00,Pump_3,189310003,1.091,2.734,1.954,0.09410779142370854,True,Crítica
2025-12-06 16:30:00,Pump_3,189310003,1.089,2.739,1.958,0.0940325882375643,True,Crítica
2025-12-06 17:00:00,Pump_3,189310003,1.084,2.733,1.944,0.09419691101037425,True,Crítica
2025-12-06 17:30:00,Pump_3,189310003,1.078,2.742,1.959,0.0942084910126586,True,Crítica
2025-12-06 18:00:00,Pump_3,189310003,1.097,2.742,1.961,0.09448167799537045,True,Crítica
2025-12-06 18:30:00,Pump_3,189310003,1.077,2.738,1.954,0.0945314399210995,True,Crítica
2025-12-06 19:00:00,Pump_3,189310003,1.082,2.752,1.954,0.09469227328324235,True,Crítica
2025-12-06 19:30:00,Pump_3,189310003,1.092,2.749,1.961,0.094868663379499,True,Crítica
2025-12-06 20:00:00,Pump_3,189310003,1.085,2.747,1.953,0.094986848537191,True,Crítica
2025-12-06 20:30:00,Pump_3,189310003,1.088,2.753,1.96,0.09524555617432744,True,Crítica
2025-12-06 21:00:00,Pump_3,189310003,1.072,2.737,1.966,0.09550602718727037,True,Crítica
2025-12-06 21:30:00,Pump_3,189310003,1.078,2.743,1.953,0.09581293479677992,True,Crítica
2025-12-06 22:00:00,Pump_3,189310003,1.084,2.741,1.965,0.09585977944714906,True,Crítica
2025-12-06 22:30:00,Pump_3,189310003,1.075,2.75,1.964,0.09601720311070341,True,Crítica
2025-12-06 23:00:00,Pump_3,189310003,1.079,2.743,1.957,0.09637650558810915,True,Crítica
2025-12-06 23:30:00,Pump_3,189310003,1.08,2.751,1.96,0.09653550386973235,True,Crítica
2025-12-07 00:00:00,Pump_3,189310003,1.081,2.742,1.96,0.09670924766890379,True,Crítica
2025-12-07 00:30:00,Pump_3,189310003,1.081,2.743,1.967,0.09686245976782,True,Crítica
2025-12-07 01:00:00,Pump_3,189310003,1.066,2.749,1.958,0.09695643496916526,True,Crítica
2025-12-07 01:30:00,Pump_3,189310003,1.067,2.746,1.955,0.09734352681574626,True,Crítica
2025-12-07 02:00:00,Pump_3,189310003,1.08,2.737,1.962,0.09768029869297064,True,Crítica
2025-12-07 02:30:00,Pump_3,189310003,1.074,2.743,1.957,0.09773688451991808,True,Crítica
2025-12-07 03:00:00,Pump_3,189310003,1.07,2.751,1.964,0.09793156132551167,True,Crítica
2025-12-07 03:30:00,Pump_3,189310003,1.072,2.751,1.964,0.09825050811307734,True,Crítica
2025-12-07 04:00:00,Pump_3,189310003,1.073,2.738,1.969,0.09847258581860895,True,Crítica
2025-12-07 04:30:00,Pump_3,189310003,1.066,2.755,1.973,0.0987318595758846,True,Crítica
2025-12-07 05:00:00,Pump_3,189310003,1.077,2.748,1.956,0.0990886314844829,True,Crítica
2025-12-07 05:30:00,Pump_3,189310003,1.066,2.745,1.964,0.09927438885435645,True,Crítica
2025-12-07 06:00:00,Pump_3,189310003,1.06,2.745,1.971,0.09940329977813492,True,Crítica
2025-12-07 06:30:00,Pump_3,189310003,1.066,2.74,1.97,0.09977144831083037,True,Crítica
2025-12-07 07:00:00,Pump_3,189310003,1.056,2.737,1.971,0.09995389576741702,True,Crítica
2025-12-07 07:30:00,Pump_3,189310003,1.066,2.742,1.975,0.10015666726827657,True,Crítica
2025-12-07 08:00:00,Pump_3,189310003,1.063,2.742,1.972,0.1004028210303948,True,Crítica
2025-12-07 08:30:00,Pump_3,189310003,1.057,2.748,1.968,0.10064574442352595,True,Crítica
2025-12-07 09:00:00,Pump_3,189310003,1.057,2.745,1.966,0.10089183903514105,True,Crítica
2025-12-07 09:30:00,Pump_3,189310003,1.062,2.745,1.977,0.10104629356923472,True,Crítica
2025-12-07 10:00:00,Pump_3,189310003,1.061,2.74,1.963,0.10130937065006802,True,Crítica
2025-12-07 10:30:00,Pump_3,189310003,1.059,2.743,1.977,0.1014630300182004,True,Crítica
2025-12-07 11:00:00,Pump_3,189310003,1.058,2.741,1.969,0.10161295364951231,True,Crítica
2025-12-07 11:30:00,Pump_3,189310003,1.054,2.754,1.982,0.10181721248342569,True,Crítica
2025-12-07 12:00:00,Pump_3,189310003,1.062,2.751,1.967,0.10214885598479267,True,Crítica
2025-12-07 12:30:00,Pump_3,189310003,1.066,2.746,1.976,0.1023684885185609,True,Crítica
2025-12-07 13:00:00,Pump_3,189310003,1.047,2.743,1.969,0.10255147347632113,True,Crítica
2025-12-07 13:30:00,Pump_3,189310003,1.063,2.743,1.981,0.102697831006458,True,Crítica
2025-12-07 14:00:00,Pump_3,189310003,1.06,2.744,1.981,0.10284422499214221,True,Crítica
2025-12-07 14:30:00,Pump_3,189310003,1.045,2.74,1.97,0.10315044574854852,True,Crítica
2025-12-07 15:00:00,Pump_3,189310003,1.062,2.742,1.97,0.10341431262644357,True,Crítica
2025-12-07 15:30:00,Pump_3,189310003,1.057,2.755,1.982,0.10344055933453254,True,Crítica
2025-12-07 16:00:00,Pump_3,189310003,1.044,2.738,1.98,0.10367145615484737,True,Crítica
2025-12-07 16:30:00,Pump_3,189310003,1.054,2.739,1.978,0.10397008506143193,True,Crítica
2025-12-07 17:00:00,Pump_3,189310003,1.052,2.739,1.986,0.10399706074390938,True,Crítica
2025-12-07 17:30:00,Pump_3,189310003,1.055,2.746,1.977,0.10431629764993236,True,Crítica
2025-12-07 18:00:00,Pump_3,189310003,1.051,2.757,1.985,0.10447479730592273,True,Crítica
2025-12-07 18:30:00,Pump_3,189310003,1.04,2.745,1.977,0.10468831985156729,True,Crítica
2025-12-07 19:00:00,Pump_3,189310003,1.049,2.744,1.991,0.10495890980827385,True,Crítica
2025-12-07 19:30:00,Pump_3,189310003,1.042,2.749,1.988,0.10517626274304145,True,Crítica
2025-12-07 20:00:00,Pump_3,189310003,1.045,2.743,1.98,0.10548353490073564,True,Crítica
2025-12-07 20:30:00,Pump_3,189310003,1.044,2.748,1.989,0.10567050404253084,True,Crítica
2025-12-07 21:00:00,Pump_3,189310003,1.044,2.749,1.983,0.10588015040963633,True,Crítica
2025-12-07 21:30:00,Pump_3,189310003,1.05,2.752,1.992,0.10608251169654793,True,Crítica
2025-12-07 22:00:00,Pump_3,189310003,1.034,2.755,1.988,0.10630177997146638,True,Crítica
2025-12-07 22:30:00,Pump_3,189310003,1.043,2.755,1.984,0.10672392854314738,True,Crítica
2025-12-07 23:00:00,Pump_3,189310003,1.031,2.742,1.99,0.10694415918989464,True,Crítica
2025-12-07 23:30:00,Pump_3,189310003,1.045,2.742,1.994,0.10727433939663139,True,Crítica
2025-12-08 00:00:00,Pump_3,189310003,1.031,2.755,1.992,0.10734226861576945,True,Crítica
2025-12-08 00:30:00,Pump_3,189310003,1.033,2.745,1.985,0.10773294787630697,True,Crítica
2025-12-08 01:00:00,Pump_3,189310003,1.047,2.741,1.99,0.10803377150004884,True,Crítica
2025-12-08 01:30:00,Pump_3,189310003,1.033,2.741,1.982,0.10813098984631621,True,Crítica
2025-12-08 02:00:00,Pump_3,189310003,1.029,2.753,1.992,0.10835992641352774,True,Crítica
2025-12-08 02:30:00,Pump_3,189310003,1.037,2.751,1.99,0.10871528182649984,True,Crítica
2025-12-08 03:00:00,Pump_3,189310003,1.029,2.758,1.993,0.10893602215098709,True,Crítica
2025-12-08 03:30:00,Pump_3,189310003,1.034,2.76,1.984,0.10940942061323909,True,Crítica
2025-12-08 04:00:00,Pump_3,189310003,1.031,2.76,1.984,0.10961203339141729,True,Crítica
2025-12-08 04:30:00,Pump_3,189310003,1.037,2.754,1.991,0.10984433385244831,True,Crítica
2025-12-08 05:00:00,Pump_3,189310003,1.036,2.747,2.003,0.11013864875264695,True,Crítica
2025-12-08 05:30:00,Pump_3,189310003,1.035,2.758,1.987,0.11042913729802503,True,Crítica
2025-12-08 06:00:00,Pump_3,189310003,1.02,2.76,1.986,0.11070235065966832,True,Crítica
2025-12-08 06:30:00,Pump_3,189310003,1.031,2.749,1.989,0.1109538662076322,True,Crítica
2025-12-08 07:00:00,Pump_3,189310003,1.028,2.753,2.001,0.11110816061269399,True,Crítica
2025-12-08 07:30:00,Pump_3,189310003,1.034,2.746,1.997,0.111402537903033,True,Crítica
2025-12-08 08:00:00,Pump_3,189310003,1.031,2.753,1.991,0.11151077353438182,True,Crítica
2025-12-08 08:30:00,Pump_3,189310003,1.032,2.748,2.0,0.11174164947112258,True,Crítica
2025-12-08 09:00:00,Pump_3,189310003,1.031,2.762,1.995,0.11191577765431893,True,Crítica
2025-12-08 09:30:00,Pump_3,189310003,1.027,2.75,2.0,0.11215926681673166,True,Crítica
2025-12-08 10:00:00,Pump_3,189310003,1.021,2.755,1.998,0.11239703057122741,True,Crítica
2025-12-08 10:30:00,Pump_3,189310003,1.013,2.747,1.992,0.11255414471676012,True,Crítica
2025-12-08 11:00:00,Pump_3,189310003,1.016,2.756,1.992,0.1127927612931652,True,Crítica
2025-12-08 11:30:00,Pump_3,189310003,1.026,2.755,1.996,0.11300052048191013,True,Crítica
2025-12-08 12:00:00,Pump_3,189310003,1.018,2.758,2.002,0.11325464960247698,True,Crítica
2025-12-08 12:30:00,Pump_3,189310003,1.027,2.747,2.013,0.11342964099984515,True,Crítica
2025-12-08 13:00:00,Pump_3,189310003,1.008,2.746,2.001,0.11366814447276322,True,Crítica
2025-12-08 13:30:00,Pump_3,189310003,1.018,2.746,2.013,0.11408738420421262,True,Crítica
2025-12-08 14:00:00,Pump_3,189310003,1.015,2.759,1.998,0.11442297106721064,True,Crítica
2025-12-08 14:30:00,Pump_3,189310003,1.007,2.745,2.01,0.11458167418660059,True,Crítica
2025-12-08 15:00:00,Pump_3,189310003,1.01,2.745,2.0,0.11490319301444352,True,Crítica
2025-12-08 15:30:00,Pump_3,189310003,1.025,2.757,2.013,0.1150017290716857,True,Crítica
2025-12-08 16:00:00,Pump_3,189310003,1.025,2.749,2.005,0.11520842569198456,True,Crítica
2025-12-08 16:30:00,Pump_3,189310003,1.009,2.764,1.994,0.11529533906597868,True,Crítica
2025-12-08 17:00:00,Pump_3,189310003,1.025,2.762,2.002,0.11556424015602583,True,Crítica
2025-12-08 17:30:00,Pump_3,189310003,1.014,2.759,2.005,0.11572857296451103,True,Crítica
2025-12-08 18:00:00,Pump_3,189310003,1.024,2.745,2.007,0.11598568672602504,True,Crítica
2025-12-08 18:30:00,Pump_3,189310003,1.011,2.748,1.993,0.11597070651255567,True,Crítica
2025-12-08 19:00:00,Pump_3,189310003,1.019,2.753,2.007,0.11613092083255062,True,Crítica
2025-12-08 19:30:00,Pump_3,189310003,1.011,2.762,1.994,0.11623851724985441,True,Crítica
2025-12-08 20:00:00,Pump_3,189310003,1.017,2.763,1.991,0.11648511754515539,True,Crítica
2025-12-08 20:30:00,Pump_3,189310003,1.028,2.75,1.992,0.1166337326158993,True,Crítica
2025-12-08 21:00:00,Pump_3,189310003,1.024,2.755,2.003,0.1166370228826292,True,Crítica
2025-12-08 21:30:00,Pump_3,189310003,1.033,2.757,1.994,0.1167017675991216,True,Crítica
2025-12-08 22:00:00,Pump_3,189310003,1.014,2.753,1.989,0.11666376056553113,True,Crítica
2025-12-08 22:30:00,Pump_3,189310003,1.023,2.745,2.002,0.11664604797814383,True,Crítica
2025-12-08 23:00:00,Pump_3,189310003,1.035,2.751,2.0,0.11661736023092928,True,Crítica
2025-12-08 23:30:00,Pump_3,189310003,1.024,2.742,2.0,0.1164849915517478,True,Crítica
2025-12-09 00:00:00,Pump_3,189310003,1.035,2.742,1.994,0.11647055350601167,True,Crítica
2025-12-09 00:30:00,Pump_3,189310003,1.023,2.757,1.985,0.11621203493319146,True,Crítica
2025-12-09 01:00:00,Pump_3,189310003,1.029,2.747,1.987,0.11615538660397313,True,Crítica
2025-12-09 01:30:00,Pump_3,189310003,1.035,2.743,1.999,0.11591289260055818,True,Crítica
2025-12-09 02:00:00,Pump_3,189310003,1.02,2.754,1.984,0.1157114082525325,True,Crítica
2025-12-09 02:30:00,Pump_3,189310003,1.026,2.742,1.999,0.11554704987601919,True,Crítica
2025-12-09 03:00:00,Pump_3,189310003,1.024,2.749,1.992,0.11533265530671291,True,Crítica
2025-12-09 03:30:00,Pump_3,189310003,1.029,2.741,1.996,0.11519686006076862,True,Crítica
2025-12-09 04:00:00,Pump_3,189310003,1.033,2.753,1.99,0.1149998536833095,True,Crítica
2025-12-09 04:30:00,Pump_3,189310003,1.026,2.748,1.993,0.11488057633138389,True,Crítica
2025-12-09 05:00:00,Pump_3,189310003,1.039,2.74,1.994,0.11462896283563466,True,Crítica
2025-12-09 05:30:00,Pump_3,189310003,1.034,2.745,1.98,0.1143582340084397,True,Crítica
2025-12-09 06:00:00,Pump_3,189310003,1.025,2.753,1.983,0.11396219378969298,True,Crítica
2025-12-09 06:30:00,Pump_3,189310003,1.034,3.254,1.98,0.11386092441251715,True,Crítica
2025-12-09 07:00:00,Pump_3,189310003,1.026,2.757,1.982,0.11614686133120486,True,Crítica
2025-12-09 07:30:00,Pump_3,189310003,1.034,2.743,1.982,0.11600205481683028,True,Crítica
2025-12-09 08:00:00,Pump_3,189310003,1.028,2.749,1.979,0.11566745112703629,True,Crítica
2025-12-09 08:30:00,Pump_3,189310003,1.045,2.753,1.986,0.11545948771390119,True,Crítica
2025-12-09 09:00:00,Pump_3,189310003,1.029,2.751,1.988,0.11537110523594486,True,Crítica
2025-12-09 09:30:00,Pump_3,189310003,1.046,2.753,1.981,0.11529417216210275,True,Crítica
2025-12-09 10:00:00,Pump_3,189310003,1.041,2.753,1.971,0.115167568167627,True,Crítica
2025-12-09 10:30:00,Pump_3,189310003,1.037,2.745,1.983,0.11489970045666469,True,Crítica
2025-12-09 11:00:00,Pump_3,189310003,1.049,2.757,1.983,0.11477236620456928,True,Crítica
2025-12-09 11:30:00,Pump_3,189310003,1.044,2.748,1.985,0.1146921691820755,True,Crítica
2025-12-09 12:00:00,Pump_3,189310003,1.046,2.747,1.987,0.1145761049576738,True,Crítica
2025-12-09 12:30:00,Pump_3,189310003,1.034,2.756,1.983,0.11457587518039507,True,Crítica
2025-12-09 13:00:00,Pump_3,189310003,1.039,2.749,1.983,0.11452566044058428,True,Crítica
2025-12-09 13:30:00,Pump_3,189310003,1.039,2.753,1.967,0.11450442952849227,True,Crítica
2025-12-09 14:00:00,Pump_3,189310003,1.053,2.753,1.97,0.11440731620149948,True,Crítica
2025-12-09 14:30:00,Pump_3,189310003,1.049,2.752,1.98,0.11408627293326612,True,Crítica
2025-12-09 15:00:00,Pump_3,189310003,1.051,2.74,1.979,0.11390421760601065,True,Crítica
2025-12-09 15:30:00,Pump_3,189310003,1.042,2.748,1.973,0.11359878919196856,True,Crítica
2025-12-09 16:00:00,Pump_3,189310003,1.055,2.752,1.967,0.11342337144399035,True,Crítica
2025-12-09 16:30:00,Pump_3,189310003,1.057,2.751,1.963,0.11309933379574562,True,Crítica
2025-12-09 17:00:00,Pump_3,189310003,1.044,2.755,1.963,0.11266736960868516,True,Crítica
2025-12-09 17:30:00,Pump_3,189310003,1.045,2.74,1.962,0.11249810038705868,True,Crítica
2025-12-09 18:00:00,Pump_3,189310003,1.047,2.742,1.961,0.11221248898808045,True,Crítica
2025-12-09 18:30:00,Pump_3,189310003,1.059,2.744,1.978,0.1117543142153481,True,Crítica
2025-12-09 19:00:00,Pump_3,189310003,1.042,2.738,1.967,0.10825715361157834,True,Crítica
2025-12-09 19:30:00,Pump_3,189310003,1.056,2.74,1.97,0.1079321858899879,True,Crítica
2025-12-09 20:00:00,Pump_3,189310003,1.053,2.74,1.973,0.10768706683406418,True,Crítica
2025-12-09 20:30:00,Pump_3,189310003,1.055,2.753,1.972,0.10740843516800878,True,Crítica
2025-12-09 21:00:00,Pump_3,189310003,1.055,2.753,1.973,0.10726076981219884,True,Crítica
2025-12-09 21:30:00,Pump_3,189310003,1.064,2.741,1.975,0.10698301584896051,True,Crítica
2025-12-09 22:00:00,Pump_3,189310003,1.056,2.748,1.969,0.10675803181653858,True,Crítica
2025-12-09 22:30:00,Pump_3,189310003,1.055,2.747,1.973,0.10659638343610858,True,Crítica
2025-12-09 23:00:00,Pump_3,189310003,1.049,2.746,1.958,0.10642070037138426,True,Crítica
2025-12-09 23:30:00,Pump_3,189310003,1.06,2.741,1.965,0.10621311789993618,True,Crítica
2025-12-10 00:00:00,Pump_3,189310003,1.065,2.74,1.962,0.10594644915621021,True,Crítica
2025-12-10 00:30:00,Pump_3,189310003,1.052,2.737,1.959,0.10562763820125123,True,Crítica
2025-12-10 01:00:00,Pump_3,189310003,1.053,2.748,1.953,0.10523115628031046,True,Crítica
2025-12-10 01:30:00,Pump_3,189310003,1.056,2.748,1.964,0.10492864524833667,True,Crítica
2025-12-10 02:00:00,Pump_3,189310003,1.063,2.746,1.968,0.10473222023149009,True,Crítica
2025-12-10 02:30:00,Pump_3,189310003,1.06,2.749,1.961,0.1046067837451052,True,Crítica
2025-12-10 03:00:00,Pump_3,189310003,1.062,2.739,1.967,0.10439646120410541,True,Crítica
2025-12-10 03:30:00,Pump_3,189310003,1.061,2.752,1.967,0.1042578872453108,True,Crítica
2025-12-10 04:00:00,Pump_3,189310003,1.069,2.735,1.958,0.10409292797467232,True,Crítica
2025-12-10 04:30:00,Pump_3,189310003,1.058,2.75,1.952,0.10383620614981809,True,Crítica
2025-12-10 05:00:00,Pump_3,189310003,1.068,2.746,1.955,0.10374446248894537,True,Crítica
2025-12-10 05:30:00,Pump_3,189310003,1.065,2.738,1.957,0.1034419709961896,True,Crítica
2025-12-10 06:00:00,Pump_3,189310003,1.072,2.74,1.962,0.10324544798249424,True,Crítica
2025-12-10 06:30:00,Pump_3,189310003,1.056,2.742,1.949,0.10304890492079927,True,Crítica
2025-12-10 07:00:00,Pump_3,189310003,1.059,2.743,1.95,0.10290455780108826,True,Crítica
2025-12-10 07:30:00,Pump_3,189310003,1.058,2.742,1.943,0.1026962520465746,True,Crítica
2025-12-10 08:00:00,Pump_3,189310003,1.078,2.751,1.948,0.10253609289131296,True,Crítica
2025-12-10 08:30:00,Pump_3,189310003,1.079,2.747,1.949,0.10226201272303931,True,Crítica
2025-12-10 09:00:00,Pump_3,189310003,1.077,2.732,1.957,0.10190932124912559,True,Crítica
2025-12-10 09:30:00,Pump_3,189310003,1.068,2.736,1.956,0.10154828380213604,True,Crítica
2025-12-10 10:00:00,Pump_3,189310003,1.065,2.731,1.95,0.1014132575217148,True,Crítica
2025-12-10 10:30:00,Pump_3,189310003,1.065,2.745,1.944,0.10115280831389366,True,Crítica
2025-12-10 11:00:00,Pump_3,189310003,1.064,2.746,1.949,0.10090068426567855,True,Crítica
2025-12-10 11:30:00,Pump_3,189310003,1.082,2.745,1.937,0.1007252169413549,True,Crítica
2025-12-10 12:00:00,Pump_3,189310003,1.068,2.734,1.944,0.10041670890849326,True,Crítica
2025-12-10 12:30:00,Pump_3,189310003,1.071,2.731,1.941,0.10027121947764346,True,Crítica
2025-12-10 13:00:00,Pump_3,189310003,1.073,2.737,1.938,0.09998975639533178,True,Crítica
2025-12-10 13:30:00,Pump_3,189310003,1.066,2.737,1.937,0.09967157835296438,True,Crítica
2025-12-10 14:00:00,Pump_3,189310003,1.076,2.737,1.941,0.0993736016776915,True,Crítica
2025-12-10 14:30:00,Pump_3,189310003,1.069,2.737,1.944,0.09907876155659705,True,Crítica
2025-12-10 15:00:00,Pump_3,189310003,1.068,2.744,1.939,0.09884940378804125,True,Crítica
2025-12-10 15:30:00,Pump_3,189310003,1.078,2.738,1.946,0.09868042222900127,True,Crítica
2025-12-10 16:00:00,Pump_3,189310003,1.073,2.735,1.939,0.09836083427698032,True,Crítica
2025-12-10 16:30:00,Pump_3,189310003,1.087,2.739,1.946,0.09823589718250086,True,Crítica
2025-12-10 17:00:00,Pump_3,189310003,1.077,2.739,1.935,0.09791292462845849,True,Crítica
2025-12-10 17:30:00,Pump_3,189310003,1.076,2.737,1.938,0.09768869204786647,True,Crítica
2025-12-10 18:00:00,Pump_3,189310003,1.071,2.747,1.937,0.09749828352747462,True,Crítica
2025-12-10 18:30:00,Pump_3,189310003,1.078,2.728,1.933,0.09741084261988323,True,Crítica
2025-12-10 19:00:00,Pump_3,189310003,1.073,2.731,1.949,0.0970634212413416,True,Crítica
2025-12-10 19:30:00,Pump_3,189310003,1.081,2.733,1.944,0.09689049429060025,True,Crítica
2025-12-10 20:00:00,Pump_3,189310003,1.083,2.741,1.942,0.09666522069235961,True,Crítica
2025-12-10 20:30:00,Pump_3,189310003,1.076,2.734,1.942,0.09653977765986999,True,Crítica
2025-12-10 21:00:00,Pump_3,189310003,1.087,2.735,1.941,0.09646602005184052,True,Crítica
2025-12-10 21:30:00,Pump_3,189310003,1.076,2.733,1.946,0.09634590952975601,True,Crítica
2025-12-10 22:00:00,Pump_3,189310003,1.073,2.737,1.944,0.09623694586865422,True,Crítica
2025-12-10 22:30:00,Pump_3,189310003,1.072,2.743,1.944,0.0961909046259895,True,Crítica
2025-12-10 23:00:00,Pump_3,189310003,1.087,2.744,1.931,0.09612205091322878,True,Crítica
2025-12-10 23:30:00,Pump_3,189310003,1.071,2.726,1.931,0.09581673437911566,True,Crítica
2025-12-11 00:00:00,Pump_3,189310003,1.077,2.738,1.942,0.09575900940855436,True,Crítica
2025-12-11 00:30:00,Pump_3,189310003,1.084,2.737,1.929,0.09570920334336967,True,Crítica
2025-12-11 01:00:00,Pump_3,189310003,1.078,2.73,1.932,0.09556940362006736,True,Crítica
2025-12-11 01:30:00,Pump_3,189310003,1.087,2.727,1.929,0.09545244928001878,True,Crítica
2025-12-11 02:00:00,Pump_3,189310003,1.079,2.742,1.938,0.09517704216692764,True,Crítica
2025-12-11 02:30:00,Pump_3,189310003,1.073,2.729,1.941,0.0951621704098017,True,Crítica
2025-12-11 03:00:00,Pump_3,189310003,1.081,2.74,1.94,0.09507492303299718,True,Crítica
2025-12-11 03:30:00,Pump_3,189310003,1.086,2.733,1.947,0.09494649704672864,True,Crítica
2025-12-11 04:00:00,Pump_3,189310003,1.086,2.734,1.931,0.0948777710470155,True,Crítica
2025-12-11 04:30:00,Pump_3,189310003,1.081,2.724,1.938,0.09471798314209662,True,Crítica
2025-12-11 05:00:00,Pump_3,189310003,1.076,2.74,1.937,0.0946489978239608,True,Crítica
2025-12-11 05:30:00,Pump_3,189310003,1.079,2.735,1.935,0.09466477625390429,True,Crítica
2025-12-11 06:00:00,Pump_3,189310003,1.088,2.732,1.931,0.0946094944848193,True,Crítica
2025-12-11 06:30:00,Pump_3,189310003,1.082,2.722,1.94,0.09434519884623012,True,Crítica
2025-12-11 07:00:00,Pump_3,189310003,1.074,2.734,1.932,0.094334974490467,True,Crítica
2025-12-11 07:30:00,Pump_3,189310003,1.085,2.727,1.942,0.09425372459592604,True,Crítica
2025-12-11 08:00:00,Pump_3,189310003,1.074,2.724,1.94,0.09419617752457511,True,Crítica
2025-12-11 08:30:00,Pump_3,189310003,1.076,2.723,1.929,0.09417002541793337,True,Crítica
2025-12-11 09:00:00,Pump_3,189310003,1.077,2.723,1.932,0.09403540750473444,True,Crítica
2025-12-11 09:30:00,Pump_3,189310003,1.085,2.726,1.941,0.09400072319325702,True,Crítica
2025-12-11 10:00:00,Pump_3,189310003,1.081,2.731,1.929,0.09387615830738939,True,Crítica
2025-12-11 10:30:00,Pump_3,189310003,1.072,2.727,1.927,0.09368358408313562,True,Crítica
2025-12-11 11:00:00,Pump_3,189310003,1.07,2.727,1.941,0.0934783784806216,True,Crítica
2025-12-11 11:30:00,Pump_3,189310003,1.083,2.727,1.937,0.09356219658815339,True,Crítica
2025-12-11 12:00:00,Pump_3,189310003,1.072,2.729,1.928,0.0935007113174326,True,Crítica
2025-12-11 12:30:00,Pump_3,189310003,1.08,2.736,1.93,0.0933902024315814,True,Crítica
2025-12-11 13:00:00,Pump_3,189310003,1.076,2.726,1.943,0.09339402411445158,True,Crítica
2025-12-11 13:30:00,Pump_3,189310003,1.089,2.727,1.933,0.0934464012572091,True,Crítica
2025-12-11 14:00:00,Pump_3,189310003,1.083,2.725,1.939,0.09344289320195226,True,Crítica
2025-12-11 14:30:00,Pump_3,189310003,1.07,2.722,1.932,0.09331292233640381,True,Crítica
2025-12-11 15:00:00,Pump_3,189310003,1.07,2.733,1.938,0.09323826413672982,True,Crítica
2025-12-11 15:30:00,Pump_3,189310003,1.085,2.737,1.942,0.09326063103128433,True,Crítica
2025-12-11 16:00:00,Pump_3,189310003,1.086,2.721,1.939,0.09326653325579756,True,Crítica
2025-12-11 16:30:00,Pump_3,189310003,1.075,2.736,1.929,0.09323742784075494,True,Crítica
2025-12-11 17:00:00,Pump_3,189310003,1.088,2.73,1.93,0.09328974007563978,True,Crítica
2025-12-11 17:30:00,Pump_3,189310003,1.088,2.72,1.931,0.09308384517313112,True,Crítica
2025-12-11 18:00:00,Pump_3,189310003,1.071,2.73,1.94,0.09290263030318312,True,Crítica
2025-12-11 18:30:00,Pump_3,189310003,1.07,2.732,1.938,0.09307833770382007,True,Crítica
2025-12-11 19:00:00,Pump_3,189310003,1.071,2.734,1.936,0.09322948580109722,True,Crítica
2025-12-11 19:30:00,Pump_3,189310003,1.087,2.717,1.934,0.09326954943218763,True,Crítica
2025-12-11 20:00:00,Pump_3,189310003,1.084,2.721,1.937,0.09317249114839211,True,Crítica
2025-12-11 20:30:00,Pump_3,189310003,1.083,2.733,1.94,0.09307622221692081,True,Crítica
2025-12-11 21:00:00,Pump_3,189310003,1.07,2.717,1.927,0.09314381743329547,True,Crítica
2025-12-11 21:30:00,Pump_3,189310003,1.568,2.733,1.935,0.0931353403225339,True,Crítica
2025-12-11 22:00:00,Pump_3,189310003,1.082,2.725,1.94,0.09639169869613685,True,Crítica
2025-12-11 22:30:00,Pump_3,189310003,1.069,2.715,1.931,0.09641517517563436,True,Crítica
2025-12-11 23:00:00,Pump_3,189310003,1.072,2.725,1.931,0.09639503812504446,True,Crítica
2025-12-11 23:30:00,Pump_3,189310003,1.088,2.718,1.926,0.09632202323995763,True,Crítica
2025-12-12 00:00:00,Pump_3,189310003,1.072,2.727,1.935,0.09618918135411357,True,Crítica
2025-12-12 00:30:00,Pump_3,189310003,1.081,2.724,1.936,0.096234451679848,True,Crítica
2025-12-12 01:00:00,Pump_3,189310003,1.084,2.717,1.941,0.09622234818031844,True,Crítica
2025-12-12 01:30:00,Pump_3,189310003,1.07,2.73,1.927,0.09615580605207501,True,Crítica
2025-12-12 02:00:00,Pump_3,189310003,1.07,2.724,1.931,0.09631934923626478,True,Crítica
2025-12-12 02:30:00,Pump_3,189310003,1.075,2.721,1.935,0.09641451634207754,True,Crítica
2025-12-12 03:00:00,Pump_3,189310003,1.083,2.718,1.931,0.09642593130073641,True,Crítica
2025-12-12 03:30:00,Pump_3,189310003,1.087,2.717,1.937,0.09622989558970982,True,Crítica
2025-12-12 04:00:00,Pump_3,189310003,1.073,2.719,1.937,0.0961053195399164,True,Crítica
2025-12-12 04:30:00,Pump_3,189310003,1.077,2.722,1.93,0.09620631792694179,True,Crítica
2025-12-12 05:00:00,Pump_3,189310003,1.088,2.717,1.932,0.09609447625369111,True,Crítica
2025-12-12 05:30:00,Pump_3,189310003,1.076,2.716,1.927,0.09600638573651549,True,Crítica
2025-12-12 06:00:00,Pump_3,189310003,1.077,2.728,1.931,0.09601286906243406,True,Crítica
2025-12-12 06:30:00,Pump_3,189310003,1.073,2.716,1.934,0.0958447216612561,True,Crítica
2025-12-12 07:00:00,Pump_3,189310003,1.07,2.727,1.925,0.09564352378442499,True,Crítica
2025-12-12 07:30:00,Pump_3,189310003,1.078,2.724,1.94,0.09545875162755475,True,Crítica
2025-12-12 08:00:00,Pump_3,189310003,1.077,2.728,1.925,0.09554090568629053,True,Crítica
2025-12-12 08:30:00,Pump_3,189310003,1.089,2.727,1.939,0.09551345492729006,True,Crítica
2025-12-12 09:00:00,Pump_3,189310003,1.077,2.713,1.93,0.09541476914599821,True,Crítica
2025-12-12 09:30:00,Pump_3,189310003,1.082,2.726,1.929,0.09544809929954091,True,Crítica
2025-12-12 10:00:00,Pump_3,189310003,1.084,2.712,1.925,0.09201974780421579,True,Crítica
2025-12-12 10:30:00,Pump_3,189310003,1.083,2.708,1.928,0.0918507508112314,True,Crítica
2025-12-12 11:00:00,Pump_3,189310003,1.072,2.72,1.926,0.09168925011726466,True,Crítica
2025-12-12 11:30:00,Pump_3,189310003,1.074,2.724,1.935,0.09162043199360977,True,Crítica
2025-12-12 12:00:00,Pump_3,189310003,1.072,2.721,1.933,0.09181693961456441,True,Crítica
2025-12-12 12:30:00,Pump_3,189310003,1.07,2.725,1.94,0.09177036862908818,True,Crítica
2025-12-12 13:00:00,Pump_3,189310003,1.076,2.709,1.927,0.09189379184046517,True,Crítica
2025-12-12 13:30:00,Pump_3,189310003,1.074,2.711,1.939,0.09184487124737993,True,Crítica
2025-12-12 14:00:00,Pump_3,189310003,1.082,2.716,1.927,0.09177535974680245,True,Crítica
2025-12-12 14:30:00,Pump_3,189310003,1.083,2.718,1.938,0.09160591361454679,True,Crítica
2025-12-12 15:00:00,Pump_3,189310003,1.083,2.722,1.928,0.09155160548495107,True,Crítica
2025-12-12 15:30:00,Pump_3,189310003,1.081,2.718,1.926,0.09155340054013068,True,Crítica
2025-12-12 16:00:00,Pump_3,189310003,1.075,2.711,1.935,0.09154577848734632,True,Crítica
2025-12-12 16:30:00,Pump_3,189310003,1.076,2.715,1.936,0.09148153748529982,True,Crítica
2025-12-12 17:00:00,Pump_3,189310003,1.083,2.711,1.927,0.09148293581403201,True,Crítica
2025-12-12 17:30:00,Pump_3,189310003,1.074,2.707,1.923,0.09145913920531429,True,Crítica
2025-12-12 18:00:00,Pump_3,189310003,1.08,2.708,1.925,0.09138928967901325,True,Crítica
2025-12-12 18:30:00,Pump_3,189310003,1.088,2.704,1.939,0.09120413825392626,True,Crítica
2025-12-12 19:00:00,Pump_3,189310003,1.077,2.717,1.925,0.09105737894311204,True,Crítica
2025-12-12 19:30:00,Pump_3,189310003,1.069,2.713,1.926,0.09091761199032884,True,Crítica
2025-12-12 20:00:00,Pump_3,189310003,1.076,2.704,1.94,0.09083553231496483,True,Crítica
2025-12-12 20:30:00,Pump_3,189310003,1.086,2.721,1.921,0.09079122680320785,True,Crítica
2025-12-12 21:00:00,Pump_3,189310003,1.081,2.711,1.922,0.09066378764699497,True,Crítica
2025-12-12 21:30:00,Pump_3,189310003,1.078,2.722,1.922,0.09056701578981026,True,Crítica
2025-12-12 22:00:00,Pump_3,189310003,1.088,2.717,1.934,0.0905149842058476,True,Crítica
2025-12-12 22:30:00,Pump_3,189310003,1.086,2.715,1.924,0.09056690944371781,True,Crítica
2025-12-12 23:00:00,Pump_3,189310003,1.081,2.707,1.922,0.09055871497569551,True,Crítica
2025-12-12 23:30:00,Pump_3,189310003,1.08,2.702,1.929,0.09038152948852284,True,Crítica
2025-12-13 00:00:00,Pump_3,189310003,1.072,2.712,1.926,0.09018065913293638,True,Crítica
2025-12-13 00:30:00,Pump_3,189310003,1.081,2.712,1.925,0.0900842162967779,True,Crítica
2025-12-13 01:00:00,Pump_3,189310003,1.071,2.717,2.507,0.08983635200866087,True,Crítica
2025-12-13 01:30:00,Pump_3,189310003,1.087,2.703,1.921,0.09381088177001577,True,Crítica
2025-12-13 02:00:00,Pump_3,189310003,1.078,2.718,1.934,0.09353553948060608,True,Crítica
2025-12-13 02:30:00,Pump_3,189310003,1.076,2.716,1.929,0.0935738040507373,True,Crítica
2025-12-13 03:00:00,Pump_3,189310003,1.082,2.71,1.927,0.09351693286741715,True,Crítica
2025-12-13 03:30:00,Pump_3,189310003,1.088,2.715,1.925,0.09339031417597729,True,Crítica
2025-12-13 04:00:00,Pump_3,189310003,1.089,2.717,1.92,0.09324431789514825,True,Crítica
2025-12-13 04:30:00,Pump_3,189310003,1.09,2.703,1.938,0.09301256933503786,True,Crítica
2025-12-13 05:00:00,Pump_3,189310003,1.073,2.704,1.929,0.09279743013377707,True,Crítica
2025-12-13 05:30:00,Pump_3,189310003,1.09,2.706,1.936,0.09277963804963717,True,Crítica
2025-12-13 06:00:00,Pump_3,189310003,1.072,2.701,1.926,0.09265817316679864,True,Crítica
2025-12-13 06:30:00,Pump_3,189310003,1.083,2.709,1.938,0.09261300866767092,True,Crítica
2025-12-13 07:00:00,Pump_3,189310003,1.082,2.707,1.935,0.09262306838115403,True,Crítica
2025-12-13 07:30:00,Pump_3,189310003,1.081,2.71,1.926,0.09251243874212314,True,Crítica
2025-12-13 08:00:00,Pump_3,189310003,1.081,2.712,1.921,0.09232205819497222,True,Crítica
2025-12-13 08:30:00,Pump_3,189310003,1.089,2.715,1.922,0.09215328284348498,True,Crítica
2025-12-13 09:00:00,Pump_3,189310003,1.083,2.717,1.922,0.09202260706170981,True,Crítica
2025-12-13 09:30:00,Pump_3,189310003,1.091,2.699,1.937,0.09197484607537867,True,Crítica
2025-12-13 10:00:00,Pump_3,189310003,1.086,2.715,1.937,0.09179609924789979,True,Crítica
2025-12-13 10:30:00,Pump_3,189310003,1.08,2.705,1.932,0.09180071141495477,True,Crítica
2025-12-13 11:00:00,Pump_3,189310003,1.083,2.716,1.939,0.09182768817474152,True,Crítica
2025-12-13 11:30:00,Pump_3,189310003,1.089,2.705,1.931,0.0919682417831544,True,Crítica
2025-12-13 12:00:00,Pump_3,189310003,1.079,2.699,1.921,0.09195646520268995,True,Crítica
2025-12-13 12:30:00,Pump_3,189310003,1.092,2.709,1.929,0.09183185589451674,True,Crítica
2025-12-13 13:00:00,Pump_3,189310003,1.072,2.716,1.931,0.09181040311621175,True,Crítica
2025-12-13 13:30:00,Pump_3,189310003,1.079,2.703,1.93,0.08890322620670947,True,Crítica
2025-12-13 14:00:00,Pump_3,189310003,1.081,2.716,1.935,0.08901650753442131,True,Crítica
2025-12-13 14:30:00,Pump_3,189310003,1.077,2.709,1.932,0.08898379832994442,True,Crítica
2025-12-13 15:00:00,Pump_3,189310003,1.084,3.246,1.925,0.08894766589650288,True,Crítica
2025-12-13 15:30:00,Pump_3,189310003,1.073,2.704,1.926,0.09163699403390733,True,Crítica
2025-12-13 16:00:00,Pump_3,189310003,1.083,2.702,1.937,0.09173517912417355,True,Crítica
2025-12-13 16:30:00,Pump_3,189310003,1.091,2.699,1.929,0.09184749946820524,True,Crítica
2025-12-13 17:00:00,Pump_3,189310003,1.092,2.705,1.933,0.0918390507117281,True,Crítica
2025-12-13 17:30:00,Pump_3,189310003,1.082,2.702,1.932,0.0917845590186171,True,Crítica
2025-12-13 18:00:00,Pump_3,189310003,1.074,2.711,1.927,0.09187634597250355,True,Crítica
2025-12-13 18:30:00,Pump_3,189310003,1.081,2.708,1.927,0.09197795099663472,True,Crítica
2025-12-13 19:00:00,Pump_3,189310003,1.076,2.697,1.934,0.09199005808194322,True,Crítica
2025-12-13 19:30:00,Pump_3,189310003,1.073,2.698,1.932,0.09205016763463915,True,Crítica
2025-12-13 20:00:00,Pump_3,189310003,1.075,2.703,1.925,0.09214001415677377,True,Crítica
2025-12-13 20:30:00,Pump_3,189310003,1.083,2.701,1.936,0.09220283973335477,True,Crítica
2025-12-13 21:00:00,Pump_3,189310003,1.089,2.698,1.939,0.09230826444660661,True,Crítica
2025-12-13 21:30:00,Pump_3,189310003,1.08,2.711,1.929,0.09230950932794602,True,Crítica
2025-12-13 22:00:00,Pump_3,189310003,1.084,2.713,1.935,0.09247925618284188,True,Crítica
2025-12-13 22:30:00,Pump_3,189310003,1.077,2.697,1.922,0.09252119560860844,True,Crítica
2025-12-13 23:00:00,Pump_3,189310003,1.085,2.707,1.922,0.09247881323967028,True,Crítica
2025-12-13 23:30:00,Pump_3,189310003,1.081,2.71,1.934,0.09233521096313782,True,Crítica
2025-12-14 00:00:00,Pump_3,189310003,1.09,2.707,1.926,0.09246328559328548,True,Crítica
2025-12-14 00:30:00,Pump_3,189310003,1.088,2.705,1.938,0.09244001219029824,True,Crítica
2025-12-14 01:00:00,Pump_3,189310003,1.09,2.702,1.935,0.09248749468354697,True,Crítica
2025-12-14 01:30:00,Pump_3,189310003,1.076,2.703,1.937,0.09224491654476763,True,Crítica
2025-12-14 02:00:00,Pump_3,189310003,1.082,2.702,1.927,0.09225226327638822,True,Crítica
2025-12-14 02:30:00,Pump_3,189310003,1.078,2.708,1.925,0.09202975005030652,True,Crítica
2025-12-14 03:00:00,Pump_3,189310003,1.086,2.701,1.938,0.09186691273830422,True,Crítica
2025-12-14 03:30:00,Pump_3,189310003,1.085,2.707,1.936,0.0884772218620208,True,Crítica
2025-12-14 04:00:00,Pump_3,189310003,1.08,2.704,1.922,0.08846068517948222,True,Crítica
2025-12-14 04:30:00,Pump_3,189310003,1.093,2.698,1.923,0.08841012412259668,True,Crítica
2025-12-14 05:00:00,Pump_3,189310003,1.086,2.704,1.934,0.08835974858060064,True,Crítica
2025-12-14 05:30:00,Pump_3,189310003,1.078,2.709,1.924,0.08842002524474488,True,Crítica
2025-12-14 06:00:00,Pump_3,189310003,1.095,2.704,1.938,0.08844364676221045,True,Crítica
2025-12-14 06:30:00,Pump_3,189310003,1.09,2.692,1.932,0.08831206009884397,True,Crítica
2025-12-14 07:00:00,Pump_3,189310003,1.085,2.701,1.921,0.08819242946033128,True,Crítica
2025-12-14 07:30:00,Pump_3,189310003,1.081,2.702,1.922,0.08807326113984762,True,Crítica
2025-12-14 08:00:00,Pump_3,189310003,1.086,2.698,1.931,0.08797433395713809,True,Crítica
2025-12-14 08:30:00,Pump_3,189310003,1.082,2.697,1.932,0.08789668934791958,True,Crítica
2025-12-14 09:00:00,Pump_3,189310003,1.08,2.705,1.931,0.08787077851269343,True,Crítica
2025-12-14 09:30:00,Pump_3,189310003,1.09,2.692,1.935,0.08794296194982161,True,Crítica
2025-12-14 10:00:00,Pump_3,189310003,1.092,2.696,1.935,0.08779744656396576,True,Crítica
2025-12-14 10:30:00,Pump_3,189310003,1.077,2.694,1.924,0.08764538712435073,True,Crítica
2025-12-14 11:00:00,Pump_3,189310003,1.093,2.691,1.93,0.08763084431571669,True,Crítica
2025-12-14 11:30:00,Pump_3,189310003,1.086,2.693,1.931,0.08752030709072053,True,Crítica
2025-12-14 12:00:00,Pump_3,189310003,1.094,2.699,1.919,0.08736995068168704,True,Crítica
2025-12-14 12:30:00,Pump_3,189310003,1.094,2.694,1.925,0.08723862919251396,True,Crítica
2025-12-14 13:00:00,Pump_3,189310003,1.081,2.699,1.925,0.08705917037253615,True,Crítica
2025-12-14 13:30:00,Pump_3,189310003,1.084,2.698,1.935,0.08705366202816313,True,Crítica
2025-12-14 14:00:00,Pump_3,189310003,1.097,2.703,1.928,0.08695849531798022,True,Crítica
2025-12-14 14:30:00,Pump_3,189310003,1.088,2.707,1.923,0.0868442403315717,True,Crítica
2025-12-14 15:00:00,Pump_3,189310003,1.084,2.693,1.932,0.08672841757291229,True,Crítica
2025-12-14 15:30:00,Pump_3,189310003,1.094,2.698,1.921,0.08667365281758735,True,Crítica
2025-12-14 16:00:00,Pump_3,189310003,1.086,2.703,1.938,0.08645845849482374,True,Crítica
2025-12-14 16:30:00,Pump_3,189310003,1.09,2.702,1.927,0.08649514706828028,True,Crítica
2025-12-14 17:00:00,Pump_3,189310003,1.093,2.702,1.924,0.08655789495463306,True,Crítica
2025-12-14 17:30:00,Pump_3,189310003,1.083,2.706,1.931,0.086431800614515,True,Crítica
2025-12-14 18:00:00,Pump_3,189310003,1.084,2.691,1.938,0.0864091642787307,True,Crítica
2025-12-14 18:30:00,Pump_3,189310003,1.083,2.7,1.923,0.0864451540452201,True,Crítica
2025-12-14 19:00:00,Pump_3,189310003,1.085,2.691,1.919,0.08649663554377894,True,Crítica
2025-12-14 19:30:00,Pump_3,189310003,1.079,2.689,1.922,0.0864217857448543,True,Crítica
2025-12-14 20:00:00,Pump_3,189310003,1.089,2.702,1.935,0.0863608960236969,True,Crítica
2025-12-14 20:30:00,Pump_3,189310003,1.094,2.687,1.921,0.08639423315568703,True,Crítica
2025-12-14 21:00:00,Pump_3,189310003,1.088,2.705,1.935,0.08618767701826352,True,Crítica
2025-12-14 21:30:00,Pump_3,189310003,1.088,2.7,1.936,0.08615234504837291,True,Crítica
2025-12-14 22:00:00,Pump_3,189310003,1.098,2.694,1.923,0.08623494888691124,True,Crítica
2025-12-14 22:30:00,Pump_3,189310003,1.094,2.689,1.928,0.08611279118061538,True,Crítica
2025-12-14 23:00:00,Pump_3,189310003,1.08,2.703,1.929,0.08597805701565348,True,Crítica
2025-12-14 23:30:00,Pump_3,189310003,1.61,2.703,1.94,0.08614014582248673,True,Crítica
2025-12-15 00:00:00,Pump_3,189310003,1.095,2.701,1.94,0.08983932342682628,True,Crítica
2025-12-15 00:30:00,Pump_3,189310003,1.083,2.7,1.938,0.08997208724794763,True,Crítica
2025-12-15 01:00:00,Pump_3,189310003,1.097,2.698,1.928,0.09018583323103539,True,Crítica
2025-12-15 01:30:00,Pump_3,189310003,1.079,2.701,1.924,0.09008789946509078,True,Crítica
2025-12-15 02:00:00,Pump_3,189310003,1.082,2.71,1.941,0.09010338511026032,True,Crítica
2025-12-15 02:30:00,Pump_3,189310003,1.094,2.704,1.937,0.09037184346626866,True,Crítica
2025-12-15 03:00:00,Pump_3,189310003,1.087,2.702,1.942,0.09042877261486007,True,Crítica
2025-12-15 03:30:00,Pump_3,189310003,1.083,2.705,1.931,0.09057541813192892,True,Crítica
2025-12-15 04:00:00,Pump_3,189310003,1.096,2.71,1.928,0.0908004661134237,True,Crítica
2025-12-15 04:30:00,Pump_3,189310003,1.087,2.705,1.941,0.09075429455744413,True,Crítica
2025-12-15 05:00:00,Pump_3,189310003,1.084,2.71,1.925,0.09092837207950372,True,Crítica
2025-12-15 05:30:00,Pump_3,189310003,1.088,2.716,1.934,0.09107562474546231,True,Crítica
2025-12-15 06:00:00,Pump_3,189310003,1.078,2.714,1.938,0.09113810459504773,True,Crítica
2025-12-15 06:30:00,Pump_3,189310003,1.081,2.709,1.932,0.09134543216035275,True,Crítica
2025-12-15 07:00:00,Pump_3,189310003,1.088,2.719,1.942,0.09145607100694494,True,Crítica
2025-12-15 07:30:00,Pump_3,189310003,1.081,2.715,1.941,0.09170219031812257,True,Crítica
2025-12-15 08:00:00,Pump_3,189310003,1.094,2.718,1.929,0.09190952612084409,True,Crítica
2025-12-15 08:30:00,Pump_3,189310003,1.079,2.721,1.942,0.09187106059367192,True,Crítica
2025-12-15 09:00:00,Pump_3,189310003,1.085,2.71,1.938,0.09223355642298665,True,Crítica
2025-12-15 09:30:00,Pump_3,189310003,1.079,2.717,1.946,0.09223904099250296,True,Crítica
2025-12-15 10:00:00,Pump_3,189310003,1.078,2.714,1.939,0.0924057685801478,True,Crítica
2025-12-15 10:30:00,Pump_3,189310003,1.091,2.731,1.941,0.09271408157995818,True,Crítica
2025-12-15 11:00:00,Pump_3,189310003,1.081,2.717,1.935,0.09302184199397454,True,Crítica
2025-12-15 11:30:00,Pump_3,189310003,1.09,2.73,1.936,0.09319161570051003,True,Crítica
2025-12-15 12:00:00,Pump_3,189310003,1.095,2.72,1.936,0.08958606717874212,True,Crítica
2025-12-15 12:30:00,Pump_3,189310003,1.087,2.736,1.937,0.08968334601824374,True,Crítica
2025-12-15 13:00:00,Pump_3,189310003,1.085,2.734,1.936,0.08985133331636816,True,Crítica
2025-12-15 13:30:00,Pump_3,189310003,1.096,2.729,1.931,0.09019378142079663,True,Crítica
2025-12-15 14:00:00,Pump_3,189310003,1.096,2.731,1.946,0.09025375019657804,True,Crítica
2025-12-15 14:30:00,Pump_3,189310003,1.088,2.737,1.934,0.09031093491256158,True,Crítica
2025-12-15 15:00:00,Pump_3,189310003,1.081,2.735,1.937,0.09053500504863678,True,Crítica
2025-12-15 15:30:00,Pump_3,189310003,1.087,2.735,2.277,0.09075705535506479,True,Crítica
2025-12-15 16:00:00,Pump_3,189310003,1.085,2.726,1.94,0.0932226074869221,True,Crítica
2025-12-15 16:30:00,Pump_3,189310003,1.084,2.73,1.94,0.09346776530059628,True,Crítica
2025-12-15 17:00:00,Pump_3,189310003,1.083,2.732,1.935,0.09362895588591263,True,Crítica
2025-12-15 17:30:00,Pump_3,189310003,1.077,2.733,1.934,0.09379446571173825,True,Crítica
2025-12-15 18:00:00,Pump_3,189310003,1.082,2.728,1.947,0.09395238668936605,True,Crítica
2025-12-15 18:30:00,Pump_3,189310003,1.091,2.745,1.943,0.0940431741484727,True,Crítica
2025-12-15 19:00:00,Pump_3,189310003,1.08,2.741,1.946,0.09420489404587427,True,Crítica
2025-12-15 19:30:00,Pump_3,189310003,1.082,2.749,1.949,0.09439384882150281,True,Crítica
2025-12-15 20:00:00,Pump_3,189310003,1.082,2.749,1.941,0.09459921576174023,True,Crítica
2025-12-15 20:30:00,Pump_3,189310003,1.091,2.746,1.953,0.09489535471334472,True,Crítica
2025-12-15 21:00:00,Pump_3,189310003,1.081,2.738,1.951,0.09498454183718656,True,Crítica
2025-12-15 21:30:00,Pump_3,189310003,1.079,2.741,1.954,0.09523134395767492,True,Crítica
2025-12-15 22:00:00,Pump_3,189310003,1.095,2.738,1.956,0.09539506919721694,True,Crítica
2025-12-15 22:30:00,Pump_3,189310003,1.091,2.745,1.947,0.09547666758775764,True,Crítica
2025-12-15 23:00:00,Pump_3,189310003,1.076,2.745,1.955,0.09555402939782592,True,Crítica
2025-12-15 23:30:00,Pump_3,189310003,1.078,2.754,1.949,0.0958384720342354,True,Crítica
2025-12-16 00:00:00,Pump_3,189310003,1.093,2.755,1.941,0.09610331091157673,True,Crítica
2025-12-16 00:30:00,Pump_3,189310003,1.086,2.754,1.945,0.09631340554137537,True,Crítica
2025-12-16 01:00:00,Pump_3,189310003,1.082,2.749,1.946,0.09643747893395527,True,Crítica
2025-12-16 01:30:00,Pump_3,189310003,1.089,2.754,1.957,0.09658505908157389,True,Crítica
2025-12-16 02:00:00,Pump_3,189310003,1.092,2.758,1.953,0.09693603784842252,True,Crítica
2025-12-16 02:30:00,Pump_3,189310003,1.087,2.76,1.955,0.09718485966960587,True,Crítica
2025-12-16 03:00:00,Pump_3,189310003,1.079,2.755,1.95,0.09746714365753745,True,Crítica
2025-12-16 03:30:00,Pump_3,189310003,1.077,2.745,1.957,0.09770886807527804,True,Crítica
2025-12-16 04:00:00,Pump_3,189310003,1.079,2.755,1.961,0.09633536490352593,True,Crítica
2025-12-16 04:30:00,Pump_3,189310003,1.078,2.749,1.959,0.09669275143011952,True,Crítica
2025-12-16 05:00:00,Pump_3,189310003,1.094,2.764,1.952,0.09697840995105858,True,Crítica
2025-12-16 05:30:00,Pump_3,189310003,1.093,2.761,1.955,0.09717137161290218,True,Crítica
2025-12-16 06:00:00,Pump_3,189310003,1.079,2.767,1.963,0.0973258280512591,True,Crítica
2025-12-16 06:30:00,Pump_3,189310003,1.079,2.762,1.953,0.09768065486875008,True,Crítica
2025-12-16 07:00:00,Pump_3,189310003,1.076,2.754,1.946,0.09792769433494358,True,Crítica
2025-12-16 07:30:00,Pump_3,189310003,1.082,2.758,1.949,0.09803128664624856,True,Crítica
2025-12-16 08:00:00,Pump_3,189310003,1.088,2.768,1.965,0.09808044639771223,True,Crítica
2025-12-16 08:30:00,Pump_3,189310003,1.085,2.76,1.948,0.09828212046580233,True,Crítica
2025-12-16 09:00:00,Pump_3,189310003,1.092,2.771,1.96,0.09838951076711205,True,Crítica
2025-12-16 09:30:00,Pump_3,189310003,1.092,2.762,1.959,0.09855813815028852,True,Crítica
2025-12-16 10:00:00,Pump_3,189310003,1.079,2.774,1.95,0.09862371070254292,True,Crítica
2025-12-16 10:30:00,Pump_3,189310003,1.091,2.776,1.958,0.09892995110468372,True,Crítica
2025-12-16 11:00:00,Pump_3,189310003,1.089,2.778,1.959,0.09917413679387826,True,Crítica
2025-12-16 11:30:00,Pump_3,189310003,1.086,2.765,1.954,0.0992888687340579,True,Crítica
2025-12-16 12:00:00,Pump_3,189310003,1.08,2.777,1.952,0.09931463049773,True,Crítica
2025-12-16 12:30:00,Pump_3,189310003,1.076,2.773,1.965,0.09959253517929466,True,Crítica
2025-12-16 13:00:00,Pump_3,189310003,1.074,2.78,1.955,0.09990292888609681,True,Crítica
2025-12-16 13:30:00,Pump_3,189310003,1.082,2.771,1.962,0.10019401222425842,True,Crítica
2025-12-16 14:00:00,Pump_3,189310003,1.084,2.782,1.959,0.10040162899957586,True,Crítica
2025-12-16 14:30:00,Pump_3,189310003,1.073,2.769,1.969,0.10065048330065461,True,Crítica
2025-12-16 15:00:00,Pump_3,189310003,1.078,2.777,1.957,0.10092444813303048,True,Crítica
2025-12-16 15:30:00,Pump_3,189310003,1.073,2.776,1.969,0.10110946415108524,True,Crítica
2025-12-16 16:00:00,Pump_3,189310003,1.086,2.781,1.961,0.10142157438617866,True,Crítica
2025-12-16 16:30:00,Pump_3,189310003,1.084,2.784,1.955,0.10153565696412697,True,Crítica
2025-12-16 17:00:00,Pump_3,189310003,1.083,2.783,1.953,0.10167711000593911,True,Crítica
2025-12-16 17:30:00,Pump_3,189310003,1.075,2.776,1.957,0.10187669609361688,True,Crítica
2025-12-16 18:00:00,Pump_3,189310003,1.081,2.78,1.967,0.10212811251115783,True,Crítica
2025-12-16 18:30:00,Pump_3,189310003,1.079,2.78,1.965,0.10222733939762416,True,Crítica
2025-12-16 19:00:00,Pump_3,189310003,1.082,2.795,1.961,0.10240551524585277,True,Crítica
2025-12-16 19:30:00,Pump_3,189310003,1.076,2.784,1.968,0.10266740964093296,True,Crítica
2025-12-16 20:00:00,Pump_3,189310003,1.079,2.778,1.961,0.10297670277769595,True,Crítica
2025-12-16 20:30:00,Pump_3,189310003,1.076,2.78,1.969,0.10309638096914325,True,Crítica
2025-12-16 21:00:00,Pump_3,189310003,1.078,2.797,1.963,0.10340932520424319,True,Crítica
2025-12-16 21:30:00,Pump_3,189310003,1.083,2.796,1.961,0.10368583442493168,True,Crítica
2025-12-16 22:00:00,Pump_3,189310003,1.075,2.786,1.965,0.1039709607012603,True,Crítica
2025-12-16 22:30:00,Pump_3,189310003,1.085,2.799,1.977,0.10415053807184159,True,Crítica
2025-12-16 23:00:00,Pump_3,189310003,1.087,2.799,1.964,0.10445365385183315,True,Crítica
2025-12-16 23:30:00,Pump_3,189310003,1.091,2.788,1.973,0.10462316324862167,True,Crítica
2025-12-17 00:00:00,Pump_3,189310003,1.093,2.798,1.962,0.10485124105550087,True,Crítica
2025-12-17 00:30:00,Pump_3,189310003,1.078,2.787,1.969,0.10492232304826456,True,Crítica
2025-12-17 01:00:00,Pump_3,189310003,1.089,2.786,1.96,0.10503357489507165,True,Crítica
2025-12-17 01:30:00,Pump_3,189310003,1.083,2.788,1.969,0.10497903140599128,True,Crítica
2025-12-17 02:00:00,Pump_3,189310003,1.087,2.804,1.973,0.10513644164671433,True,Crítica
2025-12-17 02:30:00,Pump_3,189310003,1.082,2.807,1.961,0.10533203449741887,True,Crítica
2025-12-17 03:00:00,Pump_3,189310003,1.078,2.802,1.966,0.10544772322560497,True,Crítica
2025-12-17 03:30:00,Pump_3,189310003,1.09,2.791,1.96,0.10564832975135409,True,Crítica
2025-12-17 04:00:00,Pump_3,189310003,1.097,2.799,1.969,0.10557037699323242,True,Crítica
2025-12-17 04:30:00,Pump_3,189310003,1.098,2.795,1.972,0.10565383312901216,True,Crítica
2025-12-17 05:00:00,Pump_3,189310003,1.082,2.808,1.964,0.10572299637358967,True,Crítica
2025-12-17 05:30:00,Pump_3,189310003,1.097,2.801,1.967,0.1059375355177215,True,Crítica
2025-12-17 06:00:00,Pump_3,189310003,1.091,2.809,1.965,0.10598349180191208,True,Crítica
2025-12-17 06:30:00,Pump_3,189310003,1.091,2.797,1.955,0.10608205782038746,True,Crítica
2025-12-17 07:00:00,Pump_3,189310003,1.095,2.811,1.955,0.10604498865790637,True,Crítica
2025-12-17 07:30:00,Pump_3,189310003,1.1,2.801,1.967,0.1059946673235359,True,Crítica
2025-12-17 08:00:00,Pump_3,189310003,1.092,2.808,1.959,0.10592849447380909,True,Crítica
2025-12-17 08:30:00,Pump_3,189310003,1.089,2.799,1.957,0.1060012269823178,True,Crítica
2025-12-17 09:00:00,Pump_3,189310003,1.102,2.801,1.965,0.10596273168926408,True,Crítica
2025-12-17 09:30:00,Pump_3,189310003,1.098,2.811,1.965,0.10581932252375947,True,Crítica
2025-12-17 10:00:00,Pump_3,189310003,1.094,2.799,1.96,0.105818560268487,True,Crítica
2025-12-17 10:30:00,Pump_3,189310003,1.095,2.809,1.956,0.10573799656179232,True,Crítica
2025-12-17 11:00:00,Pump_3,189310003,1.103,2.803,1.958,0.10562060424219027,True,Crítica
2025-12-17 11:30:00,Pump_3,189310003,1.1,2.799,1.955,0.10550343837716405,True,Crítica
2025-12-17 12:00:00,Pump_3,189310003,1.092,2.798,1.953,0.10543974830389656,True,Crítica
2025-12-17 12:30:00,Pump_3,189310003,1.088,2.802,1.959,0.10541960213316044,True,Crítica
2025-12-17 13:00:00,Pump_3,189310003,1.099,2.811,1.961,0.10540859096444558,True,Crítica
2025-12-17 13:30:00,Pump_3,189310003,1.099,2.805,1.972,0.10550879167834278,True,Crítica
2025-12-17 14:00:00,Pump_3,189310003,1.102,2.819,1.96,0.10554809842052151,True,Crítica
2025-12-17 14:30:00,Pump_3,189310003,1.1,2.82,1.958,0.10546097779653446,True,Crítica
2025-12-17 15:00:00,Pump_3,189310003,1.097,2.808,1.969,0.10537065551760882,True,Crítica
2025-12-17 15:30:00,Pump_3,189310003,1.111,2.815,1.952,0.10529675000580761,True,Crítica
2025-12-17 16:00:00,Pump_3,189310003,1.112,2.822,1.965,0.10523618422045472,True,Crítica
2025-12-17 16:30:00,Pump_3,189310003,1.105,2.804,1.954,0.10525882575841242,True,Crítica
2025-12-17 17:00:00,Pump_3,189310003,1.104,2.805,2.494,0.10519421429872738,True,Crítica
2025-12-17 17:30:00,Pump_3,189310003,1.096,2.808,1.969,0.10857222603764112,True,Crítica
2025-12-17 18:00:00,Pump_3,189310003,1.104,2.813,1.95,0.10862799752377289,True,Crítica
2025-12-17 18:30:00,Pump_3,189310003,1.097,2.825,1.969,0.10841024432923899,True,Crítica
2025-12-17 19:00:00,Pump_3,189310003,1.112,2.812,1.954,0.10855083574675346,True,Crítica
2025-12-17 19:30:00,Pump_3,189310003,1.106,2.814,1.958,0.10834291520157985,True,Crítica
2025-12-17 20:00:00,Pump_3,189310003,1.115,2.808,1.954,0.10827433403620147,True,Crítica
2025-12-17 20:30:00,Pump_3,189310003,1.115,2.808,1.965,0.10799552749798307,True,Crítica
2025-12-17 21:00:00,Pump_3,189310003,1.111,2.812,1.959,0.10783187643963532,True,Crítica
2025-12-17 21:30:00,Pump_3,189310003,1.115,2.813,1.958,0.10773617141616404,True,Crítica
2025-12-17 22:00:00,Pump_3,189310003,1.118,2.821,1.968,0.1075061607672307,True,Crítica
2025-12-17 22:30:00,Pump_3,189310003,1.103,2.826,1.964,0.10742817895823432,True,Crítica
2025-12-17 23:00:00,Pump_3,189310003,1.111,2.818,1.965,0.10742084383805477,True,Crítica
2025-12-17 23:30:00,Pump_3,189310003,1.119,2.826,1.957,0.10741869865351474,True,Crítica
2025-12-18 00:00:00,Pump_3,189310003,1.121,2.82,1.956,0.10735772862746164,True,Crítica
2025-12-18 00:30:00,Pump_3,189310003,1.111,2.819,1.96,0.10719484743931014,True,Crítica
2025-12-18 01:00:00,Pump_3,189310003,1.105,2.814,1.96,0.10704883999546916,True,Crítica
2025-12-18 01:30:00,Pump_3,189310003,1.109,2.82,1.962,0.10695407072888727,True,Crítica
2025-12-18 02:00:00,Pump_3,189310003,1.123,2.82,1.961,0.10687544885262448,True,Crítica
2025-12-18 02:30:00,Pump_3,189310003,1.116,2.82,1.964,0.10667718360155447,True,Crítica
2025-12-18 03:00:00,Pump_3,189310003,1.106,2.832,1.961,0.10655803635583903,True,Crítica
2025-12-18 03:30:00,Pump_3,189310003,1.122,2.831,1.961,0.10658469369244693,True,Crítica
2025-12-18 04:00:00,Pump_3,189310003,1.111,2.833,1.956,0.10665376118820519,True,Crítica
2025-12-18 04:30:00,Pump_3,189310003,1.114,2.83,1.946,0.10672243117243796,True,Crítica
2025-12-18 05:00:00,Pump_3,189310003,1.11,2.819,1.954,0.10682514182660935,True,Crítica
2025-12-18 05:30:00,Pump_3,189310003,1.115,2.826,1.948,0.10475981500593722,True,Crítica
2025-12-18 06:00:00,Pump_3,189310003,1.116,2.825,1.946,0.1046670581906987,True,Crítica
2025-12-18 06:30:00,Pump_3,189310003,1.123,2.836,1.957,0.10457234092193013,True,Crítica
2025-12-18 07:00:00,Pump_3,189310003,1.115,2.833,1.95,0.10453583165965137,True,Crítica
2025-12-18 07:30:00,Pump_3,189310003,1.113,2.83,1.946,0.10452250400365701,True,Crítica
2025-12-18 08:00:00,Pump_3,189310003,1.113,2.827,1.957,0.10464095851014212,True,Crítica
2025-12-18 08:30:00,Pump_3,189310003,1.129,2.836,1.951,0.10481547452827164,True,Crítica
2025-12-18 09:00:00,Pump_3,189310003,1.12,2.83,1.962,0.10477989788951973,True,Crítica
2025-12-18 09:30:00,Pump_3,189310003,1.126,2.829,1.952,0.10493839750502554,True,Crítica
2025-12-18 10:00:00,Pump_3,189310003,1.118,2.828,1.955,0.10499518847862735,True,Crítica
2025-12-18 10:30:00,Pump_3,189310003,1.125,2.835,1.961,0.10479121805650388,True,Crítica
2025-12-18 11:00:00,Pump_3,189310003,1.132,2.842,1.962,0.10481739333767498,True,Crítica
2025-12-18 11:30:00,Pump_3,189310003,1.128,2.84,1.962,0.10495947825530948,True,Crítica
2025-12-18 12:00:00,Pump_3,189310003,1.134,2.827,1.949,0.10506453116560278,True,Crítica
2025-12-18 12:30:00,Pump_3,189310003,1.119,2.843,1.948,0.10485921725206689,True,Crítica
2025-12-18 13:00:00,Pump_3,189310003,1.128,2.83,1.954,0.10482549625788169,True,Crítica
2025-12-18 13:30:00,Pump_3,189310003,1.129,2.834,1.962,0.1048432249389078,True,Crítica
2025-12-18 14:00:00,Pump_3,189310003,1.124,2.846,1.947,0.10506411698367436,True,Crítica
2025-12-18 14:30:00,Pump_3,189310003,1.131,2.845,1.953,0.10508283341879829,True,Crítica
2025-12-18 15:00:00,Pump_3,189310003,1.129,2.833,1.952,0.10497715521209562,True,Crítica
2025-12-18 15:30:00,Pump_3,189310003,1.134,2.839,1.949,0.10505405451036037,True,Crítica
2025-12-18 16:00:00,Pump_3,189310003,1.127,2.848,1.961,0.10482954402481266,True,Crítica
2025-12-18 16:30:00,Pump_3,189310003,1.122,2.836,1.96,0.10491197766033918,True,Crítica
2025-12-18 17:00:00,Pump_3,189310003,1.142,2.848,1.946,0.10493154324157387,True,Crítica
2025-12-18 17:30:00,Pump_3,189310003,1.142,2.835,1.946,0.10493891115602941,True,Crítica
2025-12-18 18:00:00,Pump_3,189310003,1.142,2.842,1.942,0.10481385973811501,True,Crítica
2025-12-18 18:30:00,Pump_3,189310003,1.142,2.839,1.958,0.10481424349984181,True,Crítica
2025-12-18 19:00:00,Pump_3,189310003,1.128,2.842,1.96,0.10466624482772786,True,Crítica
2025-12-18 19:30:00,Pump_3,189310003,1.145,2.846,1.957,0.1047161169577887,True,Crítica
2025-12-18 20:00:00,Pump_3,189310003,1.139,2.834,1.949,0.10469214953672296,True,Crítica
2025-12-18 20:30:00,Pump_3,189310003,1.129,2.848,1.954,0.1048584174836504,True,Crítica
2025-12-18 21:00:00,Pump_3,189310003,1.145,2.849,1.941,0.10486083336938908,True,Crítica
2025-12-18 21:30:00,Pump_3,189310003,1.139,2.842,1.951,0.10491058033039312,True,Crítica
2025-12-18 22:00:00,Pump_3,189310003,1.135,2.843,1.954,0.10487474914433809,True,Crítica
2025-12-18 22:30:00,Pump_3,189310003,1.139,2.842,1.955,0.1051038025646844,True,Crítica
2025-12-18 23:00:00,Pump_3,189310003,1.145,2.845,1.939,0.10525731997639193,True,Crítica
2025-12-18 23:30:00,Pump_3,189310003,1.148,2.853,1.942,0.10514660960027494,True,Crítica
2025-12-19 00:00:00,Pump_3,189310003,1.149,2.839,1.958,0.10517464175343157,True,Crítica
2025-12-19 00:30:00,Pump_3,189310003,1.143,2.859,1.954,0.10511605154851246,True,Crítica
2025-12-19 01:00:00,Pump_3,189310003,1.149,2.858,1.95,0.1052599224810221,True,Crítica
2025-12-19 01:30:00,Pump_3,189310003,1.151,2.844,1.954,0.1054262324559461,True,Crítica
2025-12-19 02:00:00,Pump_3,189310003,1.137,2.844,1.94,0.10541667404383633,True,Crítica
2025-12-19 02:30:00,Pump_3,189310003,1.585,2.841,1.956,0.10539926185628547,True,Crítica
2025-12-19 03:00:00,Pump_3,189310003,1.134,2.857,1.947,0.10837966020606246,True,Crítica
2025-12-19 03:30:00,Pump_3,189310003,1.147,2.843,1.955,0.10870181307097543,True,Crítica
2025-12-19 04:00:00,Pump_3,189310003,1.148,2.842,1.941,0.1087291407847464,True,Crítica
2025-12-19 04:30:00,Pump_3,189310003,1.134,2.854,1.949,0.10862135047253155,True,Crítica
2025-12-19 05:00:00,Pump_3,189310003,1.137,2.851,1.954,0.10921709583478972,True,Crítica
2025-12-19 05:30:00,Pump_3,189310003,1.146,2.859,1.941,0.10955044915049833,True,Crítica
2025-12-19 06:00:00,Pump_3,189310003,1.135,2.86,1.955,0.10997471842924313,True,Crítica
2025-12-19 06:30:00,Pump_3,189310003,1.135,2.862,1.945,0.11055303731542816,True,Crítica
2025-12-19 07:00:00,Pump_3,189310003,1.137,2.853,1.948,0.11097332881709523,True,Crítica
2025-12-19 07:30:00,Pump_3,189310003,1.14,2.855,1.943,0.11173277581989655,True,Crítica
2025-12-19 08:00:00,Pump_3,189310003,1.138,2.847,1.953,0.11215516638280201,True,Crítica
2025-12-19 08:30:00,Pump_3,189310003,1.132,2.863,1.936,0.11261754298005627,True,Crítica
2025-12-19 09:00:00,Pump_3,189310003,1.126,2.851,1.951,0.11324186270423563,True,Crítica
2025-12-19 09:30:00,Pump_3,189310003,1.139,2.859,1.952,0.11361873365313868,True,Crítica
2025-12-19 10:00:00,Pump_3,189310003,1.128,2.853,1.934,0.11395023682064614,True,Crítica
2025-12-19 10:30:00,Pump_3,189310003,1.135,2.866,1.937,0.11420591047755904,True,Crítica
2025-12-19 11:00:00,Pump_3,189310003,1.123,2.857,1.95,0.11444255564910796,True,Crítica
2025-12-19 11:30:00,Pump_3,189310003,1.124,2.854,1.937,0.11462359686143886,True,Crítica
2025-12-19 12:00:00,Pump_3,189310003,1.126,2.867,1.945,0.1144802036702074,True,Crítica
2025-12-19 12:30:00,Pump_3,189310003,1.129,2.869,1.942,0.11442434319450902,True,Crítica
2025-12-19 13:00:00,Pump_3,189310003,1.126,2.857,1.943,0.11419399174190471,True,Crítica
2025-12-19 13:30:00,Pump_3,189310003,1.122,2.852,1.939,0.11390536849169204,True,Crítica
2025-12-19 14:00:00,Pump_3,189310003,1.126,2.858,1.935,0.11358067049114526,True,Crítica
2025-12-19 14:30:00,Pump_3,189310003,1.126,2.865,1.933,0.11308991572042151,True,Crítica
2025-12-19 15:00:00,Pump_3,189310003,1.124,2.86,1.938,0.10868445133420512,True,Crítica
2025-12-19 15:30:00,Pump_3,189310003,1.125,2.857,1.935,0.10887985308774711,True,Crítica
2025-12-19 16:00:00,Pump_3,189310003,1.118,2.858,1.93,0.10891728732184523,True,Crítica
2025-12-19 16:30:00,Pump_3,189310003,1.131,2.864,1.942,0.10894175922925614,True,Crítica
2025-12-19 17:00:00,Pump_3,189310003,1.126,2.857,1.938,0.10914498052945319,True,Crítica
2025-12-19 17:30:00,Pump_3,189310003,1.118,2.858,1.933,0.10917356773062312,True,Crítica
2025-12-19 18:00:00,Pump_3,189310003,1.128,2.857,1.942,0.10905056679581601,True,Crítica
2025-12-19 18:30:00,Pump_3,189310003,1.113,2.858,1.939,0.10906364187592703,True,Crítica
2025-12-19 19:00:00,Pump_3,189310003,1.114,2.862,1.932,0.10919200135748354,True,Crítica
2025-12-19 19:30:00,Pump_3,189310003,1.124,2.862,1.93,0.10936150884181028,True,Crítica
2025-12-19 20:00:00,Pump_3,189310003,1.115,2.866,1.928,0.10932040545399195,True,Crítica
2025-12-19 20:30:00,Pump_3,189310003,1.123,2.861,1.937,0.10947967037145821,True,Crítica
2025-12-19 21:00:00,Pump_3,189310003,1.108,2.867,1.937,0.10945662585792326,True,Crítica
2025-12-19 21:30:00,Pump_3,189310003,1.122,2.87,1.933,0.10980404339585863,True,Crítica
2025-12-19 22:00:00,Pump_3,189310003,1.123,2.869,1.943,0.10980859935911622,True,Crítica
2025-12-19 22:30:00,Pump_3,189310003,1.126,2.858,1.928,0.11002222532774868,True,Crítica
2025-12-19 23:00:00,Pump_3,189310003,1.122,2.872,1.938,0.10971777907744157,True,Crítica
2025-12-19 23:30:00,Pump_3,189310003,1.12,2.867,1.944,0.10983333779055997,True,Crítica
2025-12-20 00:00:00,Pump_3,189310003,1.114,2.859,1.935,0.11000487999426421,True,Crítica
2025-12-20 00:30:00,Pump_3,189310003,1.117,2.86,1.926,0.1100192168292483,True,Crítica
2025-12-20 01:00:00,Pump_3,189310003,1.104,2.879,1.934,0.1098707913546372,True,Crítica
2025-12-20 01:30:00,Pump_3,189310003,1.11,2.869,1.932,0.1100868358869197,True,Crítica
2025-12-20 02:00:00,Pump_3,189310003,1.109,2.868,1.929,0.11033554007703929,True,Crítica
2025-12-20 02:30:00,Pump_3,189310003,1.111,3.124,1.927,0.11045687350854225,True,Crítica
2025-12-20 03:00:00,Pump_3,189310003,1.113,2.872,1.934,0.11176352788624115,True,Crítica
2025-12-20 03:30:00,Pump_3,189310003,1.119,2.878,1.934,0.11194481492797223,True,Crítica
2025-12-20 04:00:00,Pump_3,189310003,1.109,2.863,1.933,0.11205070927885696,True,Crítica
2025-12-20 04:30:00,Pump_3,189310003,1.105,2.876,1.931,0.11237393334299067,True,Crítica
2025-12-20 05:00:00,Pump_3,189310003,1.116,2.864,1.923,0.11258680128241291,True,Crítica
2025-12-20 05:30:00,Pump_3,189310003,1.112,2.872,1.929,0.1126151458692442,True,Crítica
2025-12-20 06:00:00,Pump_3,189310003,1.106,2.873,1.928,0.11296607394021718,True,Crítica
2025-12-20 06:30:00,Pump_3,189310003,1.106,2.874,1.926,0.113089762856694,True,Crítica
2025-12-20 07:00:00,Pump_3,189310003,1.098,2.872,1.923,0.11332819673634119,True,Crítica
2025-12-20 07:30:00,Pump_3,189310003,1.1,2.884,1.923,0.11368761998027693,True,Crítica
2025-12-20 08:00:00,Pump_3,189310003,1.095,2.884,1.93,0.11388257153556866,True,Crítica
2025-12-20 08:30:00,Pump_3,189310003,1.111,2.872,1.927,0.1143233767465763,True,Crítica
2025-12-20 09:00:00,Pump_3,189310003,1.108,2.88,1.938,0.1143497708051715,True,Crítica
2025-12-20 09:30:00,Pump_3,189310003,1.1,2.875,1.92,0.11478846162390849,True,Crítica
2025-12-20 10:00:00,Pump_3,189310003,1.095,2.88,1.92,0.11502354703166347,True,Crítica
2025-12-20 10:30:00,Pump_3,189310003,1.11,2.87,1.939,0.11540270622136688,True,Crítica
2025-12-20 11:00:00,Pump_3,189310003,1.111,2.874,1.927,0.11576598587103278,True,Crítica
2025-12-20 11:30:00,Pump_3,189310003,1.093,2.872,1.922,0.11591397402252952,True,Crítica
2025-12-20 12:00:00,Pump_3,189310003,1.109,2.888,1.936,0.11612192488860017,True,Crítica
2025-12-20 12:30:00,Pump_3,189310003,1.109,2.883,1.934,0.11651390869081707,True,Crítica
2025-12-20 13:00:00,Pump_3,189310003,1.096,2.882,1.924,0.11656905358056131,True,Crítica
2025-12-20 13:30:00,Pump_3,189310003,1.092,2.873,1.929,0.11659198810131836,True,Crítica
2025-12-20 14:00:00,Pump_3,189310003,1.093,2.887,1.936,0.11661519254149012,True,Crítica
2025-12-20 14:30:00,Pump_3,189310003,1.093,2.872,1.931,0.11673568915982374,True,Crítica
2025-12-20 15:00:00,Pump_3,189310003,1.1,2.881,1.936,0.11398976001456873,True,Crítica
2025-12-20 15:30:00,Pump_3,189310003,1.103,2.879,1.924,0.11426526099216254,True,Crítica
2025-12-20 16:00:00,Pump_3,189310003,1.087,2.882,1.927,0.11418153437691186,True,Crítica
2025-12-20 16:30:00,Pump_3,189310003,1.093,2.873,1.917,0.11444637053599832,True,Crítica
2025-12-20 17:00:00,Pump_3,189310003,1.096,2.884,1.918,0.11460795423393244,True,Crítica
2025-12-20 17:30:00,Pump_3,189310003,1.091,2.875,1.924,0.11479486126719,True,Crítica
2025-12-20 18:00:00,Pump_3,189310003,1.103,2.879,1.917,0.11487274079400762,True,Crítica
2025-12-20 18:30:00,Pump_3,189310003,1.092,2.875,1.933,0.11486414008899959,True,Crítica
2025-12-20 19:00:00,Pump_3,189310003,1.098,2.894,1.918,0.11488366175724105,True,Crítica
2025-12-20 19:30:00,Pump_3,189310003,1.087,2.89,1.933,0.11495337363780878,True,Crítica
2025-12-20 20:00:00,Pump_3,189310003,1.085,2.889,1.925,0.11495634547377885,True,Crítica
2025-12-20 20:30:00,Pump_3,189310003,1.082,2.894,1.93,0.11520564203208623,True,Crítica
2025-12-20 21:00:00,Pump_3,189310003,1.092,2.892,1.928,0.11550413943907421,True,Crítica
2025-12-20 21:30:00,Pump_3,189310003,1.098,2.894,1.926,0.11552968468671329,True,Crítica
2025-12-20 22:00:00,Pump_3,189310003,1.093,2.885,1.926,0.1155297425780643,True,Crítica
2025-12-20 22:30:00,Pump_3,189310003,1.093,2.889,1.917,0.1157360783679277,True,Crítica
2025-12-20 23:00:00,Pump_3,189310003,1.09,2.886,1.929,0.11594245549559276,True,Crítica
2025-12-20 23:30:00,Pump_3,189310003,1.093,2.881,1.927,0.11590915169572234,True,Crítica
2025-12-21 00:00:00,Pump_3,189310003,1.094,2.882,1.918,0.11621134104821094,True,Crítica
2025-12-21 00:30:00,Pump_3,189310003,1.077,2.887,1.914,0.11618405011560992,True,Crítica
2025-12-21 01:00:00,Pump_3,189310003,1.09,2.881,1.911,0.1161641859896715,True,Crítica
2025-12-21 01:30:00,Pump_3,189310003,1.087,2.899,1.927,0.11604763517411373,True,Crítica
2025-12-21 02:00:00,Pump_3,189310003,1.078,2.894,1.928,0.1163038147820626,True,Crítica
2025-12-21 02:30:00,Pump_3,189310003,1.073,2.887,1.913,0.11646342333329256,True,Crítica
2025-12-21 03:00:00,Pump_3,189310003,1.081,2.897,1.922,0.11679970513045355,True,Crítica
2025-12-21 03:30:00,Pump_3,189310003,1.091,2.885,1.929,0.11709367169307411,True,Crítica
2025-12-21 04:00:00,Pump_3,189310003,1.091,2.884,1.915,0.11705307748338163,True,Crítica
2025-12-21 04:30:00,Pump_3,189310003,1.079,2.903,1.915,0.117091570023792,True,Crítica
2025-12-21 05:00:00,Pump_3,189310003,1.08,2.889,1.918,0.11740921512781072,True,Crítica
2025-12-21 05:30:00,Pump_3,189310003,1.075,2.895,1.921,0.11745143866924446,True,Crítica
2025-12-21 06:00:00,Pump_3,189310003,1.08,2.886,1.921,0.11789792935033863,True,Crítica
2025-12-21 06:30:00,Pump_3,189310003,1.086,2.889,1.932,0.11795453354027582,True,Crítica
2025-12-21 07:00:00,Pump_3,189310003,1.08,2.902,1.924,0.11826386582545033,True,Crítica
2025-12-21 07:30:00,Pump_3,189310003,1.084,2.893,1.933,0.11820747757597008,True,Crítica
2025-12-21 08:00:00,Pump_3,189310003,1.078,2.899,1.923,0.11822884652837533,True,Crítica
2025-12-21 08:30:00,Pump_3,189310003,1.083,2.901,1.936,0.118230368062342,True,Crítica
2025-12-21 09:00:00,Pump_3,189310003,1.067,2.896,1.932,0.11841158973409652,True,Crítica
2025-12-21 09:30:00,Pump_3,189310003,1.071,2.898,1.93,0.11871112177073136,True,Crítica
2025-12-21 10:00:00,Pump_3,189310003,1.073,2.9,1.923,0.11885154306681082,True,Crítica
2025-12-21 10:30:00,Pump_3,189310003,1.083,2.894,1.939,0.11908549462191785,True,Crítica
2025-12-21 11:00:00,Pump_3,189310003,1.082,2.912,1.934,0.11923982147307013,True,Crítica
2025-12-21 11:30:00,Pump_3,189310003,1.072,2.908,1.94,0.11957036302655297,True,Crítica
2025-12-21 12:00:00,Pump_3,189310003,1.081,2.915,1.933,0.12004767659568098,True,Crítica
2025-12-21 12:30:00,Pump_3,189310003,1.078,2.908,1.936,0.12016677992667082,True,Crítica
2025-12-21 13:00:00,Pump_3,189310003,1.075,2.897,1.943,0.12055694261905536,True,Crítica
2025-12-21 13:30:00,Pump_3,189310003,1.064,2.908,1.928,0.12088043450535052,True,Crítica
2025-12-21 14:00:00,Pump_3,189310003,1.076,2.907,1.941,0.12094288880045283,True,Crítica
2025-12-21 14:30:00,Pump_3,189310003,1.068,2.912,1.942,0.12103513608621227,True,Crítica
2025-12-21 15:00:00,Pump_3,189310003,1.492,2.91,1.937,0.12144495593418132,True,Crítica
2025-12-21 15:30:00,Pump_3,189310003,1.063,2.904,1.929,0.123693838636126,True,Crítica
2025-12-21 16:00:00,Pump_3,189310003,1.066,2.907,1.946,0.12410086743277107,True,Crítica
2025-12-21 16:30:00,Pump_3,189310003,1.075,2.916,1.931,0.12447617056392869,True,Crítica
2025-12-21 17:00:00,Pump_3,189310003,1.058,2.905,1.934,0.12466664601121306,True,Crítica
2025-12-21 17:30:00,Pump_3,189310003,1.06,2.914,1.941,0.12502908499687757,True,Crítica
2025-12-21 18:00:00,Pump_3,189310003,1.074,2.923,1.934,0.12554125740045494,True,Crítica
2025-12-21 18:30:00,Pump_3,189310003,1.063,2.911,1.941,0.126113382771974,True,Crítica
2025-12-21 19:00:00,Pump_3,189310003,1.072,2.907,1.949,0.12660667777282997,True,Crítica
2025-12-21 19:30:00,Pump_3,189310003,1.06,2.909,1.943,0.1270646276314697,True,Crítica
2025-12-21 20:00:00,Pump_3,189310003,1.056,2.911,1.939,0.12755765574339392,True,Crítica
2025-12-21 20:30:00,Pump_3,189310003,1.068,2.91,1.935,0.1281325643234505,True,Crítica
2025-12-21 21:00:00,Pump_3,189310003,1.068,2.923,1.94,0.12838755978313446,True,Crítica
2025-12-21 21:30:00,Pump_3,189310003,1.063,2.922,1.945,0.12875491256117058,True,Crítica
2025-12-21 22:00:00,Pump_3,189310003,1.067,2.924,1.944,0.1291539150406553,True,Crítica
2025-12-21 22:30:00,Pump_3,189310003,1.066,2.928,1.948,0.12959141478736783,True,Crítica
2025-12-21 23:00:00,Pump_3,189310003,1.061,2.927,1.937,0.13000525402863936,True,Crítica
2025-12-21 23:30:00,Pump_3,189310003,1.068,2.915,1.944,0.13002537496399796,True,Crítica
2025-12-22 00:00:00,Pump_3,189310003,1.062,2.933,1.956,0.13008560898662547,True,Crítica
2025-12-22 00:30:00,Pump_3,189310003,1.069,2.916,1.945,0.1301484084295259,True,Crítica
2025-12-22 01:00:00,Pump_3,189310003,1.052,2.919,1.958,0.13000104981399607,True,Crítica
2025-12-22 01:30:00,Pump_3,189310003,1.06,2.922,1.957,0.13018064675649552,True,Crítica
2025-12-22 02:00:00,Pump_3,189310003,1.063,2.927,1.954,0.13024259184382386,True,Crítica
2025-12-22 02:30:00,Pump_3,189310003,1.064,2.917,1.955,0.130386451490994,True,Crítica
2025-12-22 03:00:00,Pump_3,189310003,1.053,2.921,1.961,0.13087340874604836,True,Crítica
2025-12-22 03:30:00,Pump_3,189310003,1.062,2.931,1.945,0.1280408169335469,True,Crítica
2025-12-22 04:00:00,Pump_3,189310003,1.052,2.937,1.949,0.1282655704202708,True,Crítica
2025-12-22 04:30:00,Pump_3,189310003,1.054,2.927,1.952,0.12873878974548347,True,Crítica
2025-12-22 05:00:00,Pump_3,189310003,1.06,2.941,1.96,0.1288966483449533,True,Crítica
2025-12-22 05:30:00,Pump_3,189310003,1.047,2.931,1.952,0.12922876540431216,True,Crítica
2025-12-22 06:00:00,Pump_3,189310003,1.054,2.93,1.955,0.12959577532480168,True,Crítica
2025-12-22 06:30:00,Pump_3,189310003,1.048,2.936,1.963,0.12972106702597172,True,Crítica
2025-12-22 07:00:00,Pump_3,189310003,1.054,2.941,1.948,0.13021473995462549,True,Crítica
2025-12-22 07:30:00,Pump_3,189310003,1.054,2.927,1.955,0.13049799862576744,True,Crítica
2025-12-22 08:00:00,Pump_3,189310003,1.043,2.941,1.949,0.13072904462313154,True,Crítica
2025-12-22 08:30:00,Pump_3,189310003,1.044,2.942,1.95,0.13105349203784686,True,Crítica
2025-12-22 09:00:00,Pump_3,189310003,1.046,2.942,1.967,0.13144731304975882,True,Crítica
2025-12-22 09:30:00,Pump_3,189310003,1.053,2.933,1.956,0.13176027820643513,True,Crítica
2025-12-22 10:00:00,Pump_3,189310003,1.056,2.94,1.954,0.13193964704911806,True,Crítica
2025-12-22 10:30:00,Pump_3,189310003,1.056,2.937,1.969,0.13208924188950177,True,Crítica
2025-12-22 11:00:00,Pump_3,189310003,1.048,2.948,1.962,0.1322685091836195,True,Crítica
2025-12-22 11:30:00,Pump_3,189310003,1.044,2.946,1.965,0.13258591377353804,True,Crítica
2025-12-22 12:00:00,Pump_3,189310003,1.053,3.242,1.968,0.13299916846773463,True,Crítica
2025-12-22 12:30:00,Pump_3,189310003,1.053,2.945,1.969,0.13480217885888335,True,Crítica
2025-12-22 13:00:00,Pump_3,189310003,1.043,2.951,1.966,0.13520357827857626,True,Crítica
2025-12-22 13:30:00,Pump_3,189310003,1.046,2.953,1.961,0.13558711371598842,True,Crítica
2025-12-22 14:00:00,Pump_3,189310003,1.041,2.945,1.963,0.1359752209987313,True,Crítica
2025-12-22 14:30:00,Pump_3,189310003,1.044,2.946,1.968,0.13638943844074497,True,Crítica
2025-12-22 15:00:00,Pump_3,189310003,1.053,2.945,1.975,0.1368795416073487,True,Crítica
2025-12-22 15:30:00,Pump_3,189310003,1.048,2.952,1.959,0.1372429403074094,True,Crítica
2025-12-22 16:00:00,Pump_3,189310003,1.045,2.94,1.964,0.13757017525300957,True,Crítica
2025-12-22 16:30:00,Pump_3,189310003,1.037,2.953,1.96,0.1377738060030516,True,Crítica
2025-12-22 17:00:00,Pump_3,189310003,1.036,2.956,1.961,0.13819031385352976,True,Crítica
2025-12-22 17:30:00,Pump_3,189310003,1.038,2.952,1.979,0.13856000953395617,True,Crítica
2025-12-22 18:00:00,Pump_3,189310003,1.042,2.941,1.971,0.1390164761932683,True,Crítica
2025-12-22 18:30:00,Pump_3,189310003,1.046,2.946,1.969,0.13939185408193155,True,Crítica
2025-12-22 19:00:00,Pump_3,189310003,1.038,2.945,1.974,0.1396291166690945,True,Crítica
2025-12-22 19:30:00,Pump_3,189310003,1.03,2.961,1.967,0.13998335673940504,True,Crítica
2025-12-22 20:00:00,Pump_3,189310003,1.045,2.95,1.977,0.14053411845543629,True,Crítica
2025-12-22 20:30:00,Pump_3,189310003,1.037,2.961,1.971,0.14076488766639664,True,Crítica
2025-12-22 21:00:00,Pump_3,189310003,1.032,2.959,1.98,0.14104929452246184,True,Crítica
2025-12-22 21:30:00,Pump_3,189310003,1.047,2.959,1.978,0.14137946147623998,True,Crítica
2025-12-22 22:00:00,Pump_3,189310003,1.035,2.961,1.983,0.1416995482763769,True,Crítica
2025-12-22 22:30:00,Pump_3,189310003,1.032,2.957,1.985,0.1420846647617418,True,Crítica
2025-12-22 23:00:00,Pump_3,189310003,1.041,2.955,1.969,0.14244195429199805,True,Crítica
2025-12-22 23:30:00,Pump_3,189310003,1.041,2.955,1.974,0.1424265033461334,True,Crítica
2025-12-23 00:00:00,Pump_3,189310003,1.027,2.96,1.976,0.14238401717065863,True,Crítica
2025-12-23 00:30:00,Pump_3,189310003,1.037,2.963,1.98,0.14001203551468672,True,Crítica
2025-12-23 01:00:00,Pump_3,189310003,1.03,2.962,1.987,0.14028944087324735,True,Crítica
2025-12-23 01:30:00,Pump_3,189310003,1.029,2.961,1.984,0.14053288748035175,True,Crítica
2025-12-23 02:00:00,Pump_3,189310003,1.024,2.965,1.981,0.14077772448432063,True,Crítica
2025-12-23 02:30:00,Pump_3,189310003,1.028,2.97,1.975,0.1410879227887176,True,Crítica
2025-12-23 03:00:00,Pump_3,189310003,1.033,2.955,1.978,0.14136062703722382,True,Crítica
2025-12-23 03:30:00,Pump_3,189310003,1.042,2.971,1.976,0.141611246608229,True,Crítica
2025-12-23 04:00:00,Pump_3,189310003,1.023,2.96,1.979,0.1417952693812554,True,Crítica
2025-12-23 04:30:00,Pump_3,189310003,1.023,2.958,1.981,0.1421609037520632,True,Crítica
2025-12-23 05:00:00,Pump_3,189310003,1.035,2.974,1.987,0.14235729346293446,True,Crítica
2025-12-23 05:30:00,Pump_3,189310003,1.026,2.975,1.984,0.14254812310783113,True,Crítica
2025-12-23 06:00:00,Pump_3,189310003,1.029,2.961,1.983,0.14280962979100886,True,Crítica
2025-12-23 06:30:00,Pump_3,189310003,1.026,2.971,1.997,0.14311084245900332,True,Crítica
2025-12-23 07:00:00,Pump_3,189310003,1.038,2.979,1.982,0.14356918412767491,True,Crítica
2025-12-23 07:30:00,Pump_3,189310003,1.038,2.974,1.983,0.14380344621335509,True,Crítica
2025-12-23 08:00:00,Pump_3,189310003,1.03,2.967,1.986,0.14382928093497402,True,Crítica
2025-12-23 08:30:00,Pump_3,189310003,1.036,2.982,1.983,0.14409960765820148,True,Crítica
2025-12-23 09:00:00,Pump_3,189310003,1.023,2.979,1.996,0.14423870203564768,True,Crítica
2025-12-23 09:30:00,Pump_3,189310003,1.034,2.982,1.999,0.14451108433205664,True,Crítica
2025-12-23 10:00:00,Pump_3,189310003,1.021,2.968,1.983,0.14486844533989143,True,Crítica
2025-12-23 10:30:00,Pump_3,189310003,1.021,2.971,1.987,0.14502810962404628,True,Crítica
2025-12-23 11:00:00,Pump_3,189310003,1.034,2.984,1.999,0.14523654791849697,True,Crítica
2025-12-23 11:30:00,Pump_3,189310003,1.035,2.979,1.986,0.14561979548755105,True,Crítica
2025-12-23 12:00:00,Pump_3,189310003,1.028,2.972,1.998,0.14587783079443495,True,Crítica
2025-12-23 12:30:00,Pump_3,189310003,1.036,2.973,1.989,0.14607573760249498,True,Crítica
2025-12-23 13:00:00,Pump_3,189310003,1.029,2.974,1.984,0.14620697688949175,True,Crítica
2025-12-23 13:30:00,Pump_3,189310003,1.022,2.987,2.002,0.14630217448650779,True,Crítica
2025-12-23 14:00:00,Pump_3,189310003,1.03,2.992,2.003,0.14664278881330853,True,Crítica
2025-12-23 14:30:00,Pump_3,189310003,1.025,2.982,1.984,0.14688263506444593,True,Crítica
2025-12-23 15:00:00,Pump_3,189310003,1.026,2.979,1.998,0.14698664882502047,True,Crítica
2025-12-23 15:30:00,Pump_3,189310003,1.016,2.995,1.99,0.1473191085253852,True,Crítica
2025-12-23 16:00:00,Pump_3,189310003,1.02,2.981,1.989,0.14770252734460992,True,Crítica
2025-12-23 16:30:00,Pump_3,189310003,1.024,2.988,1.998,0.1479080970119276,True,Crítica
2025-12-23 17:00:00,Pump_3,189310003,1.028,2.984,1.994,0.14818089937528145,True,Crítica
2025-12-23 17:30:00,Pump_3,189310003,1.017,2.995,2.004,0.14832199505947993,True,Crítica
2025-12-23 18:00:00,Pump_3,189310003,1.028,2.986,2.004,0.14859645916817088,True,Crítica
2025-12-23 18:30:00,Pump_3,189310003,1.022,2.984,2.0,0.14887777816635095,True,Crítica
2025-12-23 19:00:00,Pump_3,189310003,1.019,2.993,2.007,0.14902183814786285,True,Crítica
2025-12-23 19:30:00,Pump_3,189310003,1.029,2.993,2.539,0.14934464150466542,True,Crítica
2025-12-23 20:00:00,Pump_3,189310003,1.026,2.997,2.001,0.1531383800472374,True,Crítica
2025-12-23 20:30:00,Pump_3,189310003,1.025,3.0,2.003,0.1533021331981588,True,Crítica
2025-12-23 21:00:00,Pump_3,189310003,1.024,2.99,2.006,0.15342202508030875,True,Crítica
2025-12-23 21:30:00,Pump_3,189310003,1.025,3.006,1.991,0.15340397937541528,True,Crítica
2025-12-23 22:00:00,Pump_3,189310003,1.025,3.004,1.998,0.15341028918054528,True,Crítica
2025-12-23 22:30:00,Pump_3,189310003,1.022,3.008,2.006,0.15349785737878088,True,Crítica
2025-12-23 23:00:00,Pump_3,189310003,1.011,3.007,1.998,0.15364216001937092,True,Crítica
2025-12-23 23:30:00,Pump_3,189310003,1.022,3.009,2.005,0.15378816384408583,True,Crítica
2025-12-24 00:00:00,Pump_3,189310003,1.025,3.006,2.009,0.15405249093171416,True,Crítica
2025-12-24 00:30:00,Pump_3,189310003,1.013,3.01,1.995,0.1542485504216882,True,Crítica
2025-12-24 01:00:00,Pump_3,189310003,1.023,3.003,1.996,0.1545651819576941,True,Crítica
2025-12-24 01:30:00,Pump_3,189310003,1.027,3.007,1.992,0.15474563546863576,True,Crítica
2025-12-24 02:00:00,Pump_3,189310003,1.02,3.001,2.012,0.15468169385482117,True,Crítica
2025-12-24 02:30:00,Pump_3,189310003,1.028,3.014,2.012,0.15481434033859612,True,Crítica
2025-12-24 03:00:00,Pump_3,189310003,1.026,3.013,1.999,0.15507091268530188,True,Crítica
2025-12-24 03:30:00,Pump_3,189310003,1.021,3.001,2.006,0.15522986425776616,True,Crítica
2025-12-24 04:00:00,Pump_3,189310003,1.019,3.008,2.006,0.1552789181681759,True,Crítica
2025-12-24 04:30:00,Pump_3,189310003,1.023,3.019,1.997,0.15551770477068566,True,Crítica
2025-12-24 05:00:00,Pump_3,189310003,1.024,3.007,2.013,0.15568120061559762,True,Crítica
2025-12-24 05:30:00,Pump_3,189310003,1.015,3.006,2.01,0.1559742321722658,True,Crítica
2025-12-24 06:00:00,Pump_3,189310003,1.024,3.021,2.01,0.15612146994517578,True,Crítica
2025-12-24 06:30:00,Pump_3,189310003,1.009,3.598,2.008,0.15643796115914238,True,Crítica
2025-12-24 07:00:00,Pump_3,189310003,1.02,3.019,2.015,0.1597843276804037,True,Crítica
2025-12-24 07:30:00,Pump_3,189310003,1.023,3.026,2.013,0.16011847763667342,True,Crítica
2025-12-24 08:00:00,Pump_3,189310003,1.021,3.012,2.001,0.15887795720765854,True,Crítica
2025-12-24 08:30:00,Pump_3,189310003,1.014,3.013,1.999,0.15909820367192984,True,Crítica
2025-12-24 09:00:00,Pump_3,189310003,1.009,3.031,2.014,0.15933587284310002,True,Crítica
2025-12-24 09:30:00,Pump_3,189310003,1.012,3.03,2.012,0.15987164433238485,True,Crítica
2025-12-24 10:00:00,Pump_3,189310003,1.014,3.014,2.014,0.16029320009374237,True,Crítica
2025-12-24 10:30:00,Pump_3,189310003,1.02,3.015,2.014,0.16063779149407623,True,Crítica
2025-12-24 11:00:00,Pump_3,189310003,1.019,3.032,2.014,0.1608713924316458,True,Crítica
2025-12-24 11:30:00,Pump_3,189310003,1.007,3.017,2.0,0.1611484069117014,True,Crítica
2025-12-24 12:00:00,Pump_3,189310003,1.005,3.019,2.018,0.1613994415163094,True,Crítica
2025-12-24 12:30:00,Pump_3,189310003,1.01,3.03,2.005,0.16183143356315832,True,Crítica
2025-12-24 13:00:00,Pump_3,189310003,1.017,3.025,2.014,0.1621117013725988,True,Crítica
2025-12-24 13:30:00,Pump_3,189310003,1.004,3.038,2.021,0.1624944902657147,True,Crítica
2025-12-24 14:00:00,Pump_3,189310003,1.007,3.039,2.019,0.16309690623806475,True,Crítica
2025-12-24 14:30:00,Pump_3,189310003,1.014,3.038,2.005,0.1635945466763655,True,Crítica
2025-12-24 15:00:00,Pump_3,189310003,1.007,3.043,2.019,0.16388298535775928,True,Crítica
2025-12-24 15:30:00,Pump_3,189310003,1.01,3.038,2.015,0.16435882071774552,True,Crítica
2025-12-24 16:00:00,Pump_3,189310003,1.011,3.043,2.019,0.16476418064309892,True,Crítica
2025-12-24 16:30:00,Pump_3,189310003,1.019,3.036,2.008,0.16510947225979705,True,Crítica
2025-12-24 17:00:00,Pump_3,189310003,1.007,3.028,2.004,0.1652176867967814,True,Crítica
2025-12-24 17:30:00,Pump_3,189310003,1.34,3.035,2.022,0.16535451413614075,True,Crítica
2025-12-24 18:00:00,Pump_3,189310003,1.016,3.036,2.005,0.16592364159563128,True,Crítica
2025-12-24 18:30:00,Pump_3,189310003,1.018,3.033,2.013,0.16588824648651862,True,Crítica
2025-12-24 19:00:00,Pump_3,189310003,1.002,3.038,2.023,0.16163024675746332,True,Crítica
2025-12-24 19:30:00,Pump_3,189310003,1.003,3.052,2.02,0.16199945708634497,True,Crítica
2025-12-24 20:00:00,Pump_3,189310003,1.014,3.037,2.012,0.16240564014125752,True,Crítica
2025-12-24 20:30:00,Pump_3,189310003,1.006,3.048,2.011,0.16274060384879713,True,Crítica
2025-12-24 21:00:00,Pump_3,189310003,1.004,3.053,2.011,0.16314673820118164,True,Crítica
2025-12-24 21:30:00,Pump_3,189310003,1.013,3.043,2.016,0.1633909062869351,True,Crítica
2025-12-24 22:00:00,Pump_3,189310003,1.009,3.046,2.018,0.16359932902083318,True,Crítica
2025-12-24 22:30:00,Pump_3,189310003,1.013,3.047,2.018,0.16400366448184794,True,Crítica
2025-12-24 23:00:00,Pump_3,189310003,1.012,3.047,2.024,0.16442174985183974,True,Crítica
2025-12-24 23:30:00,Pump_3,189310003,0.999,3.044,2.011,0.16475255523031107,True,Crítica
2025-12-25 00:00:00,Pump_3,189310003,1.013,3.059,2.019,0.16513650112293968,True,Crítica
2025-12-25 00:30:00,Pump_3,189310003,1.015,3.049,2.028,0.16543534534197868,True,Crítica
2025-12-25 01:00:00,Pump_3,189310003,1.0,3.044,2.023,0.16569324623535742,True,Crítica
2025-12-25 01:30:00,Pump_3,189310003,1.015,3.059,2.013,0.1660358557309307,True,Crítica
2025-12-25 02:00:00,Pump_3,189310003,1.009,3.05,2.026,0.16601924396062223,True,Crítica
2025-12-25 02:30:00,Pump_3,189310003,1.011,3.054,2.013,0.1660679790714844,True,Crítica
2025-12-25 03:00:00,Pump_3,189310003,0.995,3.053,2.018,0.1660980849157832,True,Crítica
2025-12-25 03:30:00,Pump_3,189310003,1.009,3.067,2.019,0.16613358380650306,True,Crítica
2025-12-25 04:00:00,Pump_3,189310003,1.006,3.057,2.018,0.16622972710638317,True,Crítica
2025-12-25 04:30:00,Pump_3,189310003,1.013,3.06,2.027,0.16634216606853375,True,Crítica
2025-12-25 05:00:00,Pump_3,189310003,1.003,3.053,2.026,0.16675483408103753,True,Crítica
2025-12-25 05:30:00,Pump_3,189310003,0.998,3.054,2.023,0.16775452641850125,True,Crítica
2025-12-25 06:00:00,Pump_3,189310003,1.009,3.059,2.032,0.16590019322994554,True,Crítica
2025-12-25 06:30:00,Pump_3,189310003,0.995,3.057,2.02,0.1662342162178359,True,Crítica
2025-12-25 07:00:00,Pump_3,189310003,0.999,3.068,2.026,0.1666000396179078,True,Crítica
2025-12-25 07:30:00,Pump_3,189310003,1.006,3.067,2.024,0.16684517595570725,True,Crítica
2025-12-25 08:00:00,Pump_3,189310003,1.008,3.065,2.024,0.16692400246081057,True,Crítica
2025-12-25 08:30:00,Pump_3,189310003,1.005,3.071,2.018,0.16718874963384164,True,Crítica
2025-12-25 09:00:00,Pump_3,189310003,0.998,3.061,2.032,0.1673307589682637,True,Crítica
2025-12-25 09:30:00,Pump_3,189310003,1.008,3.07,2.025,0.16751811498391256,True,Crítica
2025-12-25 10:00:00,Pump_3,189310003,1.008,3.064,2.021,0.16775125998834417,True,Crítica
2025-12-25 10:30:00,Pump_3,189310003,0.998,3.073,2.019,0.16787140263565903,True,Crítica
2025-12-25 11:00:00,Pump_3,189310003,0.989,3.081,2.029,0.1681245810208695,True,Crítica
2025-12-25 11:30:00,Pump_3,189310003,0.992,3.066,2.021,0.1685317119170924,True,Crítica
2025-12-25 12:00:00,Pump_3,189310003,0.988,3.073,2.019,0.16875282046023654,True,Crítica
2025-12-25 12:30:00,Pump_3,189310003,0.998,3.066,2.023,0.1689934406805105,True,Crítica
2025-12-25 13:00:00,Pump_3,189310003,1.002,3.074,2.013,0.16921354902215238,True,Crítica
2025-12-25 13:30:00,Pump_3,189310003,0.991,3.074,2.03,0.1693206389280194,True,Crítica
2025-12-25 14:00:00,Pump_3,189310003,0.997,3.068,2.023,0.16965380356748427,True,Crítica
2025-12-25 14:30:00,Pump_3,189310003,1.0,3.084,2.027,0.16985049780022551,True,Crítica
2025-12-25 15:00:00,Pump_3,189310003,0.998,3.082,2.017,0.17015726959118666,True,Crítica
2025-12-25 15:30:00,Pump_3,189310003,0.999,3.071,2.023,0.1702830174840976,True,Crítica
2025-12-25 16:00:00,Pump_3,189310003,0.995,3.079,2.026,0.17038140991544912,True,Crítica
2025-12-25 16:30:00,Pump_3,189310003,0.989,3.089,2.015,0.1706318512249111,True,Crítica
2025-12-25 17:00:00,Pump_3,189310003,0.983,3.084,2.021,0.17091094093158077,True,Crítica
2025-12-25 17:30:00,Pump_3,189310003,0.99,3.076,2.021,0.17123752951132643,True,Crítica
2025-12-25 18:00:00,Pump_3,189310003,0.994,3.077,2.021,0.17143324559153605,True,Crítica
2025-12-25 18:30:00,Pump_3,189310003,0.98,3.078,2.009,0.17161289787184028,True,Crítica
2025-12-25 19:00:00,Pump_3,189310003,0.984,3.086,2.013,0.17177863246520367,True,Crítica
2025-12-25 19:30:00,Pump_3,189310003,0.989,3.088,2.016,0.1719102476465672,True,Crítica
2025-12-25 20:00:00,Pump_3,189310003,0.991,3.089,2.022,0.1721001665287284,True,Crítica
2025-12-25 20:30:00,Pump_3,189310003,0.995,3.095,2.021,0.1723539340840821,True,Crítica
2025-12-25 21:00:00,Pump_3,189310003,0.984,3.097,2.025,0.17256298409303364,True,Crítica
2025-12-25 21:30:00,Pump_3,189310003,0.976,3.089,2.019,0.17287543184693696,True,Crítica
2025-12-25 22:00:00,Pump_3,189310003,0.977,3.089,2.01,0.17319796861766748,True,Crítica
2025-12-25 22:30:00,Pump_3,189310003,0.991,3.087,2.016,0.17351295020661897,True,Crítica
2025-12-25 23:00:00,Pump_3,189310003,0.978,3.086,2.018,0.17362611474055775,True,Crítica
2025-12-25 23:30:00,Pump_3,189310003,0.972,3.102,2.022,0.17369610248637046,True,Crítica
2025-12-26 00:00:00,Pump_3,189310003,0.983,3.093,2.008,0.17407047076700258,True,Crítica
2025-12-26 00:30:00,Pump_3,189310003,0.975,3.106,2.019,0.17414752827265348,True,Crítica
2025-12-26 01:00:00,Pump_3,189310003,0.982,3.102,2.004,0.17453021221447654,True,Crítica
2025-12-26 01:30:00,Pump_3,189310003,0.979,3.105,2.006,0.1747469322626725,True,Crítica
2025-12-26 02:00:00,Pump_3,189310003,0.976,3.102,2.019,0.17488833697257652,True,Crítica
2025-12-26 02:30:00,Pump_3,189310003,0.981,3.101,2.015,0.17523222960880766,True,Crítica
2025-12-26 03:00:00,Pump_3,189310003,0.978,3.094,2.012,0.17540330094435186,True,Crítica
2025-12-26 03:30:00,Pump_3,189310003,0.97,3.108,2.008,0.1755835736577075,True,Crítica
2025-12-26 04:00:00,Pump_3,189310003,0.984,3.103,2.012,0.1759388363218594,True,Crítica
2025-12-26 04:30:00,Pump_3,189310003,0.975,3.097,2.015,0.1760969489882997,True,Crítica
2025-12-26 05:00:00,Pump_3,189310003,0.965,3.37,2.002,0.17624586884457,True,Crítica
2025-12-26 05:30:00,Pump_3,189310003,0.966,3.102,2.008,0.17775655900385676,True,Crítica
2025-12-26 06:00:00,Pump_3,189310003,0.976,3.099,2.018,0.1780647449385962,True,Crítica
2025-12-26 06:30:00,Pump_3,189310003,0.967,3.118,2.007,0.1783672106471096,True,Crítica
2025-12-26 07:00:00,Pump_3,189310003,0.971,3.104,2.013,0.17870275617537415,True,Crítica
2025-12-26 07:30:00,Pump_3,189310003,0.962,3.107,2.004,0.1789359979693682,True,Crítica
2025-12-26 08:00:00,Pump_3,189310003,0.973,3.105,2.013,0.17920797927889465,True,Crítica
2025-12-26 08:30:00,Pump_3,189310003,0.972,3.111,2.007,0.17943531448189293,True,Crítica
2025-12-26 09:00:00,Pump_3,189310003,0.963,3.11,2.006,0.17965695798225256,True,Crítica
2025-12-26 09:30:00,Pump_3,189310003,0.971,3.108,2.002,0.1798404971336551,True,Crítica
2025-12-26 10:00:00,Pump_3,189310003,0.971,3.107,2.007,0.1799486560256765,True,Crítica
2025-12-26 10:30:00,Pump_3,189310003,0.962,3.11,2.01,0.1801235974591453,True,Crítica
2025-12-26 11:00:00,Pump_3,189310003,0.958,3.121,2.01,0.1804871216635281,True,Crítica
2025-12-26 11:30:00,Pump_3,189310003,0.974,3.113,2.0,0.18084610483296493,True,Crítica
2025-12-26 12:00:00,Pump_3,189310003,0.962,3.118,2.01,0.18080615555758164,True,Crítica
2025-12-26 12:30:00,Pump_3,189310003,0.97,3.114,2.007,0.18113341197964988,True,Crítica
2025-12-26 13:00:00,Pump_3,189310003,0.97,3.111,2.008,0.181173665749069,True,Crítica
2025-12-26 13:30:00,Pump_3,189310003,0.961,3.128,2.011,0.18133235834717495,True,Crítica
2025-12-26 14:00:00,Pump_3,189310003,0.968,3.114,2.004,0.1816176708785007,True,Crítica
2025-12-26 14:30:00,Pump_3,189310003,0.963,3.12,2.007,0.1816764777152352,True,Crítica
2025-12-26 15:00:00,Pump_3,189310003,0.964,3.116,2.0,0.18187035147777625,True,Crítica
2025-12-26 15:30:00,Pump_3,189310003,0.958,3.116,2.014,0.18201814471088473,True,Crítica
2025-12-26 16:00:00,Pump_3,189310003,0.959,3.123,2.009,0.1821647600890489,True,Crítica
2025-12-26 16:30:00,Pump_3,189310003,0.968,3.12,2.001,0.1824010773386408,True,Crítica
2025-12-26 17:00:00,Pump_3,189310003,0.959,3.119,1.995,0.1824578320305701,True,Crítica
2025-12-26 17:30:00,Pump_3,189310003,0.95,3.123,2.002,0.1807400417776393,True,Crítica
2025-12-26 18:00:00,Pump_3,189310003,0.948,3.137,1.999,0.18095706811179882,True,Crítica
2025-12-26 18:30:00,Pump_3,189310003,0.966,3.123,2.012,0.18128815261019918,True,Crítica
2025-12-26 19:00:00,Pump_3,189310003,0.966,3.124,1.999,0.1813532281970708,True,Crítica
2025-12-26 19:30:00,Pump_3,189310003,0.962,3.131,1.999,0.18143428020006924,True,Crítica
2025-12-26 20:00:00,Pump_3,189310003,0.956,3.131,1.994,0.18153781785201195,True,Crítica
2025-12-26 20:30:00,Pump_3,189310003,0.957,3.142,1.993,0.1817074856667712,True,Crítica
2025-12-26 21:00:00,Pump_3,189310003,0.955,3.139,2.004,0.18189945900979673,True,Crítica
2025-12-26 21:30:00,Pump_3,189310003,0.95,3.126,1.998,0.18211949350356066,True,Crítica
2025-12-26 22:00:00,Pump_3,189310003,0.947,3.128,2.006,0.18235541385621584,True,Crítica
2025-12-26 22:30:00,Pump_3,189310003,0.943,3.13,2.001,0.18266556335551362,True,Crítica
2025-12-26 23:00:00,Pump_3,189310003,0.952,3.132,2.008,0.18289024394128858,True,Crítica
2025-12-26 23:30:00,Pump_3,189310003,0.944,3.148,1.998,0.1829993063281016,True,Crítica
2025-12-27 00:00:00,Pump_3,189310003,0.95,3.14,2.003,0.18338318336665627,True,Crítica
2025-12-27 00:30:00,Pump_3,189310003,0.941,3.143,2.008,0.18356524210752356,True,Crítica
2025-12-27 01:00:00,Pump_3,189310003,0.946,3.146,2.006,0.18395663980153254,True,Crítica
2025-12-27 01:30:00,Pump_3,189310003,0.948,3.145,2.005,0.18432696795789416,True,Crítica
2025-12-27 02:00:00,Pump_3,189310003,0.952,3.15,1.997,0.1844877799398896,True,Crítica
2025-12-27 02:30:00,Pump_3,189310003,0.941,3.145,2.006,0.18475671533775,True,Crítica
2025-12-27 03:00:00,Pump_3,189310003,0.944,3.148,1.995,0.18506289063852785,True,Crítica
2025-12-27 03:30:00,Pump_3,189310003,0.937,3.143,2.001,0.18534890183783656,True,Crítica
2025-12-27 04:00:00,Pump_3,189310003,0.935,3.151,1.995,0.18560600341712402,True,Crítica
2025-12-27 04:30:00,Pump_3,189310003,0.942,3.155,2.005,0.18585661904271641,True,Crítica
2025-12-27 05:00:00,Pump_3,189310003,0.952,3.146,1.995,0.18624986969792282,True,Crítica
2025-12-27 05:30:00,Pump_3,189310003,0.952,3.147,2.0,0.1864262883886964,True,Crítica
2025-12-27 06:00:00,Pump_3,189310003,0.946,3.161,1.988,0.1865263917161144,True,Crítica
2025-12-27 06:30:00,Pump_3,189310003,0.937,3.159,1.992,0.18657359984647118,True,Crítica
2025-12-27 07:00:00,Pump_3,189310003,0.949,3.156,1.998,0.1868672951784452,True,Crítica
2025-12-27 07:30:00,Pump_3,189310003,0.945,3.164,1.992,0.18714491101734332,True,Crítica
2025-12-27 08:00:00,Pump_3,189310003,0.94,3.156,1.99,0.1873901785447632,True,Crítica
2025-12-27 08:30:00,Pump_3,189310003,0.931,3.154,1.992,0.1876106549409162,True,Crítica
2025-12-27 09:00:00,Pump_3,189310003,0.948,3.15,1.991,0.1878533947679847,True,Crítica
2025-12-27 09:30:00,Pump_3,189310003,0.944,3.157,1.992,0.1879058690581355,True,Crítica
2025-12-27 10:00:00,Pump_3,189310003,0.94,3.153,1.993,0.18811156760209158,True,Crítica
2025-12-27 10:30:00,Pump_3,189310003,0.941,3.148,1.999,0.18827031185771612,True,Crítica
2025-12-27 11:00:00,Pump_3,189310003,0.938,3.157,2.002,0.1884164160412452,True,Crítica
2025-12-27 11:30:00,Pump_3,189310003,0.937,3.156,1.994,0.18866495860363705,True,Crítica
2025-12-27 12:00:00,Pump_3,189310003,0.932,3.147,2.001,0.18875197455466847,True,Crítica
2025-12-27 12:30:00,Pump_3,189310003,0.938,3.149,1.985,0.1889484784790137,True,Crítica
2025-12-27 13:00:00,Pump_3,189310003,0.942,3.153,2.001,0.18890128936678843,True,Crítica
2025-12-27 13:30:00,Pump_3,189310003,0.943,3.157,1.994,0.1889691253686589,True,Crítica
2025-12-27 14:00:00,Pump_3,189310003,0.937,3.158,1.986,0.1890247787423539,True,Crítica
2025-12-27 14:30:00,Pump_3,189310003,0.938,3.152,1.992,0.1891090642888384,True,Crítica
2025-12-27 15:00:00,Pump_3,189310003,0.931,3.146,2.004,0.18911677361416196,True,Crítica
2025-12-27 15:30:00,Pump_3,189310003,0.923,3.159,2.002,0.18927149672957677,True,Crítica
2025-12-27 16:00:00,Pump_3,189310003,0.926,3.148,1.988,0.1894938265454434,True,Crítica
2025-12-27 16:30:00,Pump_3,189310003,0.934,3.145,1.989,0.18949940781806246,True,Crítica
2025-12-27 17:00:00,Pump_3,189310003,0.934,3.149,2.004,0.1894063175308517,True,Crítica
2025-12-27 17:30:00,Pump_3,189310003,0.932,3.155,1.994,0.18959371613046203,True,Crítica
2025-12-27 18:00:00,Pump_3,189310003,0.94,3.157,1.999,0.18972950300073366,True,Crítica
2025-12-27 18:30:00,Pump_3,189310003,0.931,3.156,1.989,0.18977047220172583,True,Crítica
2025-12-27 19:00:00,Pump_3,189310003,0.921,3.147,1.992,0.18974740660802963,True,Crítica
2025-12-27 19:30:00,Pump_3,189310003,0.926,3.15,1.99,0.1898471517239404,True,Crítica
2025-12-27 20:00:00,Pump_3,189310003,0.921,3.141,1.994,0.18986020636596798,True,Crítica
2025-12-27 20:30:00,Pump_3,189310003,0.921,3.14,1.99,0.18992013174282069,True,Crítica
2025-12-27 21:00:00,Pump_3,189310003,0.926,3.151,1.999,0.18989016093551947,True,Crítica
2025-12-27 21:30:00,Pump_3,189310003,0.921,3.155,2.003,0.1900731093862112,True,Crítica
2025-12-27 22:00:00,Pump_3,189310003,0.926,3.138,2.003,0.19026694932625593,True,Crítica
2025-12-27 22:30:00,Pump_3,189310003,0.919,3.144,2.004,0.19032936674253356,True,Crítica
2025-12-27 23:00:00,Pump_3,189310003,0.925,3.156,1.99,0.19049050391878297,True,Crítica
2025-12-27 23:30:00,Pump_3,189310003,0.923,3.146,1.99,0.19047934979486675,True,Crítica
2025-12-28 00:00:00,Pump_3,189310003,0.929,3.153,1.988,0.1904672648994312,True,Crítica
2025-12-28 00:30:00,Pump_3,189310003,0.936,3.147,1.994,0.1904219614981761,True,Crítica
2025-12-28 01:00:00,Pump_3,189310003,0.933,3.14,1.993,0.19042570742558673,True,Crítica
2025-12-28 01:30:00,Pump_3,189310003,0.922,3.142,1.994,0.19034370414858812,True,Crítica
2025-12-28 02:00:00,Pump_3,189310003,0.916,3.148,2.333,0.19037771937713177,True,Crítica
2025-12-28 02:30:00,Pump_3,189310003,0.935,3.135,1.997,0.19270352550664563,True,Crítica
2025-12-28 03:00:00,Pump_3,189310003,0.928,3.139,1.995,0.1925676417060583,True,Crítica
2025-12-28 03:30:00,Pump_3,189310003,0.921,3.133,2.002,0.19242871893736668,True,Crítica
2025-12-28 04:00:00,Pump_3,189310003,0.924,3.138,1.987,0.1922338680633621,True,Crítica
2025-12-28 04:30:00,Pump_3,189310003,0.92,3.149,2.003,0.19208827812275586,True,Crítica
2025-12-28 05:00:00,Pump_3,189310003,0.921,3.133,2.003,0.19220287641987685,True,Crítica
2025-12-28 05:30:00,Pump_3,189310003,0.917,3.135,2.004,0.19213976013659012,True,Crítica
2025-12-28 06:00:00,Pump_3,189310003,0.932,3.135,1.999,0.19211544231292302,True,Crítica
2025-12-28 06:30:00,Pump_3,189310003,0.916,3.144,2.004,0.19196130485883942,True,Crítica
2025-12-28 07:00:00,Pump_3,189310003,0.932,3.139,1.993,0.192005508374981,True,Crítica
2025-12-28 07:30:00,Pump_3,189310003,0.919,3.135,1.99,0.19180812947650747,True,Crítica
2025-12-28 08:00:00,Pump_3,189310003,0.929,3.136,1.999,0.19169847488023925,True,Crítica
2025-12-28 08:30:00,Pump_3,189310003,0.923,3.143,2.0,0.1915861412490609,True,Crítica
2025-12-28 09:00:00,Pump_3,189310003,0.916,3.131,2.001,0.19158747575219578,True,Crítica
2025-12-28 09:30:00,Pump_3,189310003,0.919,3.14,1.994,0.19151938632649498,True,Crítica
2025-12-28 10:00:00,Pump_3,189310003,0.927,3.139,1.995,0.19135629429440046,True,Crítica
2025-12-28 10:30:00,Pump_3,189310003,0.912,3.139,1.997,0.19127735208880833,True,Crítica
2025-12-28 11:00:00,Pump_3,189310003,0.927,3.139,1.988,0.191243392579436,True,Crítica
2025-12-28 11:30:00,Pump_3,189310003,0.925,3.144,1.991,0.19106029371404734,True,Crítica
2025-12-28 12:00:00,Pump_3,189310003,0.921,3.128,1.991,0.19099946532875867,True,Crítica
2025-12-28 12:30:00,Pump_3,189310003,0.928,3.125,1.998,0.1909076692101368,True,Crítica
2025-12-28 13:00:00,Pump_3,189310003,0.916,3.138,1.997,0.19086895014469102,True,Crítica
2025-12-28 13:30:00,Pump_3,189310003,0.927,3.424,1.993,0.19102794946826032,True,Crítica
2025-12-28 14:00:00,Pump_3,189310003,0.92,3.125,2.007,0.1924429107186589,True,Crítica
2025-12-28 14:30:00,Pump_3,189310003,0.927,3.129,1.996,0.19098493872268685,True,Crítica
2025-12-28 15:00:00,Pump_3,189310003,0.917,3.125,1.995,0.19102877330718926,True,Crítica
2025-12-28 15:30:00,Pump_3,189310003,0.906,3.137,1.991,0.19106375131322356,True,Crítica
2025-12-28 16:00:00,Pump_3,189310003,0.91,3.133,1.995,0.19118029608321546,True,Crítica
2025-12-28 16:30:00,Pump_3,189310003,0.917,3.14,1.99,0.1913256581513888,True,Crítica
2025-12-28 17:00:00,Pump_3,189310003,0.91,3.134,2.007,0.19125492924185417,True,Crítica
2025-12-28 17:30:00,Pump_3,189310003,0.919,3.129,1.994,0.1914274956550062,True,Crítica
2025-12-28 18:00:00,Pump_3,189310003,0.924,3.122,1.994,0.19136873732109877,True,Crítica
2025-12-28 18:30:00,Pump_3,189310003,0.908,3.137,2.005,0.19135355841888652,True,Crítica
2025-12-28 19:00:00,Pump_3,189310003,0.906,3.127,1.997,0.19142305752730315,True,Crítica
2025-12-28 19:30:00,Pump_3,189310003,0.904,3.132,1.991,0.19158661854784834,True,Crítica
2025-12-28 20:00:00,Pump_3,189310003,0.917,3.127,1.989,0.1916990924656004,True,Crítica
2025-12-28 20:30:00,Pump_3,189310003,0.909,3.119,2.006,0.19168747258099236,True,Crítica
2025-12-28 21:00:00,Pump_3,189310003,0.911,3.126,1.991,0.19171653644969525,True,Crítica
2025-12-28 21:30:00,Pump_3,189310003,0.915,3.132,2.005,0.1916787368757662,True,Crítica
2025-12-28 22:00:00,Pump_3,189310003,0.906,3.131,2.002,0.19171525891070612,True,Crítica
2025-12-28 22:30:00,Pump_3,189310003,0.912,3.131,1.995,0.19184211434533274,True,Crítica
2025-12-28 23:00:00,Pump_3,189310003,0.92,3.119,2.005,0.19175673425293363,True,Crítica
2025-12-28 23:30:00,Pump_3,189310003,0.903,3.126,2.002,0.19174092972612009,True,Crítica
2025-12-29 00:00:00,Pump_3,189310003,0.905,3.129,2.003,0.1918063764447328,True,Crítica
2025-12-29 00:30:00,Pump_3,189310003,0.918,3.117,1.989,0.19194036443434415,True,Crítica
2025-12-29 01:00:00,Pump_3,189310003,1.4,3.123,2.007,0.1918412261127578,True,Crítica
2025-12-29 01:30:00,Pump_3,189310003,0.914,3.131,2.0,0.19220923949190094,True,Crítica
2025-12-29 02:00:00,Pump_3,189310003,0.906,3.133,2.006,0.19051136366120736,True,Crítica
2025-12-29 02:30:00,Pump_3,189310003,0.908,3.117,1.989,0.19069410962007724,True,Crítica
2025-12-29 03:00:00,Pump_3,189310003,0.915,3.644,2.006,0.1907578866973232,True,Crítica
2025-12-29 03:30:00,Pump_3,189310003,0.913,3.117,1.992,0.19350451230136123,True,Crítica
2025-12-29 04:00:00,Pump_3,189310003,0.899,3.124,2.005,0.19345874624373166,True,Crítica
2025-12-29 04:30:00,Pump_3,189310003,0.91,3.116,1.996,0.19369069126800353,True,Crítica
2025-12-29 05:00:00,Pump_3,189310003,0.913,3.116,2.005,0.19377724781622307,True,Crítica
2025-12-29 05:30:00,Pump_3,189310003,0.903,3.128,1.999,0.19382138641660507,True,Crítica
2025-12-29 06:00:00,Pump_3,189310003,0.911,3.113,2.002,0.19412215243653141,True,Crítica
2025-12-29 06:30:00,Pump_3,189310003,0.912,3.111,1.992,0.1943860869105396,True,Crítica
2025-12-29 07:00:00,Pump_3,189310003,0.904,3.114,1.993,0.19430953083104793,True,Crítica
2025-12-29 07:30:00,Pump_3,189310003,0.905,3.123,1.992,0.19439089484238015,True,Crítica
2025-12-29 08:00:00,Pump_3,189310003,0.9,3.115,2.008,0.19446991841382452,True,Crítica
2025-12-29 08:30:00,Pump_3,189310003,0.905,3.12,2.007,0.19476231118301118,True,Crítica
2025-12-29 09:00:00,Pump_3,189310003,0.899,3.126,1.992,0.19491932949494542,True,Crítica
2025-12-29 09:30:00,Pump_3,189310003,0.901,3.122,1.995,0.19505699589222691,True,Crítica
2025-12-29 10:00:00,Pump_3,189310003,0.902,3.119,2.004,0.19506891542840066,True,Crítica
2025-12-29 10:30:00,Pump_3,189310003,0.906,3.109,1.997,0.19503950513223461,True,Crítica
2025-12-29 11:00:00,Pump_3,189310003,0.902,3.122,2.001,0.19492958028323312,True,Crítica
2025-12-29 11:30:00,Pump_3,189310003,0.9,3.107,2.008,0.19503909864985333,True,Crítica
2025-12-29 12:00:00,Pump_3,189310003,0.908,3.109,1.998,0.1950713430821274,True,Crítica
2025-12-29 12:30:00,Pump_3,189310003,0.91,3.123,2.005,0.1951072317041312,True,Crítica
2025-12-29 13:00:00,Pump_3,189310003,1.323,3.119,1.998,0.1961366016924354,True,Crítica
2025-12-29 13:30:00,Pump_3,189310003,0.904,3.123,2.013,0.19313208516055097,True,Crítica
2025-12-29 14:00:00,Pump_3,189310003,0.897,3.12,2.007,0.19318538952412606,True,Crítica
2025-12-29 14:30:00,Pump_3,189310003,0.904,3.114,2.005,0.19314416238589738,True,Crítica
2025-12-29 15:00:00,Pump_3,189310003,0.908,3.119,2.013,0.1931900262152715,True,Crítica
2025-12-29 15:30:00,Pump_3,189310003,0.914,3.114,2.007,0.19020960707184628,True,Crítica
2025-12-29 16:00:00,Pump_3,189310003,0.898,3.124,2.011,0.19028973465529533,True,Crítica
2025-12-29 16:30:00,Pump_3,189310003,0.904,3.118,2.011,0.19036245421311979,True,Crítica
2025-12-29 17:00:00,Pump_3,189310003,0.915,3.116,2.008,0.1905436791362405,True,Crítica
2025-12-29 17:30:00,Pump_3,189310003,0.896,3.111,2.002,0.1905945694783748,True,Crítica
2025-12-29 18:00:00,Pump_3,189310003,0.908,3.119,2.018,0.19065445158308506,True,Crítica
2025-12-29 18:30:00,Pump_3,189310003,0.897,3.124,2.013,0.19090226201241497,True,Crítica
2025-12-29 19:00:00,Pump_3,189310003,0.907,3.121,2.009,0.1912902856171605,True,Crítica
2025-12-29 19:30:00,Pump_3,189310003,0.905,3.124,2.008,0.1914722156651266,True,Crítica
2025-12-29 20:00:00,Pump_3,189310003,0.91,3.123,2.005,0.19162324898865968,True,Crítica
2025-12-29 20:30:00,Pump_3,189310003,0.914,3.12,2.019,0.19163520000755846,True,Crítica
2025-12-29 21:00:00,Pump_3,189310003,0.916,3.123,2.006,0.19167730757027815,True,Crítica
2025-12-29 21:30:00,Pump_3,189310003,0.912,3.108,2.019,0.19159244071576648,True,Crítica
2025-12-29 22:00:00,Pump_3,189310003,0.908,3.111,2.016,0.19154497456842356,True,Crítica
2025-12-29 22:30:00,Pump_3,189310003,0.905,3.112,2.008,0.19147699912000574,True,Crítica
2025-12-29 23:00:00,Pump_3,189310003,0.91,3.123,2.018,0.191485110288035,True,Crítica
2025-12-29 23:30:00,Pump_3,189310003,0.913,3.125,2.019,0.19146084602073118,True,Crítica
2025-12-30 00:00:00,Pump_3,189310003,0.907,3.11,2.007,0.1915621288915618,True,Crítica
2025-12-30 00:30:00,Pump_3,189310003,0.903,3.114,2.016,0.19185792253662165,True,Crítica
2025-12-30 01:00:00,Pump_3,189310003,0.907,3.116,2.009,0.1928421942981401,True,Crítica
2025-12-30 01:30:00,Pump_3,189310003,0.908,3.121,2.019,0.19131291234689243,True,Crítica
2025-12-30 02:00:00,Pump_3,189310003,0.914,3.12,2.01,0.19130923765295635,True,Crítica
2025-12-30 02:30:00,Pump_3,189310003,0.913,3.118,2.027,0.19118828035017899,True,Crítica
2025-12-30 03:00:00,Pump_3,189310003,0.902,3.109,2.03,0.19127598093404893,True,Crítica
2025-12-30 03:30:00,Pump_3,189310003,0.905,3.11,2.018,0.1913838469306972,True,Crítica
2025-12-30 04:00:00,Pump_3,189310003,0.919,3.121,2.028,0.1914971881748486,True,Crítica
2025-12-30 04:30:00,Pump_3,189310003,0.91,3.107,2.018,0.1914171084350943,True,Crítica
2025-12-30 05:00:00,Pump_3,189310003,0.918,3.116,2.016,0.19135100459039758,True,Crítica
2025-12-30 05:30:00,Pump_3,189310003,0.911,3.122,2.033,0.19136160096277602,True,Crítica
2025-12-30 06:00:00,Pump_3,189310003,0.906,3.123,2.027,0.191484823087519,True,Crítica
2025-12-30 06:30:00,Pump_3,189310003,0.917,3.125,2.023,0.19157000840921518,True,Crítica
2025-12-30 07:00:00,Pump_3,189310003,0.905,3.116,2.018,0.19146337627043075,True,Crítica
2025-12-30 07:30:00,Pump_3,189310003,0.909,3.121,2.029,0.19148941516521537,True,Crítica
2025-12-30 08:00:00,Pump_3,189310003,0.915,3.116,2.036,0.19155461974627183,True,Crítica
2025-12-30 08:30:00,Pump_3,189310003,0.903,3.121,2.028,0.19165386895468567,True,Crítica
2025-12-30 09:00:00,Pump_3,189310003,0.909,3.117,2.035,0.19179204943277728,True,Crítica
2025-12-30 09:30:00,Pump_3,189310003,0.908,3.114,2.033,0.19197819500816327,True,Crítica
2025-12-30 10:00:00,Pump_3,189310003,0.908,3.113,2.037,0.19212745188462405,True,Crítica
2025-12-30 10:30:00,Pump_3,189310003,0.915,3.113,2.024,0.19226414395560784,True,Crítica
2025-12-30 11:00:00,Pump_3,189310003,0.906,3.113,2.029,0.19227105269388345,True,Crítica
2025-12-30 11:30:00,Pump_3,189310003,0.906,3.123,2.038,0.19230471839857094,True,Crítica
2025-12-30 12:00:00,Pump_3,189310003,0.913,3.121,2.03,0.19245265805913286,True,Crítica
2025-12-30 12:30:00,Pump_3,189310003,0.907,3.11,2.034,0.19258445291498727,True,Crítica
2025-12-30 13:00:00,Pump_3,189310003,0.912,3.114,2.029,0.19263352369880907,True,Crítica
2025-12-30 13:30:00,Pump_3,189310003,0.919,3.122,2.026,0.19268440624609615,True,Crítica
2025-12-30 14:00:00,Pump_3,189310003,0.914,3.12,2.038,0.19262441614398335,True,Crítica
2025-12-30 14:30:00,Pump_3,189310003,0.912,3.111,2.032,0.19277531707019296,True,Crítica
2025-12-30 15:00:00,Pump_3,189310003,0.913,3.106,2.046,0.19276997888507053,True,Crítica
2025-12-30 15:30:00,Pump_3,189310003,0.91,3.115,2.036,0.19277255980478666,True,Crítica
2025-12-30 16:00:00,Pump_3,189310003,0.916,3.112,2.042,0.19285534432044912,True,Crítica
2025-12-30 16:30:00,Pump_3,189310003,0.908,3.11,2.036,0.1929056561185446,True,Crítica
2025-12-30 17:00:00,Pump_3,189310003,0.908,3.123,2.032,0.19303339523314694,True,Crítica
2025-12-30 17:30:00,Pump_3,189310003,0.925,3.113,2.042,0.19322072874868854,True,Crítica
2025-12-30 18:00:00,Pump_3,189310003,0.912,3.106,2.045,0.19311137872779535,True,Crítica
2025-12-30 18:30:00,Pump_3,189310003,0.92,3.109,2.045,0.19307780437014582,True,Crítica
2025-12-30 19:00:00,Pump_3,189310003,1.146,3.111,2.044,0.19308853523073058,True,Crítica
2025-12-30 19:30:00,Pump_3,189310003,0.927,3.107,2.039,0.19187624809417503,True,Crítica
2025-12-30 20:00:00,Pump_3,189310003,0.923,3.116,2.046,0.19170174849114724,True,Crítica
2025-12-30 20:30:00,Pump_3,189310003,0.922,3.12,2.047,0.1916882054276018,True,Crítica
2025-12-30 21:00:00,Pump_3,189310003,0.91,3.118,2.043,0.1916364789036146,True,Crítica
2025-12-30 21:30:00,Pump_3,189310003,0.915,3.117,2.04,0.1916799832483901,True,Crítica
2025-12-30 22:00:00,Pump_3,189310003,0.917,3.114,2.042,0.19168414388630806,True,Crítica
2025-12-30 22:30:00,Pump_3,189310003,0.924,3.107,2.051,0.19165926958033427,True,Crítica
2025-12-30 23:00:00,Pump_3,189310003,0.915,3.115,2.041,0.19173375823525785,True,Crítica
2025-12-30 23:30:00,Pump_3,189310003,0.916,3.124,2.043,0.19175942264095705,True,Crítica
2025-12-31 00:00:00,Pump_3,189310003,0.924,3.119,2.046,0.1917336011452019,True,Crítica
2025-12-31 00:30:00,Pump_3,189310003,0.929,3.115,2.049,0.19175176591925727,True,Crítica
2025-12-31 01:00:00,Pump_3,189310003,0.925,3.124,2.057,0.19172480077765527,True,Crítica
2025-12-31 01:30:00,Pump_3,189310003,0.915,3.108,2.047,0.19186887240796868,True,Crítica
2025-12-31 02:00:00,Pump_3,189310003,0.916,3.119,2.043,0.19197070322598156,True,Crítica
2025-12-31 02:30:00,Pump_3,189310003,0.93,3.107,2.048,0.19199647327899683,True,Crítica
2025-12-31 03:00:00,Pump_3,189310003,0.919,3.113,2.056,0.19194605214727187,True,Crítica
2025-12-31 03:30:00,Pump_3,189310003,0.916,3.123,2.059,0.19201445925636784,True,Crítica
2025-12-31 04:00:00,Pump_3,189310003,0.922,3.108,2.057,0.1921411736464832,True,Crítica
2025-12-31 04:30:00,Pump_3,189310003,0.921,3.108,2.051,0.19215047021552933,True,Crítica
2025-12-31 05:00:00,Pump_3,189310003,0.915,3.106,2.06,0.19210309076667198,True,Crítica
2025-12-31 05:30:00,Pump_3,189310003,0.918,3.121,2.061,0.19212546546420636,True,Crítica
2025-12-31 06:00:00,Pump_3,189310003,0.921,3.106,2.047,0.19242765462488778,True,Crítica
2025-12-31 06:30:00,Pump_3,189310003,0.926,3.123,2.061,0.19260210737843486,True,Crítica
2025-12-31 07:00:00,Pump_3,189310003,0.918,3.117,2.061,0.1935905041309338,True,Crítica
2025-12-31 07:30:00,Pump_3,189310003,0.925,3.106,2.053,0.19350740538897526,True,Crítica
2025-12-31 08:00:00,Pump_3,189310003,0.929,3.123,2.049,0.1935883810107419,True,Crítica
2025-12-31 08:30:00,Pump_3,189310003,0.915,3.12,2.066,0.1935748176154107,True,Crítica
2025-12-31 09:00:00,Pump_3,189310003,0.924,3.106,2.064,0.193735238928514,True,Crítica
2025-12-31 09:30:00,Pump_3,189310003,0.917,3.115,2.061,0.19368036112721412,True,Crítica
2025-12-31 10:00:00,Pump_3,189310003,0.92,3.121,2.069,0.19376314535285294,True,Crítica
2025-12-31 10:30:00,Pump_3,189310003,0.924,3.107,2.071,0.19392588336651215,True,Crítica
2025-12-31 11:00:00,Pump_3,189310003,0.933,3.113,2.053,0.19404386142705363,True,Crítica
2025-12-31 11:30:00,Pump_3,189310003,0.924,3.108,2.065,0.19393612222246373,True,Crítica
2025-12-31 12:00:00,Pump_3,189310003,0.92,3.112,2.064,0.19390181652977162,True,Crítica
2025-12-31 12:30:00,Pump_3,189310003,0.93,3.119,2.067,0.1939866938423485,True,Crítica
2025-12-31 13:00:00,Pump_3,189310003,0.922,3.106,2.065,0.1940922278797349,True,Crítica
2025-12-31 13:30:00,Pump_3,189310003,0.919,3.125,2.063,0.19405979592309439,True,Crítica
2025-12-31 14:00:00,Pump_3,189310003,0.929,3.12,2.07,0.19419887519033874,True,Crítica
2025-12-31 14:30:00,Pump_3,189310003,0.917,3.115,2.073,0.19424768210138085,True,Crítica
2025-12-31 15:00:00,Pump_3,189310003,0.925,3.122,2.059,0.19453668093564572,True,Crítica
2025-12-31 15:30:00,Pump_3,189310003,0.931,3.118,2.066,0.19454239163883338,True,Crítica
2025-12-31 16:00:00,Pump_3,189310003,0.93,3.123,2.061,0.19443185376638247,True,Crítica
2025-12-31 16:30:00,Pump_3,189310003,0.935,3.118,2.073,0.19446199748684906,True,Crítica
2025-12-31 17:00:00,Pump_3,189310003,0.927,3.112,2.061,0.19453160405387265,True,Crítica
2025-12-31 17:30:00,Pump_3,189310003,0.925,3.127,2.073,0.19447195298963435,True,Crítica
2025-12-31 18:00:00,Pump_3,189310003,0.918,3.121,2.069,0.1945140682745698,True,Crítica
2025-12-31 18:30:00,Pump_3,189310003,0.936,3.121,2.077,0.1947393113993462,True,Crítica
2025-12-31 19:00:00,Pump_3,189310003,0.932,3.129,2.075,0.19474272664554984,True,Crítica
2025-12-31 19:30:00,Pump_3,189310003,0.921,3.122,2.066,0.19477678429160183,True,Crítica
2025-12-31 20:00:00,Pump_3,189310003,0.927,3.117,2.067,0.1949630218937241,True,Crítica
2025-12-31 20:30:00,Pump_3,189310003,0.919,3.119,2.074,0.19504147335522917,True,Crítica
2025-12-31 21:00:00,Pump_3,189310003,0.928,3.125,2.063,0.19506211200702822,True,Crítica
2025-12-31 21:30:00,Pump_3,189310003,0.934,3.117,2.073,0.195126200282379,True,Crítica
2025-12-31 22:00:00,Pump_3,189310003,0.918,3.13,2.079,0.1950808487874135,True,Crítica
2025-12-31 22:30:00,Pump_3,189310003,0.92,3.13,2.071,0.19521255120042705,True,Crítica
2025-12-31 23:00:00,Pump_3,189310003,0.932,3.124,2.067,0.1953738256228136,True,Crítica
2025-12-31 23:30:00,Pump_3,189310003,0.923,3.137,2.07,0.1955129797832675,True,Crítica
